course_rating,slope,bogey_rating,par,handicap,total_yards,expected_score_diff
73.2,126,96.5,72,0.0,7002,1.2000000000000000
73.2,126,96.5,72,7.0,7002,9.005309734513280
73.2,126,96.5,72,18.0,7002,21.270796460177000
73.2,126,96.5,72,32.0,7002,36.88141592920350
71.9,123,94.7,72,0.0,6718,-0.09999999999999430
71.9,123,94.7,72,7.0,6718,7.519469026548680
71.9,123,94.7,72,18.0,6718,19.4929203539823
71.9,123,94.7,72,32.0,6718,34.73185840707960
70.3,119,92.3,72,0.0,6382,-1.7000000000000000
70.3,119,92.3,72,7.0,6382,5.6716814159292
70.3,119,92.3,72,18.0,6382,17.255752212389400
70.3,119,92.3,72,32.0,6382,31.999115044247800
68.3,114,89.5,72,0.0,5956,-3.700000000000000
68.3,114,89.5,72,7.0,5956,3.3619469026548600
68.3,114,89.5,72,18.0,5956,14.45929203539820
68.3,114,89.5,72,32.0,5956,28.583185840708000
65.1,106,84.8,72,0.0,5276,-6.900000000000010
65.1,106,84.8,72,7.0,5276,-0.3336283185840760
65.1,106,84.8,72,18.0,5276,9.984955752212390
65.1,106,84.8,72,32.0,5276,23.117699115044200
78.6,135,110.5,74,0.0,6718,4.599999999999990
78.6,135,110.5,74,7.0,6718,12.962831858407100
78.6,135,110.5,74,18.0,6718,26.104424778761100
78.6,135,110.5,74,32.0,6718,42.83008849557520
76.7,132,107.7,74,0.0,6382,2.700000000000000
76.7,132,107.7,74,7.0,6382,10.876991150442500
76.7,132,107.7,74,18.0,6382,23.726548672566400
76.7,132,107.7,74,32.0,6382,40.08053097345130
74.1,128,104.2,73,0.0,5956,1.0999999999999900
74.1,128,104.2,73,7.0,5956,9.029203539823000
74.1,128,104.2,73,18.0,5956,21.48938053097350
74.1,128,104.2,73,32.0,5956,37.34778761061950
70.1,121,98.6,72,0.0,5276,-1.9000000000000100
70.1,121,98.6,72,7.0,5276,5.595575221238930
70.1,121,98.6,72,18.0,5276,17.37433628318580
70.1,121,98.6,72,32.0,5276,32.365486725663700
70.8,131,95.2,72,0.0,6650,-1.2000000000000000
70.8,131,95.2,72,7.0,6650,6.9150442477876100
70.8,131,95.2,72,18.0,6650,19.667256637168100
70.8,131,95.2,72,32.0,6650,35.89734513274340
66.9,122,89.5,72,0.0,5850,-5.099999999999990
66.9,122,89.5,72,7.0,5850,2.45752212389381
66.9,122,89.5,72,18.0,5850,14.333628318584100
66.9,122,89.5,72,32.0,5850,29.448672566371700
73.3,128,103.5,72,0.0,5850,1.3000000000000000
73.3,128,103.5,72,7.0,5850,9.229203539823000
73.3,128,103.5,72,18.0,5850,21.68938053097350
73.3,128,103.5,72,32.0,5850,37.547787610619500
69.9,129,93.7,69,0.0,6053,0.9000000000000060
69.9,129,93.7,69,7.0,6053,8.89115044247788
69.9,129,93.7,69,18.0,6053,21.448672566371700
69.9,129,93.7,69,32.0,6053,37.430973451327400
67.7,124,90.6,68,0.0,5596,-0.29999999999999700
67.7,124,90.6,68,7.0,5596,7.381415929203540
67.7,124,90.6,68,18.0,5596,19.452212389380500
67.7,124,90.6,68,32.0,5596,34.81504424778760
63.7,111,84.3,66,0.0,4689,-2.300000000000000
63.7,111,84.3,66,7.0,4689,4.576106194690270
63.7,111,84.3,66,18.0,4689,15.381415929203500
63.7,111,84.3,66,32.0,4689,29.133628318584100
73.1,135,105.0,71,0.0,5596,2.0999999999999900
73.1,135,105.0,71,7.0,5596,10.462831858407100
73.1,135,105.0,71,18.0,5596,23.604424778761100
73.1,135,105.0,71,32.0,5596,40.33008849557520
68.0,120,96.4,69,0.0,4689,-1.0
68.0,120,96.4,69,7.0,4689,6.43362831858407
68.0,120,96.4,69,18.0,4689,18.11504424778760
68.0,120,96.4,69,32.0,4689,32.98230088495580
72.3,129,96.2,70,0.0,6602,2.300000000000000
72.3,129,96.2,70,7.0,6602,10.291150442477900
72.3,129,96.2,70,18.0,6602,22.848672566371700
72.3,129,96.2,70,32.0,6602,38.830973451327400
71.3,127,94.8,70,0.0,6387,1.3000000000000000
71.3,127,94.8,70,7.0,6387,9.167256637168140
71.3,127,94.8,70,18.0,6387,21.530088495575200
71.3,127,94.8,70,32.0,6387,37.26460176991150
70.4,125,93.5,70,0.0,6191,0.4000000000000060
70.4,125,93.5,70,7.0,6191,8.143362831858410
70.4,125,93.5,70,18.0,6191,20.31150442477880
70.4,125,93.5,70,32.0,6191,35.798230088495600
68.7,121,91.2,70,0.0,5848,-1.3000000000000000
68.7,121,91.2,70,7.0,5848,6.19557522123894
68.7,121,91.2,70,18.0,5848,17.97433628318590
68.7,121,91.2,70,32.0,5848,32.96548672566370
67.7,119,89.7,70,0.0,5657,-2.300000000000000
67.7,119,89.7,70,7.0,5657,5.071681415929210
67.7,119,89.7,70,18.0,5657,16.655752212389400
67.7,119,89.7,70,32.0,5657,31.399115044247800
66.4,115,87.7,72,0.0,5419,-5.599999999999990
66.4,115,87.7,72,7.0,5419,1.52389380530974
66.4,115,87.7,72,18.0,5419,12.718584070796500
66.4,115,87.7,72,32.0,5419,26.966371681415900
65.7,113,86.7,70,0.0,5309,-4.300000000000000
65.7,113,86.7,70,7.0,5309,2.700000000000000
65.7,113,86.7,70,18.0,5309,13.700000000000000
65.7,113,86.7,70,32.0,5309,27.700000000000000
64.9,110,85.3,70,0.0,5041,-5.099999999999990
64.9,110,85.3,70,7.0,5041,1.7141592920354000
64.9,110,85.3,70,18.0,5041,12.42212389380530
64.9,110,85.3,70,32.0,5041,26.050442477876100
62.0,102,81.0,72,0.0,4354,-10.0
62.0,102,81.0,72,7.0,4354,-3.6814159292035400
62.0,102,81.0,72,18.0,4354,6.2477876106194700
62.0,102,81.0,72,32.0,4354,18.88495575221240
59.3,96,77.1,72,0.0,3765,-12.700000000000000
59.3,96,77.1,72,7.0,3765,-6.753097345132740
59.3,96,77.1,72,18.0,3765,2.592035398230080
59.3,96,77.1,72,32.0,3765,14.485840707964600
78.9,142,112.4,72,0.0,6602,6.900000000000010
78.9,142,112.4,72,7.0,6602,15.696460176991200
78.9,142,112.4,72,18.0,6602,29.519469026548700
78.9,142,112.4,72,32.0,6602,47.11238938053100
76.5,136,108.4,72,0.0,6191,4.5
76.5,136,108.4,72,7.0,6191,12.924778761061900
76.5,136,108.4,72,18.0,6191,26.1637168141593
76.5,136,108.4,72,32.0,6191,43.01327433628320
75.1,134,106.6,72,0.0,5922,3.0999999999999900
75.1,134,106.6,72,7.0,5922,11.400884955752200
75.1,134,106.6,72,18.0,5922,24.44513274336280
75.1,134,106.6,72,32.0,5922,41.04690265486730
74.1,132,105.1,72,0.0,5731,2.0999999999999900
74.1,132,105.1,72,7.0,5731,10.27699115044250
74.1,132,105.1,72,18.0,5731,23.126548672566400
74.1,132,105.1,72,32.0,5731,39.48053097345130
72.3,128,102.5,72,0.0,5419,0.29999999999999700
72.3,128,102.5,72,7.0,5419,8.229203539823000
72.3,128,102.5,72,18.0,5419,20.68938053097350
72.3,128,102.5,72,32.0,5419,36.547787610619500
71.5,127,101.4,70,0.0,5309,1.5
71.5,127,101.4,70,7.0,5309,9.36725663716814
71.5,127,101.4,70,18.0,5309,21.730088495575200
71.5,127,101.4,70,32.0,5309,37.464601769911500
70.2,124,99.4,70,0.0,5041,0.20000000000000300
70.2,124,99.4,70,7.0,5041,7.881415929203540
70.2,124,99.4,70,18.0,5041,19.952212389380500
70.2,124,99.4,70,32.0,5041,35.31504424778760
66.3,113,92.9,72,0.0,4354,-5.700000000000000
66.3,113,92.9,72,7.0,4354,1.3000000000000000
66.3,113,92.9,72,18.0,4354,12.300000000000000
66.3,113,92.9,72,32.0,4354,26.300000000000000
62.7,105,87.5,72,0.0,3765,-9.300000000000000
62.7,105,87.5,72,7.0,3765,-2.795575221238930
62.7,105,87.5,72,18.0,3765,7.425663716814170
62.7,105,87.5,72,32.0,3765,20.434513274336300
66.2,116,87.7,71,0.0,5447,-4.800000000000000
66.2,116,87.7,71,7.0,5447,2.3858407079646000
66.2,116,87.7,71,18.0,5447,13.677876106194700
66.2,116,87.7,71,32.0,5447,28.049557522123900
65.1,114,86.2,71,0.0,5262,-5.900000000000010
65.1,114,86.2,71,7.0,5262,1.1619469026548600
65.1,114,86.2,71,18.0,5262,12.259292035398200
65.1,114,86.2,71,32.0,5262,26.383185840708000
63.3,110,83.6,71,0.0,4902,-7.700000000000000
63.3,110,83.6,71,7.0,4902,-0.8858407079646040
63.3,110,83.6,71,18.0,4902,9.822123893805300
63.3,110,83.6,71,32.0,4902,23.450442477876100
61.9,104,81.2,71,0.0,4578,-9.100000000000000
61.9,104,81.2,71,7.0,4578,-2.6575221238938100
61.9,104,81.2,71,18.0,4578,7.466371681415920
61.9,104,81.2,71,32.0,4578,20.351327433628300
57.9,92,75.0,71,0.0,3610,-13.100000000000000
57.9,92,75.0,71,7.0,3610,-7.400884955752210
57.9,92,75.0,71,18.0,3610,1.5548672566371700
57.9,92,75.0,71,32.0,3610,12.953097345132700
70.7,122,99.5,71,0.0,5447,-0.29999999999999700
70.7,122,99.5,71,7.0,5447,7.257522123893810
70.7,122,99.5,71,18.0,5447,19.133628318584100
70.7,122,99.5,71,32.0,5447,34.24867256637170
69.7,120,97.9,71,0.0,5262,-1.3000000000000000
69.7,120,97.9,71,7.0,5262,6.133628318584070
69.7,120,97.9,71,18.0,5262,17.81504424778760
69.7,120,97.9,71,32.0,5262,32.682300884955800
67.8,115,94.9,71,0.0,4902,-3.200000000000000
67.8,115,94.9,71,7.0,4902,3.9238938053097300
67.8,115,94.9,71,18.0,4902,15.118584070796500
67.8,115,94.9,71,32.0,4902,29.366371681415900
65.8,111,91.9,71,0.0,4578,-5.200000000000000
65.8,111,91.9,71,7.0,4578,1.676106194690260
65.8,111,91.9,71,18.0,4578,12.481415929203500
65.8,111,91.9,71,32.0,4578,26.233628318584100
60.6,97,83.5,71,0.0,3610,-10.400000000000000
60.6,97,83.5,71,7.0,3610,-4.39115044247788
60.6,97,83.5,71,18.0,3610,5.051327433628320
60.6,97,83.5,71,32.0,3610,17.069026548672600
54.8,86,70.8,60,0.0,3004,-5.200000000000000
54.8,86,70.8,60,7.0,3004,0.12743362831858500
54.8,86,70.8,60,18.0,3004,8.499115044247790
54.8,86,70.8,60,32.0,3004,19.153982300884900
57.1,91,78.4,60,0.0,3004,-2.9000000000000000
57.1,91,78.4,60,7.0,3004,2.7371681415929200
57.1,91,78.4,60,18.0,3004,11.595575221238900
57.1,91,78.4,60,32.0,3004,22.869911504424800
73.8,131,98.2,70,0.0,6803,3.800000000000000
73.8,131,98.2,70,7.0,6803,11.915044247787600
73.8,131,98.2,70,18.0,6803,24.667256637168100
73.8,131,98.2,70,32.0,6803,40.89734513274340
72.7,129,96.7,70,0.0,6602,2.700000000000000
72.7,129,96.7,70,7.0,6602,10.691150442477900
72.7,129,96.7,70,18.0,6602,23.24867256637170
72.7,129,96.7,70,32.0,6602,39.23097345132740
70.8,124,93.7,70,0.0,6257,0.7999999999999970
70.8,124,93.7,70,7.0,6257,8.481415929203540
70.8,124,93.7,70,18.0,6257,20.55221238938050
70.8,124,93.7,70,32.0,6257,35.915044247787600
65.2,115,86.5,70,0.0,6257,-4.800000000000000
65.2,115,86.5,70,7.0,6257,2.323893805309740
65.2,115,86.5,70,18.0,6257,13.518584070796500
65.2,115,86.5,70,32.0,6257,27.766371681415900
68.0,122,90.6,70,0.0,5730,-2.0
68.0,122,90.6,70,7.0,5730,5.557522123893800
68.0,122,90.6,70,18.0,5730,17.43362831858410
68.0,122,90.6,70,32.0,5730,32.54867256637170
60.1,103,79.2,66,0.0,3958,-5.900000000000000
60.1,103,79.2,66,7.0,3958,0.480530973451323
60.1,103,79.2,66,18.0,3958,10.5070796460177
60.1,103,79.2,66,32.0,3958,23.268141592920400
77.5,137,109.8,73,0.0,6273,4.5
77.5,137,109.8,73,7.0,6273,12.986725663716800
77.5,137,109.8,73,18.0,6273,26.323008849557500
77.5,137,109.8,73,32.0,6273,43.29646017699120
72.3,125,101.6,70,0.0,5422,2.300000000000000
72.3,125,101.6,70,7.0,5422,10.043362831858400
72.3,125,101.6,70,18.0,5422,22.211504424778800
72.3,125,101.6,70,32.0,5422,37.69823008849560
74.0,129,104.3,70,0.0,5422,4.0
74.0,129,104.3,70,7.0,5422,11.991150442477900
74.0,129,104.3,70,18.0,5422,24.54867256637170
74.0,129,104.3,70,32.0,5422,40.53097345132740
70.5,121,98.9,70,0.0,5083,0.5
70.5,121,98.9,70,7.0,5083,7.995575221238940
70.5,121,98.9,70,18.0,5083,19.774336283185800
70.5,121,98.9,70,32.0,5083,34.76548672566370
63.1,105,87.7,66,0.0,3958,-2.9000000000000000
63.1,105,87.7,66,7.0,3958,3.6044247787610600
63.1,105,87.7,66,18.0,3958,13.825663716814200
63.1,105,87.7,66,32.0,3958,26.834513274336300
70.9,125,94.0,71,0.0,6354,-0.09999999999999430
70.9,125,94.0,71,7.0,6354,7.643362831858410
70.9,125,94.0,71,18.0,6354,19.81150442477880
70.9,125,94.0,71,32.0,6354,35.298230088495600
70.0,123,92.7,71,0.0,6177,-1.0
70.0,123,92.7,71,7.0,6177,6.619469026548670
70.0,123,92.7,71,18.0,6177,18.592920353982300
70.0,123,92.7,71,32.0,6177,33.831858407079600
69.3,121,91.7,71,0.0,6024,-1.7000000000000000
69.3,121,91.7,71,7.0,6024,5.795575221238930
69.3,121,91.7,71,18.0,6024,17.574336283185800
69.3,121,91.7,71,32.0,6024,32.56548672566370
67.4,117,89.1,71,0.0,5659,-3.5999999999999900
67.4,117,89.1,71,7.0,5659,3.647787610619470
67.4,117,89.1,71,18.0,5659,15.037168141592900
67.4,117,89.1,71,32.0,5659,29.532743362831900
65.6,112,86.4,71,0.0,5297,-5.400000000000010
65.6,112,86.4,71,7.0,5297,1.5380530973451300
65.6,112,86.4,71,18.0,5297,12.440707964601800
65.6,112,86.4,71,32.0,5297,26.316814159292000
64.6,109,84.9,71,0.0,5066,-6.400000000000010
64.6,109,84.9,71,7.0,5066,0.3522123893805260
64.6,109,84.9,71,18.0,5066,10.962831858407100
64.6,109,84.9,71,32.0,5066,24.467256637168100
76.8,136,108.8,71,0.0,6354,5.800000000000000
76.8,136,108.8,71,7.0,6354,14.224778761061900
76.8,136,108.8,71,18.0,6354,27.463716814159300
76.8,136,108.8,71,32.0,6354,44.313274336283200
75.8,134,107.4,71,0.0,6177,4.800000000000000
75.8,134,107.4,71,7.0,6177,13.100884955752200
75.8,134,107.4,71,18.0,6177,26.145132743362800
75.8,134,107.4,71,32.0,6177,42.746902654867300
74.9,132,106.0,71,0.0,6024,3.9000000000000100
74.9,132,106.0,71,7.0,6024,12.076991150442500
74.9,132,106.0,71,18.0,6024,24.926548672566400
74.9,132,106.0,71,32.0,6024,41.280530973451300
72.8,128,102.9,71,0.0,5659,1.8000000000000000
72.8,128,102.9,71,7.0,5659,9.729203539823000
72.8,128,102.9,71,18.0,5659,22.18938053097350
72.8,128,102.9,71,32.0,5659,38.047787610619500
70.8,124,100.0,71,0.0,5297,-0.20000000000000300
70.8,124,100.0,71,7.0,5297,7.481415929203540
70.8,124,100.0,71,18.0,5297,19.55221238938050
70.8,124,100.0,71,32.0,5297,34.915044247787600
69.6,121,98.1,71,0.0,5066,-1.4000000000000100
69.6,121,98.1,71,7.0,5066,6.095575221238930
69.6,121,98.1,71,18.0,5066,17.87433628318580
69.6,121,98.1,71,32.0,5066,32.865486725663700
73.7,129,97.6,72,0.0,7145,1.7000000000000000
73.7,129,97.6,72,7.0,7145,9.691150442477880
73.7,129,97.6,72,18.0,7145,22.24867256637170
73.7,129,97.6,72,32.0,7145,38.23097345132740
71.3,122,93.9,72,0.0,6660,-0.7000000000000030
71.3,122,93.9,72,7.0,6660,6.857522123893800
71.3,122,93.9,72,18.0,6660,18.733628318584100
71.3,122,93.9,72,32.0,6660,33.848672566371700
68.0,114,89.2,72,0.0,6030,-4.0
68.0,114,89.2,72,7.0,6030,3.061946902654870
68.0,114,89.2,72,18.0,6030,14.159292035398200
68.0,114,89.2,72,32.0,6030,28.283185840708000
64.1,109,84.3,72,0.0,5215,-7.900000000000010
64.1,109,84.3,72,7.0,5215,-1.1477876106194700
64.1,109,84.3,72,18.0,5215,9.462831858407070
64.1,109,84.3,72,32.0,5215,22.967256637168100
60.6,99,79.0,72,0.0,4400,-11.400000000000000
60.6,99,79.0,72,7.0,4400,-5.2672566371681500
60.6,99,79.0,72,18.0,4400,4.369911504424780
60.6,99,79.0,72,32.0,4400,16.635398230088500
80.2,135,112.0,72,0.0,7145,8.200000000000000
80.2,135,112.0,72,7.0,7145,16.56283185840710
80.2,135,112.0,72,18.0,7145,29.704424778761100
80.2,135,112.0,72,32.0,7145,46.430088495575200
77.4,126,107.0,72,0.0,6660,5.400000000000010
77.4,126,107.0,72,7.0,6660,13.205309734513300
77.4,126,107.0,72,18.0,6660,25.470796460177
77.4,126,107.0,72,32.0,6660,41.081415929203500
73.5,117,101.0,72,0.0,6030,1.5
73.5,117,101.0,72,7.0,6030,8.747787610619470
73.5,117,101.0,72,18.0,6030,20.137168141592900
73.5,117,101.0,72,32.0,6030,34.63274336283190
68.8,112,94.8,72,0.0,5215,-3.200000000000000
68.8,112,94.8,72,7.0,5215,3.73805309734513
68.8,112,94.8,72,18.0,5215,14.640707964601800
68.8,112,94.8,72,32.0,5215,28.51681415929200
64.0,99,87.2,72,0.0,4400,-8.0
64.0,99,87.2,72,7.0,4400,-1.8672566371681400
64.0,99,87.2,72,18.0,4400,7.769911504424780
64.0,99,87.2,72,32.0,4400,20.035398230088500
66.7,106,86.3,70,0.0,5336,-3.300000000000000
66.7,106,86.3,70,7.0,5336,3.266371681415930
66.7,106,86.3,70,18.0,5336,13.584955752212400
66.7,106,86.3,70,32.0,5336,26.717699115044300
66.6,99,85.0,69,0.0,5336,-2.4000000000000100
66.6,99,85.0,69,7.0,5336,3.7327433628318500
66.6,99,85.0,69,18.0,5336,13.369911504424800
66.6,99,85.0,69,32.0,5336,25.635398230088500
65.8,105,85.3,70,0.0,5176,-4.200000000000000
65.8,105,85.3,70,7.0,5176,2.30442477876106
65.8,105,85.3,70,18.0,5176,12.525663716814200
65.8,105,85.3,70,32.0,5176,25.534513274336300
65.1,103,84.3,70,0.0,5016,-4.900000000000010
65.1,103,84.3,70,7.0,5016,1.480530973451320
65.1,103,84.3,70,18.0,5016,11.5070796460177
65.1,103,84.3,70,32.0,5016,24.268141592920300
71.0,115,98.2,72,0.0,5248,-1.0
71.0,115,98.2,72,7.0,5248,6.123893805309730
71.0,115,98.2,72,18.0,5248,17.31858407079650
71.0,115,98.2,72,32.0,5248,31.56637168141590
70.2,114,97.1,71,0.0,5110,-0.7999999999999970
70.2,114,97.1,71,7.0,5110,6.26194690265487
70.2,114,97.1,71,18.0,5110,17.359292035398200
70.2,114,97.1,71,32.0,5110,31.48318584070800
69.2,112,95.6,70,0.0,4972,-0.7999999999999970
69.2,112,95.6,70,7.0,4972,6.138053097345140
69.2,112,95.6,70,18.0,4972,17.04070796460180
69.2,112,95.6,70,32.0,4972,30.916814159292000
66.4,107,86.2,70,0.0,5612,-3.5999999999999900
66.4,107,86.2,70,7.0,5612,3.028318584070800
66.4,107,86.2,70,18.0,5612,13.444247787610600
66.4,107,86.2,70,32.0,5612,26.700884955752200
64.0,101,82.8,70,0.0,5056,-6.0
64.0,101,82.8,70,7.0,5056,0.25663716814159400
64.0,101,82.8,70,18.0,5056,10.08849557522120
64.0,101,82.8,70,32.0,5056,22.60176991150440
58.8,90,75.6,70,0.0,3660,-11.200000000000000
58.8,90,75.6,70,7.0,3660,-5.624778761061950
58.8,90,75.6,70,18.0,3660,3.1362831858407100
58.8,90,75.6,70,32.0,3660,14.286725663716800
71.6,114,98.6,70,0.0,5612,1.5999999999999900
71.6,114,98.6,70,7.0,5612,8.661946902654860
71.6,114,98.6,70,18.0,5612,19.759292035398200
71.6,114,98.6,70,32.0,5612,33.88318584070800
68.6,108,94.0,70,0.0,5056,-1.4000000000000100
68.6,108,94.0,70,7.0,5056,5.290265486725660
68.6,108,94.0,70,18.0,5056,15.803539823008800
68.6,108,94.0,70,32.0,5056,29.184070796460200
60.6,92,82.2,70,0.0,3660,-9.400000000000000
60.6,92,82.2,70,7.0,3660,-3.7008849557522200
60.6,92,82.2,70,18.0,3660,5.254867256637170
60.6,92,82.2,70,32.0,3660,16.65309734513280
70.8,131,95.2,72,0.0,6650,-1.2000000000000000
70.8,131,95.2,72,7.0,6650,6.9150442477876100
70.8,131,95.2,72,18.0,6650,19.667256637168100
70.8,131,95.2,72,32.0,6650,35.89734513274340
66.9,122,89.5,72,0.0,5850,-5.099999999999990
66.9,122,89.5,72,7.0,5850,2.45752212389381
66.9,122,89.5,72,18.0,5850,14.333628318584100
66.9,122,89.5,72,32.0,5850,29.448672566371700
73.3,128,103.5,72,0.0,5850,1.3000000000000000
73.3,128,103.5,72,7.0,5850,9.229203539823000
73.3,128,103.5,72,18.0,5850,21.68938053097350
73.3,128,103.5,72,32.0,5850,37.547787610619500
61.0,94,78.4,60,0.0,4284,1.0
61.0,94,78.4,60,7.0,4284,6.8230088495575200
61.0,94,78.4,60,18.0,4284,15.973451327433600
61.0,94,78.4,60,32.0,4284,27.61946902654870
59.6,90,76.4,60,0.0,3736,-0.3999999999999990
59.6,90,76.4,60,7.0,3736,5.17522123893805
59.6,90,76.4,60,18.0,3736,13.936283185840700
59.6,90,76.4,60,32.0,3736,25.08672566371680
60.6,92,82.2,60,0.0,3722,0.6000000000000010
60.6,92,82.2,60,7.0,3722,6.299115044247790
60.6,92,82.2,60,18.0,3722,15.25486725663720
60.6,92,82.2,60,32.0,3722,26.65309734513280
71.6,139,97.3,72,0.0,6553,-0.4000000000000060
71.6,139,97.3,72,7.0,6553,8.21061946902654
71.6,139,97.3,72,18.0,6553,21.74159292035400
71.6,139,97.3,72,32.0,6553,38.96283185840710
69.1,131,93.4,72,0.0,6088,-2.9000000000000100
69.1,131,93.4,72,7.0,6088,5.215044247787600
69.1,131,93.4,72,18.0,6088,17.967256637168100
69.1,131,93.4,72,32.0,6088,34.19734513274340
66.4,119,88.5,72,0.0,5365,-5.599999999999990
66.4,119,88.5,72,7.0,5365,1.7716814159292100
66.4,119,88.5,72,18.0,5365,13.35575221238940
66.4,119,88.5,72,32.0,5365,28.099115044247800
69.8,135,101.5,72,0.0,5156,-2.200000000000000
69.8,135,101.5,72,7.0,5156,6.162831858407070
69.8,135,101.5,72,18.0,5156,19.30442477876110
69.8,135,101.5,72,32.0,5156,36.03008849557520
68.5,123,91.4,69,0.0,5865,-0.5
68.5,123,91.4,69,7.0,5865,7.119469026548670
68.5,123,91.4,69,18.0,5865,19.092920353982300
68.5,123,91.4,69,32.0,5865,34.331858407079600
67.9,122,90.5,69,0.0,5745,-1.0999999999999900
67.9,122,90.5,69,7.0,5745,6.45752212389381
67.9,122,90.5,69,18.0,5745,18.333628318584100
67.9,122,90.5,69,32.0,5745,33.448672566371700
66.5,112,87.3,67,0.0,5456,-0.5
66.5,112,87.3,67,7.0,5456,6.438053097345130
66.5,112,87.3,67,18.0,5456,17.340707964601800
66.5,112,87.3,67,32.0,5456,31.216814159292000
62.6,100,81.2,66,0.0,4420,-3.4000000000000000
62.6,100,81.2,66,7.0,4420,2.7946902654867200
62.6,100,81.2,66,18.0,4420,12.529203539823000
62.6,100,81.2,66,32.0,4420,24.91858407079650
74.1,126,103.6,72,0.0,5749,2.0999999999999900
74.1,126,103.6,72,7.0,5749,9.905309734513270
74.1,126,103.6,72,18.0,5749,22.170796460177000
74.1,126,103.6,72,32.0,5749,37.78141592920350
71.9,120,100.1,72,0.0,5461,-0.09999999999999430
71.9,120,100.1,72,7.0,5461,7.333628318584080
71.9,120,100.1,72,18.0,5461,19.015044247787600
71.9,120,100.1,72,32.0,5461,33.882300884955800
66.0,103,90.2,66,0.0,4420,0.0
66.0,103,90.2,66,7.0,4420,6.380530973451330
66.0,103,90.2,66,18.0,4420,16.407079646017700
66.0,103,90.2,66,32.0,4420,29.16814159292040
70.5,121,93.0,71,0.0,6500,-0.5
70.5,121,93.0,71,7.0,6500,6.995575221238940
70.5,121,93.0,71,18.0,6500,18.774336283185800
70.5,121,93.0,71,32.0,6500,33.76548672566370
67.9,119,89.9,71,0.0,5927,-3.0999999999999900
67.9,119,89.9,71,7.0,5927,4.2716814159292100
67.9,119,89.9,71,18.0,5927,15.85575221238940
67.9,119,89.9,71,32.0,5927,30.599115044247800
63.6,106,83.2,71,0.0,4934,-7.400000000000000
63.6,106,83.2,71,7.0,4934,-0.8336283185840760
63.6,106,83.2,71,18.0,4934,9.484955752212390
63.6,106,83.2,71,32.0,4934,22.617699115044200
67.4,109,93.0,71,0.0,4788,-3.5999999999999900
67.4,109,93.0,71,7.0,4788,3.152212389380540
67.4,109,93.0,71,18.0,4788,13.762831858407100
67.4,109,93.0,71,32.0,4788,27.267256637168100
70.7,132,95.2,71,0.0,6157,-0.29999999999999700
70.7,132,95.2,71,7.0,6157,7.876991150442480
70.7,132,95.2,71,18.0,6157,20.726548672566400
70.7,132,95.2,71,32.0,6157,37.08053097345130
69.5,129,93.4,71,0.0,5924,-1.5
69.5,129,93.4,71,7.0,5924,6.491150442477870
69.5,129,93.4,71,18.0,5924,19.04867256637170
69.5,129,93.4,71,32.0,5924,35.03097345132740
71.4,127,101.3,70,0.0,5236,1.4000000000000100
71.4,127,101.3,70,7.0,5236,9.267256637168150
71.4,127,101.3,70,18.0,5236,21.630088495575200
71.4,127,101.3,70,32.0,5236,37.3646017699115
70.9,122,93.5,71,0.0,6592,-0.09999999999999430
70.9,122,93.5,71,7.0,6592,7.45752212389381
70.9,122,93.5,71,18.0,6592,19.333628318584100
70.9,122,93.5,71,32.0,6592,34.448672566371700
68.0,114,89.2,71,0.0,5876,-3.0
68.0,114,89.2,71,7.0,5876,4.061946902654870
68.0,114,89.2,71,18.0,5876,15.159292035398200
68.0,114,89.2,71,32.0,5876,29.283185840708000
65.7,110,86.0,71,0.0,5440,-5.300000000000000
65.7,110,86.0,71,7.0,5440,1.5141592920354000
65.7,110,86.0,71,18.0,5440,12.222123893805300
65.7,110,86.0,71,32.0,5440,25.8504424778761
64.7,107,84.5,71,0.0,5190,-6.300000000000000
64.7,107,84.5,71,7.0,5190,0.32831858407080000
64.7,107,84.5,71,18.0,5190,10.744247787610600
64.7,107,84.5,71,32.0,5190,24.000884955752200
73.0,122,101.7,71,0.0,5876,2.0
73.0,122,101.7,71,7.0,5876,9.557522123893800
73.0,122,101.7,71,18.0,5876,21.43362831858410
73.0,122,101.7,71,32.0,5876,36.54867256637170
70.3,117,97.8,71,0.0,5440,-0.7000000000000030
70.3,117,97.8,71,7.0,5440,6.547787610619470
70.3,117,97.8,71,18.0,5440,17.93716814159290
70.3,117,97.8,71,32.0,5440,32.43274336283190
69.0,113,95.7,71,0.0,5190,-2.0
69.0,113,95.7,71,7.0,5190,5.0
69.0,113,95.7,71,18.0,5190,16.0
69.0,113,95.7,71,32.0,5190,30.0
72.4,136,97.7,72,0.0,6875,0.4000000000000060
72.4,136,97.7,72,7.0,6875,8.82477876106195
72.4,136,97.7,72,18.0,6875,22.063716814159300
72.4,136,97.7,72,32.0,6875,38.913274336283200
71.9,134,96.7,72,0.0,6672,-0.09999999999999430
71.9,134,96.7,72,7.0,6672,8.200884955752220
71.9,134,96.7,72,18.0,6672,21.24513274336280
71.9,134,96.7,72,32.0,6672,37.846902654867300
69.6,130,93.8,72,0.0,6301,-2.4000000000000100
69.6,130,93.8,72,7.0,6301,5.6530973451327400
69.6,130,93.8,72,18.0,6301,18.30796460176990
69.6,130,93.8,72,32.0,6301,34.41415929203540
68.6,128,92.3,72,0.0,6035,-3.4000000000000100
68.6,128,92.3,72,7.0,6035,4.529203539823000
68.6,128,92.3,72,18.0,6035,16.98938053097350
68.6,128,92.3,72,32.0,6035,32.84778761061950
67.1,123,90.0,72,0.0,5761,-4.900000000000010
67.1,123,90.0,72,7.0,5761,2.7194690265486700
67.1,123,90.0,72,18.0,5761,14.692920353982300
67.1,123,90.0,72,32.0,5761,29.93185840707960
66.0,117,87.7,72,0.0,5429,-6.0
66.0,117,87.7,72,7.0,5429,1.2477876106194700
66.0,117,87.7,72,18.0,5429,12.637168141592900
66.0,117,87.7,72,32.0,5429,27.13274336283190
65.3,114,86.5,72,0.0,5225,-6.700000000000000
65.3,114,86.5,72,7.0,5225,0.3619469026548640
65.3,114,86.5,72,18.0,5225,11.45929203539820
65.3,114,86.5,72,32.0,5225,25.583185840708000
59.4,100,78.0,72,0.0,4111,-12.600000000000000
59.4,100,78.0,72,7.0,4111,-6.405309734513280
59.4,100,78.0,72,18.0,4111,3.3292035398230100
59.4,100,78.0,72,32.0,4111,15.718584070796500
78.7,153,115.1,72,0.0,6875,6.700000000000000
78.7,153,115.1,72,7.0,6875,16.177876106194700
78.7,153,115.1,72,18.0,6875,31.071681415929200
78.7,153,115.1,72,32.0,6875,50.02743362831860
77.6,152,113.4,72,0.0,6672,5.599999999999990
77.6,152,113.4,72,7.0,6672,15.015929203539800
77.6,152,113.4,72,18.0,6672,29.812389380531000
77.6,152,113.4,72,32.0,6672,48.644247787610600
75.6,148,110.3,72,0.0,6301,3.5999999999999900
75.6,148,110.3,72,7.0,6301,12.768141592920300
75.6,148,110.3,72,18.0,6301,27.17522123893810
75.6,148,110.3,72,32.0,6301,45.511504424778800
74.1,145,108.2,72,0.0,6035,2.0999999999999900
74.1,145,108.2,72,7.0,6035,11.082300884955700
74.1,145,108.2,72,18.0,6035,25.19734513274340
74.1,145,108.2,72,32.0,6035,43.16194690265490
72.5,139,105.2,72,0.0,5761,0.5
72.5,139,105.2,72,7.0,5761,9.110619469026550
72.5,139,105.2,72,18.0,5761,22.641592920354000
72.5,139,105.2,72,32.0,5761,39.86283185840710
70.4,134,101.8,72,0.0,5429,-1.5999999999999900
70.4,134,101.8,72,7.0,5429,6.700884955752220
70.4,134,101.8,72,18.0,5429,19.74513274336280
70.4,134,101.8,72,32.0,5429,36.346902654867300
69.1,132,100.3,72,0.0,5225,-2.9000000000000100
69.1,132,100.3,72,7.0,5225,5.27699115044247
69.1,132,100.3,72,18.0,5225,18.126548672566400
69.1,132,100.3,72,32.0,5225,34.48053097345130
62.8,125,92.2,72,0.0,4111,-9.200000000000000
62.8,125,92.2,72,7.0,4111,-1.4566371681416000
62.8,125,92.2,72,18.0,4111,10.711504424778800
62.8,125,92.2,72,32.0,4111,26.198230088495600
74.7,129,98.6,72,0.0,7317,2.700000000000000
74.7,129,98.6,72,7.0,7317,10.691150442477900
74.7,129,98.6,72,18.0,7317,23.24867256637170
74.7,129,98.6,72,32.0,7317,39.23097345132740
73.0,126,96.3,72,0.0,7048,1.0
73.0,126,96.3,72,7.0,7048,8.805309734513270
73.0,126,96.3,72,18.0,7048,21.070796460177000
73.0,126,96.3,72,32.0,7048,36.68141592920350
71.7,124,94.7,72,0.0,6771,-0.29999999999999700
71.7,124,94.7,72,7.0,6771,7.381415929203540
71.7,124,94.7,72,18.0,6771,19.452212389380500
71.7,124,94.7,72,32.0,6771,34.81504424778760
70.6,121,93.0,72,0.0,6530,-1.4000000000000100
70.6,121,93.0,72,7.0,6530,6.095575221238930
70.6,121,93.0,72,18.0,6530,17.87433628318580
70.6,121,93.0,72,32.0,6530,32.865486725663700
69.9,119,92.1,72,0.0,6382,-2.0999999999999900
69.9,119,92.1,72,7.0,6382,5.2716814159292100
69.9,119,92.1,72,18.0,6382,16.85575221238940
69.9,119,92.1,72,32.0,6382,31.599115044247800
68.3,118,90.2,72,0.0,6087,-3.700000000000000
68.3,118,90.2,72,7.0,6087,3.609734513274330
68.3,118,90.2,72,18.0,6087,15.096460176991100
68.3,118,90.2,72,32.0,6087,29.715929203539800
66.8,114,88.0,72,0.0,5775,-5.200000000000000
66.8,114,88.0,72,7.0,5775,1.8619469026548600
66.8,114,88.0,72,18.0,5775,12.95929203539820
66.8,114,88.0,72,32.0,5775,27.083185840708000
65.3,111,85.8,72,0.0,5404,-6.700000000000000
65.3,111,85.8,72,7.0,5404,0.1761061946902630
65.3,111,85.8,72,18.0,5404,10.981415929203500
65.3,111,85.8,72,32.0,5404,24.733628318584100
78.5,134,110.0,72,0.0,6856,6.5
78.5,134,110.0,72,7.0,6856,14.80088495575220
78.5,134,110.0,72,18.0,6856,27.845132743362800
78.5,134,110.0,72,32.0,6856,44.44690265486730
76.9,130,107.5,72,0.0,6565,4.900000000000010
76.9,130,107.5,72,7.0,6565,12.953097345132700
76.9,130,107.5,72,18.0,6565,25.607964601769900
76.9,130,107.5,72,32.0,6565,41.714159292035400
76.1,131,106.6,72,0.0,6382,4.099999999999990
76.1,131,106.6,72,7.0,6382,12.215044247787600
76.1,131,106.6,72,18.0,6382,24.967256637168100
76.1,131,106.6,72,32.0,6382,41.19734513274340
72.1,120,100.4,72,0.0,5738,0.09999999999999430
72.1,120,100.4,72,7.0,5738,7.533628318584060
72.1,120,100.4,72,18.0,5738,19.215044247787600
72.1,120,100.4,72,32.0,5738,34.08230088495570
70.0,118,97.8,72,0.0,5404,-2.0
70.0,118,97.8,72,7.0,5404,5.309734513274340
70.0,118,97.8,72,18.0,5404,16.796460176991100
70.0,118,97.8,72,32.0,5404,31.415929203539800
73.6,144,100.4,72,0.0,7098,1.5999999999999900
73.6,144,100.4,72,7.0,7098,10.520353982300900
73.6,144,100.4,72,18.0,7098,24.538053097345100
73.6,144,100.4,72,32.0,7098,42.3787610619469
72.3,142,98.6,72,0.0,6824,0.29999999999999700
72.3,142,98.6,72,7.0,6824,9.096460176991140
72.3,142,98.6,72,18.0,6824,22.91946902654870
72.3,142,98.6,72,32.0,6824,40.512389380531000
71.9,139,97.7,72,0.0,6675,-0.09999999999999430
71.9,139,97.7,72,7.0,6675,8.510619469026550
71.9,139,97.7,72,18.0,6675,22.04159292035400
71.9,139,97.7,72,32.0,6675,39.26283185840710
70.3,131,94.7,72,0.0,6314,-1.7000000000000000
70.3,131,94.7,72,7.0,6314,6.4150442477876100
70.3,131,94.7,72,18.0,6314,19.167256637168100
70.3,131,94.7,72,32.0,6314,35.39734513274340
69.2,126,92.6,72,0.0,6065,-2.800000000000000
69.2,126,92.6,72,7.0,6065,5.0053097345132800
69.2,126,92.6,72,18.0,6065,17.270796460177000
69.2,126,92.6,72,32.0,6065,32.88141592920350
67.9,121,90.4,72,0.0,5711,-4.099999999999990
67.9,121,90.4,72,7.0,5711,3.3955752212389400
67.9,121,90.4,72,18.0,5711,15.174336283185900
67.9,121,90.4,72,32.0,5711,30.165486725663700
66.7,120,89.0,72,0.0,5423,-5.300000000000000
66.7,120,89.0,72,7.0,5423,2.1336283185840700
66.7,120,89.0,72,18.0,5423,13.815044247787600
66.7,120,89.0,72,32.0,5423,28.682300884955800
65.6,119,87.7,72,0.0,5202,-6.400000000000010
65.6,119,87.7,72,7.0,5202,0.9716814159291970
65.6,119,87.7,72,18.0,5202,12.555752212389400
65.6,119,87.7,72,32.0,5202,27.299115044247800
78.1,153,114.0,72,0.0,6640,6.099999999999990
78.1,153,114.0,72,7.0,6640,15.57787610619470
78.1,153,114.0,72,18.0,6640,30.471681415929200
78.1,153,114.0,72,32.0,6640,49.42743362831860
74.2,145,108.4,72,0.0,6004,2.200000000000000
74.2,145,108.4,72,7.0,6004,11.182300884955800
74.2,145,108.4,72,18.0,6004,25.297345132743400
74.2,145,108.4,72,32.0,6004,43.26194690265490
72.4,141,105.6,72,0.0,5667,0.4000000000000060
72.4,141,105.6,72,7.0,5667,9.134513274336290
72.4,141,105.6,72,18.0,5667,22.86017699115040
72.4,141,105.6,72,32.0,5667,40.32920353982300
71.1,142,104.7,72,0.0,5424,-0.9000000000000060
71.1,142,104.7,72,7.0,5424,7.896460176991140
71.1,142,104.7,72,18.0,5424,21.719469026548700
71.1,142,104.7,72,32.0,5424,39.31238938053100
70.8,140,103.7,72,0.0,5208,-1.2000000000000000
70.8,140,103.7,72,7.0,5208,7.47256637168141
70.8,140,103.7,72,18.0,5208,21.100884955752200
70.8,140,103.7,72,32.0,5208,38.44601769911500
67.5,134,99.0,72,0.0,4745,-4.5
67.5,134,99.0,72,7.0,4745,3.8008849557522100
67.5,134,99.0,72,18.0,4745,16.845132743362800
67.5,134,99.0,72,32.0,4745,33.44690265486730
64.6,130,95.1,72,0.0,4324,-7.400000000000010
64.6,130,95.1,72,7.0,4324,0.6530973451327360
64.6,130,95.1,72,18.0,4324,13.30796460176990
64.6,130,95.1,72,32.0,4324,29.414159292035400
70.2,122,92.9,72,0.0,6551,-1.8000000000000000
70.2,122,92.9,72,7.0,6551,5.757522123893810
70.2,122,92.9,72,18.0,6551,17.633628318584100
70.2,122,92.9,72,32.0,6551,32.74867256637170
68.6,120,90.8,72,0.0,6186,-3.4000000000000100
68.6,120,90.8,72,7.0,6186,4.033628318584060
68.6,120,90.8,72,18.0,6186,15.715044247787600
68.6,120,90.8,72,32.0,6186,30.582300884955700
66.1,115,87.4,72,0.0,5612,-5.900000000000010
66.1,115,87.4,72,7.0,5612,1.2238938053097300
66.1,115,87.4,72,18.0,5612,12.418584070796500
66.1,115,87.4,72,32.0,5612,26.666371681415900
63.2,108,83.3,72,0.0,4965,-8.800000000000000
63.2,108,83.3,72,7.0,4965,-2.109734513274330
63.2,108,83.3,72,18.0,4965,8.403539823008860
63.2,108,83.3,72,32.0,4965,21.784070796460200
70.9,122,99.6,72,0.0,5612,-1.0999999999999900
70.9,122,99.6,72,7.0,5612,6.45752212389381
70.9,122,99.6,72,18.0,5612,18.333628318584100
70.9,122,99.6,72,32.0,5612,33.448672566371700
67.2,114,94.1,72,0.0,4965,-4.800000000000000
67.2,114,94.1,72,7.0,4965,2.26194690265487
67.2,114,94.1,72,18.0,4965,13.359292035398200
67.2,114,94.1,72,32.0,4965,27.48318584070800
74.3,135,99.3,71,0.0,7215,3.300000000000000
74.3,135,99.3,71,7.0,7215,11.662831858407100
74.3,135,99.3,71,18.0,7215,24.80442477876110
74.3,135,99.3,71,32.0,7215,41.53008849557520
71.5,128,95.2,71,0.0,6658,0.5
71.5,128,95.2,71,7.0,6658,8.429203539823010
71.5,128,95.2,71,18.0,6658,20.889380530973500
71.5,128,95.2,71,32.0,6658,36.74778761061950
69.8,123,92.6,71,0.0,6329,-1.2000000000000000
69.8,123,92.6,71,7.0,6329,6.4194690265486700
69.8,123,92.6,71,18.0,6329,18.392920353982300
69.8,123,92.6,71,32.0,6329,33.63185840707970
68.4,120,90.7,71,0.0,6089,-2.5999999999999900
68.4,120,90.7,71,7.0,6089,4.833628318584080
68.4,120,90.7,71,18.0,6089,16.515044247787600
68.4,120,90.7,71,32.0,6089,31.382300884955800
66.5,115,87.9,71,0.0,5661,-4.5
66.5,115,87.9,71,7.0,5661,2.6238938053097300
66.5,115,87.9,71,18.0,5661,13.818584070796500
66.5,115,87.9,71,32.0,5661,28.06637168141590
63.6,107,83.5,71,0.0,5079,-7.400000000000000
63.6,107,83.5,71,7.0,5079,-0.7716814159292090
63.6,107,83.5,71,18.0,5079,9.644247787610620
63.6,107,83.5,71,32.0,5079,22.90088495575220
74.0,129,104.3,71,0.0,6089,3.0
74.0,129,104.3,71,7.0,6089,10.991150442477900
74.0,129,104.3,71,18.0,6089,23.54867256637170
74.0,129,104.3,71,32.0,6089,39.53097345132740
71.7,123,100.7,71,0.0,5661,0.7000000000000030
71.7,123,100.7,71,7.0,5661,8.319469026548670
71.7,123,100.7,71,18.0,5661,20.29292035398230
71.7,123,100.7,71,32.0,5661,35.53185840707970
68.2,115,95.2,71,0.0,5079,-2.800000000000000
68.2,115,95.2,71,7.0,5079,4.323893805309740
68.2,115,95.2,71,18.0,5079,15.518584070796500
68.2,115,95.2,71,32.0,5079,29.766371681415900
68.2,123,91.0,71,0.0,5945,-2.800000000000000
68.2,123,91.0,71,7.0,5945,4.819469026548670
68.2,123,91.0,71,18.0,5945,16.79292035398230
68.2,123,91.0,71,32.0,5945,32.03185840707970
66.9,117,88.5,71,0.0,5623,-4.099999999999990
66.9,117,88.5,71,7.0,5623,3.147787610619470
66.9,117,88.5,71,18.0,5623,14.537168141592900
66.9,117,88.5,71,32.0,5623,29.032743362831900
65.0,112,85.8,71,0.0,5146,-6.0
65.0,112,85.8,71,7.0,5146,0.9380530973451330
65.0,112,85.8,71,18.0,5146,11.840707964601800
65.0,112,85.8,71,32.0,5146,25.716814159292000
69.9,125,99.4,71,0.0,5185,-1.0999999999999900
69.9,125,99.4,71,7.0,5185,6.643362831858410
69.9,125,99.4,71,18.0,5185,18.81150442477880
69.9,125,99.4,71,32.0,5185,34.298230088495600
67.0,110,92.9,69,0.0,4510,-2.0
67.0,110,92.9,69,7.0,4510,4.814159292035400
67.0,110,92.9,69,18.0,4510,15.522123893805300
67.0,110,92.9,69,32.0,4510,29.150442477876100
72.8,123,101.6,72,0.0,5780,0.7999999999999970
72.8,123,101.6,72,7.0,5780,8.419469026548670
72.8,123,101.6,72,18.0,5780,20.392920353982300
72.8,123,101.6,72,32.0,5780,35.63185840707970
66.8,109,92.4,70,0.0,4769,-3.200000000000000
66.8,109,92.4,70,7.0,4769,3.5522123893805300
66.8,109,92.4,70,18.0,4769,14.162831858407100
66.8,109,92.4,70,32.0,4769,27.667256637168100
70.2,120,92.5,70,0.0,6492,0.20000000000000300
70.2,120,92.5,70,7.0,6492,7.633628318584070
70.2,120,92.5,70,18.0,6492,19.31504424778760
70.2,120,92.5,70,32.0,6492,34.182300884955800
68.9,118,90.7,70,0.0,6243,-1.0999999999999900
68.9,118,90.7,70,7.0,6243,6.209734513274340
68.9,118,90.7,70,18.0,6243,17.696460176991200
68.9,118,90.7,70,32.0,6243,32.31592920353980
67.8,116,89.3,70,0.0,6021,-2.200000000000000
67.8,116,89.3,70,7.0,6021,4.9858407079646000
67.8,116,89.3,70,18.0,6021,16.277876106194700
67.8,116,89.3,70,32.0,6021,30.6495575221239
67.0,114,88.2,70,0.0,5848,-3.0
67.0,114,88.2,70,7.0,5848,4.061946902654870
67.0,114,88.2,70,18.0,5848,15.159292035398200
67.0,114,88.2,70,32.0,5848,29.283185840708000
65.9,113,86.9,70,0.0,5659,-4.099999999999990
65.9,113,86.9,70,7.0,5659,2.9000000000000100
65.9,113,86.9,70,18.0,5659,13.900000000000000
65.9,113,86.9,70,32.0,5659,27.900000000000000
64.5,108,84.6,70,0.0,5388,-5.5
64.5,108,84.6,70,7.0,5388,1.1902654867256600
64.5,108,84.6,70,18.0,5388,11.703539823008900
64.5,108,84.6,70,32.0,5388,25.084070796460200
63.3,104,82.5,70,0.0,5111,-6.700000000000000
63.3,104,82.5,70,7.0,5111,-0.257522123893807
63.3,104,82.5,70,18.0,5111,9.866371681415930
63.3,104,82.5,70,32.0,5111,22.75132743362830
60.3,85,76.1,65,0.0,4124,-4.700000000000000
60.3,85,76.1,65,7.0,4124,0.5654867256637180
60.3,85,76.1,65,18.0,4124,8.83982300884955
60.3,85,76.1,65,32.0,4124,19.37079646017700
73.6,133,104.9,72,0.0,6021,1.5999999999999900
73.6,133,104.9,72,7.0,6021,9.838938053097340
73.6,133,104.9,72,18.0,6021,22.785840707964600
73.6,133,104.9,72,32.0,6021,39.263716814159300
72.5,130,103.0,72,0.0,5848,0.5
72.5,130,103.0,72,7.0,5848,8.553097345132740
72.5,130,103.0,72,18.0,5848,21.207964601769900
72.5,130,103.0,72,32.0,5848,37.3141592920354
71.3,127,101.2,72,0.0,5659,-0.7000000000000030
71.3,127,101.2,72,7.0,5659,7.167256637168140
71.3,127,101.2,72,18.0,5659,19.530088495575200
71.3,127,101.2,72,32.0,5659,35.26460176991150
69.5,123,98.4,72,0.0,5388,-2.5
69.5,123,98.4,72,7.0,5388,5.119469026548670
69.5,123,98.4,72,18.0,5388,17.092920353982300
69.5,123,98.4,72,32.0,5388,32.331858407079600
67.9,121,96.3,72,0.0,5111,-4.099999999999990
67.9,121,96.3,72,7.0,5111,3.3955752212389400
67.9,121,96.3,72,18.0,5111,15.174336283185900
67.9,121,96.3,72,32.0,5111,30.165486725663700
61.7,109,87.4,67,0.0,4124,-5.300000000000000
61.7,109,87.4,67,7.0,4124,1.4522123893805300
61.7,109,87.4,67,18.0,4124,12.06283185840710
61.7,109,87.4,67,32.0,4124,25.567256637168100
67.9,128,91.7,69,0.0,5617,-1.0999999999999900
67.9,128,91.7,69,7.0,5617,6.829203539823010
67.9,128,91.7,69,18.0,5617,19.28938053097350
67.9,128,91.7,69,32.0,5617,35.147787610619500
66.2,122,88.8,69,0.0,5302,-2.800000000000000
66.2,122,88.8,69,7.0,5302,4.757522123893810
66.2,122,88.8,69,18.0,5302,16.633628318584100
66.2,122,88.8,69,32.0,5302,31.74867256637170
65.4,116,87.0,69,0.0,5124,-3.5999999999999900
65.4,116,87.0,69,7.0,5124,3.585840707964610
65.4,116,87.0,69,18.0,5124,14.877876106194700
65.4,116,87.0,69,32.0,5124,29.249557522123900
73.8,132,104.9,70,0.0,5617,3.800000000000000
73.8,132,104.9,70,7.0,5617,11.976991150442500
73.8,132,104.9,70,18.0,5617,24.82654867256640
73.8,132,104.9,70,32.0,5617,41.180530973451300
71.4,127,101.3,70,0.0,5302,1.4000000000000100
71.4,127,101.3,70,7.0,5302,9.267256637168150
71.4,127,101.3,70,18.0,5302,21.630088495575200
71.4,127,101.3,70,32.0,5302,37.3646017699115
70.2,123,99.1,70,0.0,5124,0.20000000000000300
70.2,123,99.1,70,7.0,5124,7.819469026548670
70.2,123,99.1,70,18.0,5124,19.79292035398230
70.2,123,99.1,70,32.0,5124,35.03185840707970
71.4,122,94.0,72,0.0,6651,-0.5999999999999940
71.4,122,94.0,72,7.0,6651,6.95752212389381
71.4,122,94.0,72,18.0,6651,18.833628318584100
71.4,122,94.0,72,32.0,6651,33.948672566371700
70.3,119,92.4,72,0.0,6402,-1.7000000000000000
70.3,119,92.4,72,7.0,6402,5.6716814159292
70.3,119,92.4,72,18.0,6402,17.255752212389400
70.3,119,92.4,72,32.0,6402,31.999115044247800
69.2,118,91.2,72,0.0,6239,-2.800000000000000
69.2,118,91.2,72,7.0,6239,4.5097345132743400
69.2,118,91.2,72,18.0,6239,15.99646017699120
69.2,118,91.2,72,32.0,6239,30.61592920353980
68.3,116,89.9,72,0.0,6081,-3.700000000000000
68.3,116,89.9,72,7.0,6081,3.4858407079646000
68.3,116,89.9,72,18.0,6081,14.777876106194700
68.3,116,89.9,72,32.0,6081,29.1495575221239
67.3,115,88.5,72,0.0,5876,-4.700000000000000
67.3,115,88.5,72,7.0,5876,2.4238938053097300
67.3,115,88.5,72,18.0,5876,13.618584070796500
67.3,115,88.5,72,32.0,5876,27.866371681415900
66.4,111,87.0,72,0.0,5658,-5.599999999999990
66.4,111,87.0,72,7.0,5658,1.2761061946902700
66.4,111,87.0,72,18.0,5658,12.081415929203500
66.4,111,87.0,72,32.0,5658,25.833628318584100
75.2,133,106.6,72,0.0,6239,3.200000000000000
75.2,133,106.6,72,7.0,6239,11.438938053097300
75.2,133,106.6,72,18.0,6239,24.385840707964600
75.2,133,106.6,72,32.0,6239,40.86371681415930
74.3,132,105.4,72,0.0,6081,2.300000000000000
74.3,132,105.4,72,7.0,6081,10.476991150442500
74.3,132,105.4,72,18.0,6081,23.32654867256640
74.3,132,105.4,72,32.0,6081,39.680530973451300
73.5,128,103.5,72,0.0,5876,1.5
73.5,128,103.5,72,7.0,5876,9.429203539823010
73.5,128,103.5,72,18.0,5876,21.889380530973500
73.5,128,103.5,72,32.0,5876,37.74778761061950
72.2,122,100.9,72,0.0,5658,0.20000000000000300
72.2,122,100.9,72,7.0,5658,7.757522123893810
72.2,122,100.9,72,18.0,5658,19.633628318584100
72.2,122,100.9,72,32.0,5658,34.74867256637170
71.4,119,99.4,72,0.0,5364,-0.5999999999999940
71.4,119,99.4,72,7.0,5364,6.7716814159292100
71.4,119,99.4,72,18.0,5364,18.35575221238940
71.4,119,99.4,72,32.0,5364,33.099115044247800
69.0,121,91.4,70,0.0,6323,-1.0
69.0,121,91.4,70,7.0,6323,6.495575221238940
69.0,121,91.4,70,18.0,6323,18.274336283185800
69.0,121,91.4,70,32.0,6323,33.26548672566370
68.4,119,90.5,70,0.0,6173,-1.5999999999999900
68.4,119,90.5,70,7.0,6173,5.7716814159292100
68.4,119,90.5,70,18.0,6173,17.35575221238940
68.4,119,90.5,70,32.0,6173,32.099115044247800
67.7,118,89.6,70,0.0,6039,-2.300000000000000
67.7,118,89.6,70,7.0,6039,5.0097345132743400
67.7,118,89.6,70,18.0,6039,16.49646017699120
67.7,118,89.6,70,32.0,6039,31.11592920353980
66.2,115,87.5,70,0.0,5739,-3.800000000000000
66.2,115,87.5,70,7.0,5739,3.323893805309740
66.2,115,87.5,70,18.0,5739,14.518584070796500
66.2,115,87.5,70,32.0,5739,28.766371681415900
64.7,113,85.6,70,0.0,5455,-5.300000000000000
64.7,113,85.6,70,7.0,5455,1.7000000000000000
64.7,113,85.6,70,18.0,5455,12.700000000000000
64.7,113,85.6,70,32.0,5455,26.700000000000000
64.2,111,84.8,70,0.0,5344,-5.800000000000000
64.2,111,84.8,70,7.0,5344,1.0761061946902700
64.2,111,84.8,70,18.0,5344,11.881415929203500
64.2,111,84.8,70,32.0,5344,25.633628318584100
63.8,106,83.5,70,0.0,5166,-6.200000000000000
63.8,106,83.5,70,7.0,5166,0.36637168141592700
63.8,106,83.5,70,18.0,5166,10.684955752212400
63.8,106,83.5,70,32.0,5166,23.81769911504430
75.2,132,106.2,71,0.0,6323,4.200000000000000
75.2,132,106.2,71,7.0,6323,12.376991150442500
75.2,132,106.2,71,18.0,6323,25.226548672566400
75.2,132,106.2,71,32.0,6323,41.58053097345130
74.3,131,105.2,71,0.0,6173,3.300000000000000
74.3,131,105.2,71,7.0,6173,11.415044247787600
74.3,131,105.2,71,18.0,6173,24.167256637168100
74.3,131,105.2,71,32.0,6173,40.39734513274340
73.5,130,104.2,71,0.0,6039,2.5
73.5,130,104.2,71,7.0,6039,10.553097345132700
73.5,130,104.2,71,18.0,6039,23.207964601769900
73.5,130,104.2,71,32.0,6039,39.3141592920354
71.5,126,101.2,71,0.0,5719,0.5
71.5,126,101.2,71,7.0,5719,8.305309734513270
71.5,126,101.2,71,18.0,5719,20.570796460177000
71.5,126,101.2,71,32.0,5719,36.18141592920350
70.0,124,99.1,71,0.0,5455,-1.0
70.0,124,99.1,71,7.0,5455,6.681415929203540
70.0,124,99.1,71,18.0,5455,18.75221238938050
70.0,124,99.1,71,32.0,5455,34.11504424778760
69.1,123,98.2,71,0.0,5344,-1.9000000000000100
69.1,123,98.2,71,7.0,5344,5.719469026548670
69.1,123,98.2,71,18.0,5344,17.692920353982300
69.1,123,98.2,71,32.0,5344,32.93185840707960
68.3,120,96.6,71,0.0,5166,-2.700000000000000
68.3,120,96.6,71,7.0,5166,4.733628318584070
68.3,120,96.6,71,18.0,5166,16.415044247787600
68.3,120,96.6,71,32.0,5166,31.28230088495580
71.0,130,95.2,72,0.0,6517,-1.0
71.0,130,95.2,72,7.0,6517,7.053097345132740
71.0,130,95.2,72,18.0,6517,19.707964601769900
71.0,130,95.2,72,32.0,6517,35.8141592920354
68.2,124,91.1,72,0.0,6000,-3.800000000000000
68.2,124,91.1,72,7.0,6000,3.8814159292035400
68.2,124,91.1,72,18.0,6000,15.952212389380500
68.2,124,91.1,72,32.0,6000,31.31504424778760
66.0,112,86.7,72,0.0,5394,-6.0
66.0,112,86.7,72,7.0,5394,0.9380530973451330
66.0,112,86.7,72,18.0,5394,11.840707964601800
66.0,112,86.7,72,32.0,5394,25.716814159292000
69.1,115,96.3,72,0.0,5134,-2.9000000000000100
69.1,115,96.3,72,7.0,5134,4.223893805309730
69.1,115,96.3,72,18.0,5134,15.418584070796500
69.1,115,96.3,72,32.0,5134,29.666371681415900
70.7,128,94.5,70,0.0,6483,0.7000000000000030
70.7,128,94.5,70,7.0,6483,8.62920353982301
70.7,128,94.5,70,18.0,6483,21.089380530973500
70.7,128,94.5,70,32.0,6483,36.94778761061950
69.7,128,93.4,70,0.0,6352,-0.29999999999999700
69.7,128,93.4,70,7.0,6352,7.62920353982301
69.7,128,93.4,70,18.0,6352,20.089380530973500
69.7,128,93.4,70,32.0,6352,35.94778761061950
69.1,126,92.5,70,0.0,6249,-0.9000000000000060
69.1,126,92.5,70,7.0,6249,6.905309734513270
69.1,126,92.5,70,18.0,6249,19.170796460177000
69.1,126,92.5,70,32.0,6249,34.78141592920350
67.3,123,90.1,70,0.0,5854,-2.700000000000000
67.3,123,90.1,70,7.0,5854,4.9194690265486700
67.3,123,90.1,70,18.0,5854,16.892920353982300
67.3,123,90.1,70,32.0,5854,32.13185840707970
66.1,119,88.3,70,0.0,5621,-3.9000000000000100
66.1,119,88.3,70,7.0,5621,3.471681415929200
66.1,119,88.3,70,18.0,5621,15.055752212389400
66.1,119,88.3,70,32.0,5621,29.799115044247800
63.7,117,85.4,70,0.0,5165,-6.300000000000000
63.7,117,85.4,70,7.0,5165,0.9477876106194710
63.7,117,85.4,70,18.0,5165,12.337168141592900
63.7,117,85.4,70,32.0,5165,26.832743362831900
62.3,114,83.4,70,0.0,4769,-7.700000000000000
62.3,114,83.4,70,7.0,4769,-0.6380530973451360
62.3,114,83.4,70,18.0,4769,10.45929203539820
62.3,114,83.4,70,32.0,4769,24.583185840708000
75.3,140,108.3,71,0.0,6249,4.300000000000000
75.3,140,108.3,71,7.0,6249,12.97256637168140
75.3,140,108.3,71,18.0,6249,26.600884955752200
75.3,140,108.3,71,32.0,6249,43.94601769911500
73.2,134,104.8,71,0.0,5854,2.200000000000000
73.2,134,104.8,71,7.0,5854,10.500884955752200
73.2,134,104.8,71,18.0,5854,23.545132743362800
73.2,134,104.8,71,32.0,5854,40.14690265486730
71.9,132,102.9,71,0.0,5607,0.9000000000000060
71.9,132,102.9,71,7.0,5607,9.076991150442480
71.9,132,102.9,71,18.0,5607,21.926548672566400
71.9,132,102.9,71,32.0,5607,38.280530973451300
69.1,124,98.2,71,0.0,5151,-1.9000000000000100
69.1,124,98.2,71,7.0,5151,5.781415929203530
69.1,124,98.2,71,18.0,5151,17.852212389380500
69.1,124,98.2,71,32.0,5151,33.2150442477876
66.8,115,94.0,71,0.0,4769,-4.200000000000000
66.8,115,94.0,71,7.0,4769,2.9238938053097300
66.8,115,94.0,71,18.0,4769,14.118584070796500
66.8,115,94.0,71,32.0,4769,28.366371681415900
73.2,131,97.5,71,0.0,7145,2.200000000000000
73.2,131,97.5,71,7.0,7145,10.315044247787600
73.2,131,97.5,71,18.0,7145,23.067256637168100
73.2,131,97.5,71,32.0,7145,39.297345132743400
71.4,130,95.6,71,0.0,6842,0.4000000000000060
71.4,130,95.6,71,7.0,6842,8.453097345132750
71.4,130,95.6,71,18.0,6842,21.107964601769900
71.4,130,95.6,71,32.0,6842,37.214159292035400
70.6,128,94.4,71,0.0,6619,-0.4000000000000060
70.6,128,94.4,71,7.0,6619,7.529203539823000
70.6,128,94.4,71,18.0,6619,19.98938053097350
70.6,128,94.4,71,32.0,6619,35.84778761061950
69.4,125,92.6,71,0.0,6420,-1.5999999999999900
69.4,125,92.6,71,7.0,6420,6.143362831858410
69.4,125,92.6,71,18.0,6420,18.31150442477880
69.4,125,92.6,71,32.0,6420,33.798230088495600
68.9,122,91.5,71,0.0,6291,-2.0999999999999900
68.9,122,91.5,71,7.0,6291,5.45752212389381
68.9,122,91.5,71,18.0,6291,17.333628318584100
68.9,122,91.5,71,32.0,6291,32.448672566371700
67.1,118,89.0,71,0.0,5871,-3.9000000000000100
67.1,118,89.0,71,7.0,5871,3.40973451327433
67.1,118,89.0,71,18.0,5871,14.896460176991100
67.1,118,89.0,71,32.0,5871,29.515929203539800
65.3,111,85.9,71,0.0,5487,-5.700000000000000
65.3,111,85.9,71,7.0,5487,1.176106194690260
65.3,111,85.9,71,18.0,5487,11.981415929203500
65.3,111,85.9,71,32.0,5487,25.733628318584100
76.7,139,109.5,71,0.0,6619,5.700000000000000
76.7,139,109.5,71,7.0,6619,14.310619469026500
76.7,139,109.5,71,18.0,6619,27.841592920354000
76.7,139,109.5,71,32.0,6619,45.06283185840710
75.6,137,107.9,71,0.0,6420,4.599999999999990
75.6,137,107.9,71,7.0,6420,13.086725663716800
75.6,137,107.9,71,18.0,6420,26.42300884955750
75.6,137,107.9,71,32.0,6420,43.396460176991200
74.9,136,107.0,71,0.0,6291,3.9000000000000100
74.9,136,107.0,71,7.0,6291,12.32477876106200
74.9,136,107.0,71,18.0,6291,25.563716814159300
74.9,136,107.0,71,32.0,6291,42.413274336283200
72.6,131,103.3,71,0.0,5871,1.5999999999999900
72.6,131,103.3,71,7.0,5871,9.715044247787600
72.6,131,103.3,71,18.0,5871,22.467256637168100
72.6,131,103.3,71,32.0,5871,38.69734513274340
70.1,125,99.6,71,0.0,5487,-0.9000000000000060
70.1,125,99.6,71,7.0,5487,6.8433628318584
70.1,125,99.6,71,18.0,5487,19.01150442477880
70.1,125,99.6,71,32.0,5487,34.498230088495600
73.3,142,99.7,72,0.0,6777,1.3000000000000000
73.3,142,99.7,72,7.0,6777,10.096460176991100
73.3,142,99.7,72,18.0,6777,23.91946902654870
73.3,142,99.7,72,32.0,6777,41.512389380531000
71.0,136,96.2,72,0.0,6294,-1.0
71.0,136,96.2,72,7.0,6294,7.424778761061940
71.0,136,96.2,72,18.0,6294,20.6637168141593
71.0,136,96.2,72,32.0,6294,37.51327433628320
69.5,131,93.9,72,0.0,6003,-2.5
69.5,131,93.9,72,7.0,6003,5.615044247787610
69.5,131,93.9,72,18.0,6003,18.36725663716810
69.5,131,93.9,72,32.0,6003,34.59734513274340
68.1,124,91.0,72,0.0,5642,-3.9000000000000100
68.1,124,91.0,72,7.0,5642,3.7814159292035300
68.1,124,91.0,72,18.0,5642,15.852212389380500
68.1,124,91.0,72,32.0,5642,31.215044247787600
63.5,111,84.1,72,0.0,4729,-8.5
63.5,111,84.1,72,7.0,4729,-1.6238938053097300
63.5,111,84.1,72,18.0,4729,9.181415929203540
63.5,111,84.1,72,32.0,4729,22.93362831858410
68.1,118,95.9,72,0.0,4729,-3.9000000000000100
68.1,118,95.9,72,7.0,4729,3.40973451327433
68.1,118,95.9,72,18.0,4729,14.896460176991100
68.1,118,95.9,72,32.0,4729,29.515929203539800
33.6,115,44.3,36,0.0,2990,-2.4000000000000000
33.6,115,44.3,36,7.0,2990,4.723893805309740
33.6,115,44.3,36,18.0,2990,15.918584070796500
33.6,115,44.3,36,32.0,2990,30.16637168141590
32.9,112,43.3,36,0.0,2847,-3.1000000000000000
32.9,112,43.3,36,7.0,2847,3.8380530973451300
32.9,112,43.3,36,18.0,2847,14.740707964601800
32.9,112,43.3,36,32.0,2847,28.616814159292000
32.0,108,42.0,36,0.0,2675,-4.0
32.0,108,42.0,36,7.0,2675,2.6902654867256600
32.0,108,42.0,36,18.0,2675,13.203539823008900
32.0,108,42.0,36,32.0,2675,26.584070796460200
31.3,97,40.3,36,0.0,2469,-4.700000000000000
31.3,97,40.3,36,7.0,2469,1.308849557522120
31.3,97,40.3,36,18.0,2469,10.751327433628300
31.3,97,40.3,36,32.0,2469,22.76902654867260
36.3,131,51.7,36,0.0,2990,0.29999999999999700
36.3,131,51.7,36,7.0,2990,8.415044247787610
36.3,131,51.7,36,18.0,2990,21.167256637168100
36.3,131,51.7,36,32.0,2990,37.39734513274340
35.4,126,50.3,36,0.0,2847,-0.6000000000000010
35.4,126,50.3,36,7.0,2847,7.205309734513270
35.4,126,50.3,36,18.0,2847,19.470796460177000
35.4,126,50.3,36,32.0,2847,35.08141592920350
34.6,123,49.1,36,0.0,2675,-1.4000000000000000
34.6,123,49.1,36,7.0,2675,6.219469026548670
34.6,123,49.1,36,18.0,2675,18.192920353982300
34.6,123,49.1,36,32.0,2675,33.431858407079600
33.5,120,47.7,36,0.0,2469,-2.5
33.5,120,47.7,36,7.0,2469,4.93362831858407
33.5,120,47.7,36,18.0,2469,16.61504424778760
33.5,120,47.7,36,32.0,2469,31.482300884955700
70.5,124,93.5,72,0.0,6692,-1.5
70.5,124,93.5,72,7.0,6692,6.181415929203540
70.5,124,93.5,72,18.0,6692,18.25221238938050
70.5,124,93.5,72,32.0,6692,33.61504424778760
69.1,121,91.6,72,0.0,6444,-2.9000000000000100
69.1,121,91.6,72,7.0,6444,4.595575221238930
69.1,121,91.6,72,18.0,6444,16.37433628318580
69.1,121,91.6,72,32.0,6444,31.365486725663700
66.2,110,86.7,72,0.0,5845,-5.800000000000000
66.2,110,86.7,72,7.0,5845,1.0141592920354000
66.2,110,86.7,72,18.0,5845,11.722123893805300
66.2,110,86.7,72,32.0,5845,25.3504424778761
63.7,103,82.8,72,0.0,5275,-8.300000000000000
63.7,103,82.8,72,7.0,5275,-1.9194690265486700
63.7,103,82.8,72,18.0,5275,8.107079646017700
63.7,103,82.8,72,32.0,5275,20.868141592920400
59.4,90,76.2,72,0.0,4036,-12.600000000000000
59.4,90,76.2,72,7.0,4036,-7.0247787610619500
59.4,90,76.2,72,18.0,4036,1.7362831858407000
59.4,90,76.2,72,32.0,4036,12.886725663716800
76.8,139,109.5,73,0.0,6692,3.800000000000000
76.8,139,109.5,73,7.0,6692,12.410619469026500
76.8,139,109.5,73,18.0,6692,25.94159292035400
76.8,139,109.5,73,32.0,6692,43.162831858407100
75.4,136,107.3,73,0.0,6444,2.4000000000000100
75.4,136,107.3,73,7.0,6444,10.82477876106200
75.4,136,107.3,73,18.0,6444,24.063716814159300
75.4,136,107.3,73,32.0,6444,40.913274336283200
72.3,130,102.9,73,0.0,5845,-0.7000000000000030
72.3,130,102.9,73,7.0,5845,7.353097345132740
72.3,130,102.9,73,18.0,5845,20.007964601769900
72.3,130,102.9,73,32.0,5845,36.114159292035400
68.9,122,97.6,72,0.0,5275,-3.0999999999999900
68.9,122,97.6,72,7.0,5275,4.45752212389381
68.9,122,97.6,72,18.0,5275,16.333628318584100
68.9,122,97.6,72,32.0,5275,31.448672566371700
61.5,101,85.3,73,0.0,4036,-11.5
61.5,101,85.3,73,7.0,4036,-5.243362831858410
61.5,101,85.3,73,18.0,4036,4.588495575221230
61.5,101,85.3,73,32.0,4036,17.10176991150440
57.6,89,78.5,73,0.0,3158,-15.400000000000000
57.6,89,78.5,73,7.0,3158,-9.88672566371681
57.6,89,78.5,73,18.0,3158,-1.223008849557520
57.6,89,78.5,73,32.0,3158,9.803539823008850
71.0,127,94.8,72,0.0,6530,-1.0
71.0,127,94.8,72,7.0,6530,6.86725663716814
71.0,127,94.8,72,18.0,6530,19.230088495575200
71.0,127,94.8,72,32.0,6530,34.964601769911500
68.8,122,91.4,72,0.0,6068,-3.200000000000000
68.8,122,91.4,72,7.0,6068,4.357522123893800
68.8,122,91.4,72,18.0,6068,16.233628318584100
68.8,122,91.4,72,32.0,6068,31.348672566371700
74.2,133,105.6,72,0.0,6068,2.200000000000000
74.2,133,105.6,72,7.0,6068,10.438938053097300
74.2,133,105.6,72,18.0,6068,23.385840707964600
74.2,133,105.6,72,32.0,6068,39.86371681415930
68.2,120,96.2,72,0.0,4986,-3.800000000000000
68.2,120,96.2,72,7.0,4986,3.6336283185840700
68.2,120,96.2,72,18.0,4986,15.315044247787600
68.2,120,96.2,72,32.0,4986,30.182300884955800
65.4,105,85.0,70,0.0,5574,-4.599999999999990
65.4,105,85.0,70,7.0,5574,1.9044247787610700
65.4,105,85.0,70,18.0,5574,12.12566371681420
65.4,105,85.0,70,32.0,5574,25.134513274336300
64.4,103,83.6,70,0.0,5348,-5.599999999999990
64.4,103,83.6,70,7.0,5348,0.7805309734513340
64.4,103,83.6,70,18.0,5348,10.807079646017700
64.4,103,83.6,70,32.0,5348,23.568141592920400
69.0,109,95.0,70,0.0,5348,-1.0
69.0,109,95.0,70,7.0,5348,5.7522123893805300
69.0,109,95.0,70,18.0,5348,16.362831858407100
69.0,109,95.0,70,32.0,5348,29.86725663716810
65.6,102,89.6,70,0.0,4720,-4.400000000000010
65.6,102,89.6,70,7.0,4720,1.9185840707964600
65.6,102,89.6,70,18.0,4720,11.847787610619500
65.6,102,89.6,70,32.0,4720,24.484955752212400
65.7,109,85.9,69,0.0,5444,-3.300000000000000
65.7,109,85.9,69,7.0,5444,3.4522123893805300
65.7,109,85.9,69,18.0,5444,14.06283185840710
65.7,109,85.9,69,32.0,5444,27.567256637168100
65.1,108,85.1,69,0.0,5327,-3.9000000000000100
65.1,108,85.1,69,7.0,5327,2.7902654867256600
65.1,108,85.1,69,18.0,5327,13.303539823008800
65.1,108,85.1,69,32.0,5327,26.684070796460200
70.4,113,97.1,69,0.0,5444,1.4000000000000100
70.4,113,97.1,69,7.0,5444,8.400000000000010
70.4,113,97.1,69,18.0,5444,19.400000000000000
70.4,113,97.1,69,32.0,5444,33.400000000000000
69.7,112,96.1,69,0.0,5327,0.7000000000000030
69.7,112,96.1,69,7.0,5327,7.638053097345140
69.7,112,96.1,69,18.0,5327,18.54070796460180
69.7,112,96.1,69,32.0,5327,32.416814159292000
67.8,108,93.3,69,0.0,4982,-1.2000000000000000
67.8,108,93.3,69,7.0,4982,5.4902654867256600
67.8,108,93.3,69,18.0,4982,16.00353982300890
67.8,108,93.3,69,32.0,4982,29.38407079646020
71.0,119,93.2,72,0.0,6492,-1.0
71.0,119,93.2,72,7.0,6492,6.371681415929200
71.0,119,93.2,72,18.0,6492,17.955752212389400
71.0,119,93.2,72,32.0,6492,32.69911504424780
69.4,115,90.8,72,0.0,6120,-2.5999999999999900
69.4,115,90.8,72,7.0,6120,4.52389380530974
69.4,115,90.8,72,18.0,6120,15.718584070796500
69.4,115,90.8,72,32.0,6120,29.966371681415900
66.8,109,87.0,72,0.0,5564,-5.200000000000000
66.8,109,87.0,72,7.0,5564,1.5522123893805300
66.8,109,87.0,72,18.0,5564,12.162831858407100
66.8,109,87.0,72,32.0,5564,25.667256637168100
74.4,127,104.4,72,0.0,6120,2.4000000000000100
74.4,127,104.4,72,7.0,6120,10.267256637168100
74.4,127,104.4,72,18.0,6120,22.630088495575200
74.4,127,104.4,72,32.0,6120,38.3646017699115
71.4,120,99.8,72,0.0,5564,-0.5999999999999940
71.4,120,99.8,72,7.0,5564,6.833628318584080
71.4,120,99.8,72,18.0,5564,18.515044247787600
71.4,120,99.8,72,32.0,5564,33.382300884955800
65.8,112,86.6,66,0.0,5426,-0.20000000000000300
65.8,112,86.6,66,7.0,5426,6.73805309734513
65.8,112,86.6,66,18.0,5426,17.640707964601800
65.8,112,86.6,66,32.0,5426,31.51681415929200
64.8,110,85.2,66,0.0,5208,-1.2000000000000000
64.8,110,85.2,66,7.0,5208,5.614159292035400
64.8,110,85.2,66,18.0,5208,16.322123893805300
64.8,110,85.2,66,32.0,5208,29.950442477876100
69.2,113,95.8,68,0.0,5208,1.2000000000000000
69.2,113,95.8,68,7.0,5208,8.200000000000000
69.2,113,95.8,68,18.0,5208,19.200000000000000
69.2,113,95.8,68,32.0,5208,33.2
68.2,111,94.4,68,0.0,5006,0.20000000000000300
68.2,111,94.4,68,7.0,5006,7.076106194690270
68.2,111,94.4,68,18.0,5006,17.88141592920350
68.2,111,94.4,68,32.0,5006,31.633628318584100
63.0,104,82.2,66,0.0,4722,-3.0
63.0,104,82.2,66,7.0,4722,3.442477876106200
63.0,104,82.2,66,18.0,4722,13.56637168141590
63.0,104,82.2,66,32.0,4722,26.45132743362830
64.4,102,88.7,66,0.0,4292,-1.5999999999999900
64.4,102,88.7,66,7.0,4292,4.718584070796470
64.4,102,88.7,66,18.0,4292,14.647787610619500
64.4,102,88.7,66,32.0,4292,27.284955752212400
69.8,118,91.8,70,0.0,6216,-0.20000000000000300
69.8,118,91.8,70,7.0,6216,7.109734513274330
69.8,118,91.8,70,18.0,6216,18.596460176991100
69.8,118,91.8,70,32.0,6216,33.215929203539800
68.2,114,89.4,70,0.0,5882,-1.8000000000000000
68.2,114,89.4,70,7.0,5882,5.26194690265487
68.2,114,89.4,70,18.0,5882,16.359292035398200
68.2,114,89.4,70,32.0,5882,30.48318584070800
70.0,111,96.2,70,0.0,5206,0.0
70.0,111,96.2,70,7.0,5206,6.876106194690270
70.0,111,96.2,70,18.0,5206,17.68141592920350
70.0,111,96.2,70,32.0,5206,31.43362831858410
62.2,92,79.2,65,0.0,4567,-2.800000000000000
62.2,92,79.2,65,7.0,4567,2.899115044247790
62.2,92,79.2,65,18.0,4567,11.854867256637200
62.2,92,79.2,65,32.0,4567,23.253097345132700
65.4,104,89.9,68,0.0,4567,-2.5999999999999900
65.4,104,89.9,68,7.0,4567,3.8424778761062000
65.4,104,89.9,68,18.0,4567,13.966371681415900
65.4,104,89.9,68,32.0,4567,26.851327433628300
69.4,118,91.4,71,0.0,6043,-1.5999999999999900
69.4,118,91.4,71,7.0,6043,5.709734513274340
69.4,118,91.4,71,18.0,6043,17.196460176991200
69.4,118,91.4,71,32.0,6043,31.815929203539800
66.7,112,87.4,71,0.0,5499,-4.300000000000000
66.7,112,87.4,71,7.0,5499,2.6380530973451400
66.7,112,87.4,71,18.0,5499,13.54070796460180
66.7,112,87.4,71,32.0,5499,27.416814159292000
71.6,123,100.9,71,0.0,5499,0.5999999999999940
71.6,123,100.9,71,7.0,5499,8.219469026548670
71.6,123,100.9,71,18.0,5499,20.192920353982300
71.6,123,100.9,71,32.0,5499,35.43185840707960
66.9,113,93.8,71,0.0,4653,-4.099999999999990
66.9,113,93.8,71,7.0,4653,2.9000000000000100
66.9,113,93.8,71,18.0,4653,13.900000000000000
66.9,113,93.8,71,32.0,4653,27.900000000000000
73.4,136,98.5,70,0.0,6839,3.4000000000000100
73.4,136,98.5,70,7.0,6839,11.82477876106200
73.4,136,98.5,70,18.0,6839,25.063716814159300
73.4,136,98.5,70,32.0,6839,41.913274336283200
72.3,134,97.2,70,0.0,6613,2.300000000000000
72.3,134,97.2,70,7.0,6613,10.600884955752200
72.3,134,97.2,70,18.0,6613,23.645132743362800
72.3,134,97.2,70,32.0,6613,40.246902654867300
71.7,131,95.9,70,0.0,6464,1.7000000000000000
71.7,131,95.9,70,7.0,6464,9.815044247787610
71.7,131,95.9,70,18.0,6464,22.567256637168100
71.7,131,95.9,70,32.0,6464,38.797345132743400
70.8,129,94.7,70,0.0,6261,0.7999999999999970
70.8,129,94.7,70,7.0,6261,8.791150442477870
70.8,129,94.7,70,18.0,6261,21.348672566371700
70.8,129,94.7,70,32.0,6261,37.330973451327400
69.6,126,93.0,70,0.0,6009,-0.4000000000000060
69.6,126,93.0,70,7.0,6009,7.405309734513270
69.6,126,93.0,70,18.0,6009,19.670796460177000
69.6,126,93.0,70,32.0,6009,35.28141592920350
68.3,123,91.3,70,0.0,5723,-1.7000000000000000
68.3,123,91.3,70,7.0,5723,5.9194690265486700
68.3,123,91.3,70,18.0,5723,17.892920353982300
68.3,123,91.3,70,32.0,5723,33.13185840707970
66.8,119,89.0,70,0.0,5401,-3.200000000000000
66.8,119,89.0,70,7.0,5401,4.1716814159292
66.8,119,89.0,70,18.0,5401,15.755752212389400
66.8,119,89.0,70,32.0,5401,30.499115044247800
76.4,137,108.5,76,0.0,6261,0.4000000000000060
76.4,137,108.5,76,7.0,6261,8.886725663716820
76.4,137,108.5,76,18.0,6261,22.22300884955750
76.4,137,108.5,76,32.0,6261,39.19646017699120
75.0,134,106.3,76,0.0,6009,-1.0
75.0,134,106.3,76,7.0,6009,7.30088495575221
75.0,134,106.3,76,18.0,6009,20.345132743362800
75.0,134,106.3,76,32.0,6009,36.94690265486730
73.4,130,103.8,76,0.0,5723,-2.5999999999999900
73.4,130,103.8,76,7.0,5723,5.453097345132750
73.4,130,103.8,76,18.0,5723,18.107964601769900
73.4,130,103.8,76,32.0,5723,34.214159292035400
71.7,127,101.3,76,0.0,5401,-4.300000000000000
71.7,127,101.3,76,7.0,5401,3.5672566371681400
71.7,127,101.3,76,18.0,5401,15.93008849557520
71.7,127,101.3,76,32.0,5401,31.664601769911500
73.1,131,97.5,72,0.0,6776,1.0999999999999900
73.1,131,97.5,72,7.0,6776,9.215044247787600
73.1,131,97.5,72,18.0,6776,21.967256637168100
73.1,131,97.5,72,32.0,6776,38.19734513274340
70.4,127,93.9,72,0.0,6198,-1.5999999999999900
70.4,127,93.9,72,7.0,6198,6.2672566371681500
70.4,127,93.9,72,18.0,6198,18.630088495575200
70.4,127,93.9,72,32.0,6198,34.3646017699115
68.9,123,91.6,72,0.0,5833,-3.0999999999999900
68.9,123,91.6,72,7.0,5833,4.519469026548680
68.9,123,91.6,72,18.0,5833,16.4929203539823
68.9,123,91.6,72,32.0,5833,31.731858407079600
66.4,119,88.5,72,0.0,5359,-5.599999999999990
66.4,119,88.5,72,7.0,5359,1.7716814159292100
66.4,119,88.5,72,18.0,5359,13.35575221238940
66.4,119,88.5,72,32.0,5359,28.099115044247800
60.5,103,79.6,72,0.0,3842,-11.5
60.5,103,79.6,72,7.0,3842,-5.119469026548670
60.5,103,79.6,72,18.0,3842,4.907079646017710
60.5,103,79.6,72,32.0,3842,17.66814159292040
76.0,130,106.5,72,0.0,6198,4.0
76.0,130,106.5,72,7.0,6198,12.053097345132700
76.0,130,106.5,72,18.0,6198,24.707964601769900
76.0,130,106.5,72,32.0,6198,40.8141592920354
73.9,126,103.4,72,0.0,5833,1.9000000000000100
73.9,126,103.4,72,7.0,5833,9.705309734513280
73.9,126,103.4,72,18.0,5833,21.970796460177
73.9,126,103.4,72,32.0,5833,37.581415929203500
71.3,120,99.5,72,0.0,5359,-0.7000000000000030
71.3,120,99.5,72,7.0,5359,6.733628318584070
71.3,120,99.5,72,18.0,5359,18.415044247787600
71.3,120,99.5,72,32.0,5359,33.28230088495580
62.8,107,88.0,72,0.0,3841,-9.200000000000000
62.8,107,88.0,72,7.0,3841,-2.5716814159292100
62.8,107,88.0,72,18.0,3841,7.8442477876106100
62.8,107,88.0,72,32.0,3841,21.100884955752200
68.2,120,90.4,72,0.0,5813,-3.800000000000000
68.2,120,90.4,72,7.0,5813,3.6336283185840700
68.2,120,90.4,72,18.0,5813,15.315044247787600
68.2,120,90.4,72,32.0,5813,30.182300884955800
66.5,117,88.3,72,0.0,5478,-5.5
66.5,117,88.3,72,7.0,5478,1.7477876106194700
66.5,117,88.3,72,18.0,5478,13.137168141592900
66.5,117,88.3,72,32.0,5478,27.63274336283190
63.9,109,84.0,72,0.0,4961,-8.100000000000000
63.9,109,84.0,72,7.0,4961,-1.347787610619480
63.9,109,84.0,72,18.0,4961,9.262831858407080
63.9,109,84.0,72,32.0,4961,22.767256637168100
73.4,131,104.3,71,0.0,5813,2.4000000000000100
73.4,131,104.3,71,7.0,5813,10.515044247787600
73.4,131,104.3,71,18.0,5813,23.267256637168100
73.4,131,104.3,71,32.0,5813,39.49734513274340
71.5,127,101.5,71,0.0,5478,0.5
71.5,127,101.5,71,7.0,5478,8.36725663716814
71.5,127,101.5,71,18.0,5478,20.730088495575200
71.5,127,101.5,71,32.0,5478,36.464601769911500
68.1,118,95.9,71,0.0,4961,-2.9000000000000100
68.1,118,95.9,71,7.0,4961,4.40973451327433
68.1,118,95.9,71,18.0,4961,15.896460176991100
68.1,118,95.9,71,32.0,4961,30.515929203539800
59.6,93,76.9,60,0.0,3612,-0.3999999999999990
59.6,93,76.9,60,7.0,3612,5.361061946902650
59.6,93,76.9,60,18.0,3612,14.414159292035400
59.6,93,76.9,60,32.0,3612,25.936283185840700
60.6,96,83.1,60,0.0,3612,0.6000000000000010
60.6,96,83.1,60,7.0,3612,6.546902654867250
60.6,96,83.1,60,18.0,3612,15.892035398230100
60.6,96,83.1,60,32.0,3612,27.78584070796460
58.5,90,79.7,60,0.0,3099,-1.5
58.5,90,79.7,60,7.0,3099,4.075221238938060
58.5,90,79.7,60,18.0,3099,12.836283185840700
58.5,90,79.7,60,32.0,3099,23.98672566371680
72.0,130,96.1,72,0.0,6475,0.0
72.0,130,96.1,72,7.0,6475,8.053097345132740
72.0,130,96.1,72,18.0,6475,20.707964601769900
72.0,130,96.1,72,32.0,6475,36.8141592920354
70.6,127,94.1,72,0.0,6164,-1.4000000000000100
70.6,127,94.1,72,7.0,6164,6.467256637168130
70.6,127,94.1,72,18.0,6164,18.83008849557520
70.6,127,94.1,72,32.0,6164,34.56460176991150
67.1,121,89.5,72,0.0,5414,-4.900000000000010
67.1,121,89.5,72,7.0,5414,2.5955752212389300
67.1,121,89.5,72,18.0,5414,14.37433628318580
67.1,121,89.5,72,32.0,5414,29.365486725663700
65.5,118,87.3,72,0.0,5053,-6.5
65.5,118,87.3,72,7.0,5053,0.8097345132743360
65.5,118,87.3,72,18.0,5053,12.296460176991100
65.5,118,87.3,72,32.0,5053,26.915929203539800
76.4,128,106.6,72,0.0,6164,4.400000000000010
76.4,128,106.6,72,7.0,6164,12.329203539823000
76.4,128,106.6,72,18.0,6164,24.78938053097350
76.4,128,106.6,72,32.0,6164,40.647787610619500
72.2,119,100.3,72,0.0,5414,0.20000000000000300
72.2,119,100.3,72,7.0,5414,7.571681415929210
72.2,119,100.3,72,18.0,5414,19.155752212389400
72.2,119,100.3,72,32.0,5414,33.89911504424780
70.2,115,97.4,72,0.0,5053,-1.8000000000000000
70.2,115,97.4,72,7.0,5053,5.323893805309740
70.2,115,97.4,72,18.0,5053,16.518584070796500
70.2,115,97.4,72,32.0,5053,30.766371681415900
70.4,126,93.8,71,0.0,6259,-0.5999999999999940
70.4,126,93.8,71,7.0,6259,7.205309734513280
70.4,126,93.8,71,18.0,6259,19.470796460177
70.4,126,93.8,71,32.0,6259,35.081415929203500
69.3,123,92.1,71,0.0,6059,-1.7000000000000000
69.3,123,92.1,71,7.0,6059,5.9194690265486700
69.3,123,92.1,71,18.0,6059,17.892920353982300
69.3,123,92.1,71,32.0,6059,33.13185840707970
66.3,117,88.1,71,0.0,5411,-4.700000000000000
66.3,117,88.1,71,7.0,5411,2.5477876106194700
66.3,117,88.1,71,18.0,5411,13.93716814159290
66.3,117,88.1,71,32.0,5411,28.432743362831900
76.4,131,107.2,71,0.0,6259,5.400000000000010
76.4,131,107.2,71,7.0,6259,13.515044247787600
76.4,131,107.2,71,18.0,6259,26.267256637168100
76.4,131,107.2,71,32.0,6259,42.49734513274340
75.3,128,105.5,71,0.0,6059,4.300000000000000
75.3,128,105.5,71,7.0,6059,12.229203539823000
75.3,128,105.5,71,18.0,6059,24.68938053097350
75.3,128,105.5,71,32.0,6059,40.547787610619500
71.6,121,100.0,71,0.0,5411,0.5999999999999940
71.6,121,100.0,71,7.0,5411,8.095575221238930
71.6,121,100.0,71,18.0,5411,19.87433628318580
71.6,121,100.0,71,32.0,5411,34.865486725663700
69.5,120,91.8,70,0.0,6229,-0.5
69.5,120,91.8,70,7.0,6229,6.93362831858407
69.5,120,91.8,70,18.0,6229,18.61504424778760
69.5,120,91.8,70,32.0,6229,33.48230088495580
68.4,118,90.3,70,0.0,5969,-1.5999999999999900
68.4,118,90.3,70,7.0,5969,5.709734513274340
68.4,118,90.3,70,18.0,5969,17.196460176991200
68.4,118,90.3,70,32.0,5969,31.815929203539800
64.9,112,85.6,70,0.0,5222,-5.099999999999990
64.9,112,85.6,70,7.0,5222,1.8380530973451400
64.9,112,85.6,70,18.0,5222,12.740707964601800
64.9,112,85.6,70,32.0,5222,26.616814159292000
63.2,107,83.1,70,0.0,4775,-6.800000000000000
63.2,107,83.1,70,7.0,4775,-0.17168141592920000
63.2,107,83.1,70,18.0,4775,10.244247787610600
63.2,107,83.1,70,32.0,4775,23.500884955752200
75.4,129,105.8,70,0.0,6229,5.400000000000010
75.4,129,105.8,70,7.0,6229,13.39115044247790
75.4,129,105.8,70,18.0,6229,25.948672566371700
75.4,129,105.8,70,32.0,6229,41.930973451327400
73.9,127,103.7,70,0.0,5969,3.9000000000000100
73.9,127,103.7,70,7.0,5969,11.767256637168100
73.9,127,103.7,70,18.0,5969,24.130088495575200
73.9,127,103.7,70,32.0,5969,39.8646017699115
69.7,118,97.4,70,0.0,5222,-0.29999999999999700
69.7,118,97.4,70,7.0,5222,7.0097345132743400
69.7,118,97.4,70,18.0,5222,18.49646017699120
69.7,118,97.4,70,32.0,5222,33.11592920353980
67.3,112,93.7,70,0.0,4775,-2.700000000000000
67.3,112,93.7,70,7.0,4775,4.23805309734513
67.3,112,93.7,70,18.0,4775,15.140707964601800
67.3,112,93.7,70,32.0,4775,29.01681415929200
72.3,132,96.8,72,0.0,6548,0.29999999999999700
72.3,132,96.8,72,7.0,6548,8.476991150442470
72.3,132,96.8,72,18.0,6548,21.32654867256640
72.3,132,96.8,72,32.0,6548,37.680530973451300
70.7,131,94.9,72,0.0,6239,-1.3000000000000000
70.7,131,94.9,72,7.0,6239,6.815044247787610
70.7,131,94.9,72,18.0,6239,19.567256637168100
70.7,131,94.9,72,32.0,6239,35.797345132743400
69.2,125,92.4,72,0.0,5879,-2.800000000000000
69.2,125,92.4,72,7.0,5879,4.943362831858410
69.2,125,92.4,72,18.0,5879,17.111504424778800
69.2,125,92.4,72,32.0,5879,32.59823008849560
67.2,121,89.6,72,0.0,5528,-4.800000000000000
67.2,121,89.6,72,7.0,5528,2.69557522123894
67.2,121,89.6,72,18.0,5528,14.474336283185800
67.2,121,89.6,72,32.0,5528,29.465486725663700
65.2,111,85.9,72,0.0,5092,-6.800000000000000
65.2,111,85.9,72,7.0,5092,0.07610619469026860
65.2,111,85.9,72,18.0,5092,10.881415929203500
65.2,111,85.9,72,32.0,5092,24.633628318584100
64.9,111,85.6,72,0.0,5034,-7.099999999999990
64.9,111,85.6,72,7.0,5034,-0.22389380530972900
64.9,111,85.6,72,18.0,5034,10.581415929203500
64.9,111,85.6,72,32.0,5034,24.333628318584100
76.8,136,108.9,72,0.0,6239,4.800000000000000
76.8,136,108.9,72,7.0,6239,13.224778761061900
76.8,136,108.9,72,18.0,6239,26.463716814159300
76.8,136,108.9,72,32.0,6239,43.313274336283200
74.8,130,105.5,72,0.0,5879,2.800000000000000
74.8,130,105.5,72,7.0,5879,10.853097345132700
74.8,130,105.5,72,18.0,5879,23.507964601769900
74.8,130,105.5,72,32.0,5879,39.614159292035400
72.6,128,102.6,72,0.0,5528,0.5999999999999940
72.6,128,102.6,72,7.0,5528,8.529203539823000
72.6,128,102.6,72,18.0,5528,20.98938053097350
72.6,128,102.6,72,32.0,5528,36.84778761061950
69.9,122,98.5,72,0.0,5092,-2.0999999999999900
69.9,122,98.5,72,7.0,5092,5.45752212389381
69.9,122,98.5,72,18.0,5092,17.333628318584100
69.9,122,98.5,72,32.0,5092,32.448672566371700
69.5,121,97.9,72,0.0,5034,-2.5
69.5,121,97.9,72,7.0,5034,4.995575221238940
69.5,121,97.9,72,18.0,5034,16.774336283185800
69.5,121,97.9,72,32.0,5034,31.76548672566370
71.2,133,95.8,72,0.0,6470,-0.7999999999999970
71.2,133,95.8,72,7.0,6470,7.4389380530973500
71.2,133,95.8,72,18.0,6470,20.385840707964600
71.2,133,95.8,72,32.0,6470,36.86371681415930
69.9,130,94.0,72,0.0,6182,-2.0999999999999900
69.9,130,94.0,72,7.0,6182,5.953097345132750
69.9,130,94.0,72,18.0,6182,18.607964601769900
69.9,130,94.0,72,32.0,6182,34.714159292035400
67.9,125,91.2,72,0.0,5731,-4.099999999999990
67.9,125,91.2,72,7.0,5731,3.6433628318584100
67.9,125,91.2,72,18.0,5731,15.81150442477880
67.9,125,91.2,72,32.0,5731,31.298230088495600
65.7,121,88.2,72,0.0,5247,-6.300000000000000
65.7,121,88.2,72,7.0,5247,1.19557522123894
65.7,121,88.2,72,18.0,5247,12.974336283185800
65.7,121,88.2,72,32.0,5247,27.965486725663700
76.1,132,107.3,74,0.0,6182,2.0999999999999900
76.1,132,107.3,74,7.0,6182,10.27699115044250
76.1,132,107.3,74,18.0,6182,23.126548672566400
76.1,132,107.3,74,32.0,6182,39.48053097345130
70.9,124,99.7,74,0.0,5247,-3.0999999999999900
70.9,124,99.7,74,7.0,5247,4.581415929203540
70.9,124,99.7,74,18.0,5247,16.652212389380500
70.9,124,99.7,74,32.0,5247,32.015044247787600
70.1,123,98.9,74,0.0,5117,-3.9000000000000100
70.1,123,98.9,74,7.0,5117,3.7194690265486700
70.1,123,98.9,74,18.0,5117,15.692920353982300
70.1,123,98.9,74,32.0,5117,30.93185840707960
28.5,86,36.5,27,0.0,1530,1.5
28.5,86,36.5,27,7.0,1530,6.8274336283185900
28.5,86,36.5,27,18.0,1530,15.19911504424780
28.5,86,36.5,27,32.0,1530,25.85398230088500
26.4,79,33.7,27,0.0,1389,-0.6000000000000010
26.4,79,33.7,27,7.0,1389,4.293805309734510
26.4,79,33.7,27,18.0,1389,11.984070796460200
26.4,79,33.7,27,32.0,1389,21.7716814159292
25.5,74,32.4,27,0.0,1187,-1.5
25.5,74,32.4,27,7.0,1187,3.0840707964601800
25.5,74,32.4,27,18.0,1187,10.287610619469000
25.5,74,32.4,27,32.0,1187,19.455752212389400
23.8,67,30.0,27,0.0,809,-3.2000000000000000
23.8,67,30.0,27,7.0,809,0.9504424778761090
23.8,67,30.0,27,18.0,809,7.472566371681420
23.8,67,30.0,27,32.0,809,15.773451327433600
28.5,86,38.6,27,0.0,1530,1.5
28.5,86,38.6,27,7.0,1530,6.8274336283185900
28.5,86,38.6,27,18.0,1530,15.19911504424780
28.5,86,38.6,27,32.0,1530,25.85398230088500
27.3,80,36.7,27,0.0,1389,0.3000000000000010
27.3,80,36.7,27,7.0,1389,5.255752212389380
27.3,80,36.7,27,18.0,1389,13.04336283185840
27.3,80,36.7,27,32.0,1389,22.954867256637200
26.2,75,35.1,27,0.0,1187,-0.8000000000000010
26.2,75,35.1,27,7.0,1187,3.8460176991150400
26.2,75,35.1,27,18.0,1187,11.146902654867300
26.2,75,35.1,27,32.0,1187,20.438938053097300
24.1,66,31.9,27,0.0,809,-2.9000000000000000
24.1,66,31.9,27,7.0,809,1.1884955752212400
24.1,66,31.9,27,18.0,809,7.613274336283180
24.1,66,31.9,27,32.0,809,15.790265486725700
73.9,132,98.5,72,0.0,7045,1.9000000000000100
73.9,132,98.5,72,7.0,7045,10.076991150442500
73.9,132,98.5,72,18.0,7045,22.926548672566400
73.9,132,98.5,72,32.0,7045,39.280530973451300
73.0,131,97.3,72,0.0,6840,1.0
73.0,131,97.3,72,7.0,6840,9.115044247787610
73.0,131,97.3,72,18.0,6840,21.86725663716810
73.0,131,97.3,72,32.0,6840,38.09734513274340
71.6,128,95.4,72,0.0,6545,-0.4000000000000060
71.6,128,95.4,72,7.0,6545,7.529203539823000
71.6,128,95.4,72,18.0,6545,19.98938053097350
71.6,128,95.4,72,32.0,6545,35.84778761061950
70.1,126,93.4,72,0.0,6212,-1.9000000000000100
70.1,126,93.4,72,7.0,6212,5.905309734513270
70.1,126,93.4,72,18.0,6212,18.170796460177000
70.1,126,93.4,72,32.0,6212,33.78141592920350
69.1,124,92.0,72,0.0,6004,-2.9000000000000100
69.1,124,92.0,72,7.0,6004,4.781415929203530
69.1,124,92.0,72,18.0,6004,16.852212389380500
69.1,124,92.0,72,32.0,6004,32.2150442477876
66.6,118,88.4,72,0.0,5419,-5.400000000000010
66.6,118,88.4,72,7.0,5419,1.90973451327433
66.6,118,88.4,72,18.0,5419,13.396460176991100
66.6,118,88.4,72,32.0,5419,28.015929203539800
66.0,116,87.5,72,0.0,5288,-6.0
66.0,116,87.5,72,7.0,5288,1.1858407079646000
66.0,116,87.5,72,18.0,5288,12.477876106194700
66.0,116,87.5,72,32.0,5288,26.849557522123900
60.8,105,80.3,66,0.0,3766,-5.200000000000000
60.8,105,80.3,66,7.0,3766,1.30442477876106
60.8,105,80.3,66,18.0,3766,11.525663716814200
60.8,105,80.3,66,32.0,3766,24.534513274336300
54.7,91,71.5,58,0.0,2912,-3.300000000000000
54.7,91,71.5,58,7.0,2912,2.337168141592930
54.7,91,71.5,58,18.0,2912,11.19557522123890
54.7,91,71.5,58,32.0,2912,22.469911504424800
77.4,139,110.1,72,0.0,6545,5.400000000000010
77.4,139,110.1,72,7.0,6545,14.010619469026600
77.4,139,110.1,72,18.0,6545,27.54159292035400
77.4,139,110.1,72,32.0,6545,44.76283185840710
75.6,135,107.3,72,0.0,6212,3.5999999999999900
75.6,135,107.3,72,7.0,6212,11.962831858407100
75.6,135,107.3,72,18.0,6212,25.104424778761100
75.6,135,107.3,72,32.0,6212,41.83008849557520
74.4,132,105.6,72,0.0,6004,2.4000000000000100
74.4,132,105.6,72,7.0,6004,10.576991150442500
74.4,132,105.6,72,18.0,6004,23.426548672566400
74.4,132,105.6,72,32.0,6004,39.780530973451300
71.1,126,100.8,72,0.0,5419,-0.9000000000000060
71.1,126,100.8,72,7.0,5419,6.905309734513270
71.1,126,100.8,72,18.0,5419,19.170796460177000
71.1,126,100.8,72,32.0,5419,34.78141592920350
70.4,125,99.7,72,0.0,5288,-1.5999999999999900
70.4,125,99.7,72,7.0,5288,6.143362831858410
70.4,125,99.7,72,18.0,5288,18.31150442477880
70.4,125,99.7,72,32.0,5288,33.798230088495600
61.9,106,86.8,66,0.0,3766,-4.100000000000000
61.9,106,86.8,66,7.0,3766,2.4663716814159200
61.9,106,86.8,66,18.0,3766,12.784955752212400
61.9,106,86.8,66,32.0,3766,25.917699115044200
56.7,93,78.6,58,0.0,2912,-1.3000000000000000
56.7,93,78.6,58,7.0,2912,4.46106194690266
56.7,93,78.6,58,18.0,2912,13.514159292035400
56.7,93,78.6,58,32.0,2912,25.036283185840700
72.3,128,96.0,72,0.0,6638,0.29999999999999700
72.3,128,96.0,72,7.0,6638,8.229203539823000
72.3,128,96.0,72,18.0,6638,20.68938053097350
72.3,128,96.0,72,32.0,6638,36.547787610619500
70.3,124,93.2,72,0.0,6196,-1.7000000000000000
70.3,124,93.2,72,7.0,6196,5.981415929203540
70.3,124,93.2,72,18.0,6196,18.05221238938050
70.3,124,93.2,72,32.0,6196,33.415044247787600
68.7,120,90.9,72,0.0,5843,-3.300000000000000
68.7,120,90.9,72,7.0,5843,4.133628318584070
68.7,120,90.9,72,18.0,5843,15.815044247787600
68.7,120,90.9,72,32.0,5843,30.682300884955800
67.0,117,88.7,72,0.0,5490,-5.0
67.0,117,88.7,72,7.0,5490,2.2477876106194700
67.0,117,88.7,72,18.0,5490,13.637168141592900
67.0,117,88.7,72,32.0,5490,28.13274336283190
65.4,114,86.5,72,0.0,5125,-6.599999999999990
65.4,114,86.5,72,7.0,5125,0.4619469026548730
65.4,114,86.5,72,18.0,5125,11.559292035398200
65.4,114,86.5,72,32.0,5125,25.683185840708000
75.8,133,107.0,72,0.0,6196,3.800000000000000
75.8,133,107.0,72,7.0,6196,12.03893805309730
75.8,133,107.0,72,18.0,6196,24.9858407079646
75.8,133,107.0,72,32.0,6196,41.463716814159300
73.8,129,104.1,72,0.0,5843,1.8000000000000000
73.8,129,104.1,72,7.0,5843,9.791150442477870
73.8,129,104.1,72,18.0,5843,22.348672566371700
73.8,129,104.1,72,32.0,5843,38.330973451327400
69.8,120,98.1,72,0.0,5125,-2.200000000000000
69.8,120,98.1,72,7.0,5125,5.233628318584070
69.8,120,98.1,72,18.0,5125,16.915044247787600
69.8,120,98.1,72,32.0,5125,31.78230088495580
71.1,114,92.2,72,0.0,6781,-0.9000000000000060
71.1,114,92.2,72,7.0,6781,6.1619469026548600
71.1,114,92.2,72,18.0,6781,17.259292035398200
71.1,114,92.2,72,32.0,6781,31.383185840708000
70.6,115,92.0,71,0.0,6626,-0.4000000000000060
70.6,115,92.0,71,7.0,6626,6.723893805309730
70.6,115,92.0,71,18.0,6626,17.918584070796500
70.6,115,92.0,71,32.0,6626,32.166371681415900
69.9,112,90.8,72,0.0,6559,-2.0999999999999900
69.9,112,90.8,72,7.0,6559,4.8380530973451400
69.9,112,90.8,72,18.0,6559,15.740707964601800
69.9,112,90.8,72,32.0,6559,29.616814159292000
69.3,114,90.5,72,0.0,6378,-2.700000000000000
69.3,114,90.5,72,7.0,6378,4.361946902654860
69.3,114,90.5,72,18.0,6378,15.45929203539820
69.3,114,90.5,72,32.0,6378,29.583185840708000
69.3,110,89.6,71,0.0,6377,-1.7000000000000000
69.3,110,89.6,71,7.0,6377,5.114159292035400
69.3,110,89.6,71,18.0,6377,15.822123893805300
69.3,110,89.6,71,32.0,6377,29.450442477876100
68.3,107,88.2,70,0.0,6185,-1.7000000000000000
68.3,107,88.2,70,7.0,6185,4.928318584070790
68.3,107,88.2,70,18.0,6185,15.344247787610600
68.3,107,88.2,70,32.0,6185,28.600884955752200
74.2,120,102.3,73,0.0,6263,1.2000000000000000
74.2,120,102.3,73,7.0,6263,8.633628318584070
74.2,120,102.3,73,18.0,6263,20.31504424778760
74.2,120,102.3,73,32.0,6263,35.182300884955800
73.6,122,102.2,73,0.0,6096,0.5999999999999940
73.6,122,102.2,73,7.0,6096,8.157522123893800
73.6,122,102.2,73,18.0,6096,20.033628318584100
73.6,122,102.2,73,32.0,6096,35.14867256637170
72.6,116,99.9,73,0.0,5967,-0.4000000000000060
72.6,116,99.9,73,7.0,5967,6.785840707964600
72.6,116,99.9,73,18.0,5967,18.07787610619470
72.6,116,99.9,73,32.0,5967,32.44955752212390
72.5,116,99.8,72,0.0,5905,0.5
72.5,116,99.8,72,7.0,5905,7.685840707964600
72.5,116,99.8,72,18.0,5905,18.977876106194700
72.5,116,99.8,72,32.0,5905,33.34955752212390
71.9,116,99.2,73,0.0,5799,-1.0999999999999900
71.9,116,99.2,73,7.0,5799,6.085840707964610
71.9,116,99.2,73,18.0,5799,17.37787610619470
71.9,116,99.2,73,32.0,5799,31.749557522123900
71.5,113,98.2,71,0.0,5723,0.5
71.5,113,98.2,71,7.0,5723,7.5
71.5,113,98.2,71,18.0,5723,18.5
71.5,113,98.2,71,32.0,5723,32.5
72.3,128,96.0,72,0.0,6638,0.29999999999999700
72.3,128,96.0,72,7.0,6638,8.229203539823000
72.3,128,96.0,72,18.0,6638,20.68938053097350
72.3,128,96.0,72,32.0,6638,36.547787610619500
70.3,124,93.2,72,0.0,6196,-1.7000000000000000
70.3,124,93.2,72,7.0,6196,5.981415929203540
70.3,124,93.2,72,18.0,6196,18.05221238938050
70.3,124,93.2,72,32.0,6196,33.415044247787600
68.7,120,90.9,72,0.0,5843,-3.300000000000000
68.7,120,90.9,72,7.0,5843,4.133628318584070
68.7,120,90.9,72,18.0,5843,15.815044247787600
68.7,120,90.9,72,32.0,5843,30.682300884955800
67.0,117,88.7,72,0.0,5490,-5.0
67.0,117,88.7,72,7.0,5490,2.2477876106194700
67.0,117,88.7,72,18.0,5490,13.637168141592900
67.0,117,88.7,72,32.0,5490,28.13274336283190
65.4,114,86.5,72,0.0,5125,-6.599999999999990
65.4,114,86.5,72,7.0,5125,0.4619469026548730
65.4,114,86.5,72,18.0,5125,11.559292035398200
65.4,114,86.5,72,32.0,5125,25.683185840708000
75.8,133,107.0,72,0.0,6196,3.800000000000000
75.8,133,107.0,72,7.0,6196,12.03893805309730
75.8,133,107.0,72,18.0,6196,24.9858407079646
75.8,133,107.0,72,32.0,6196,41.463716814159300
73.8,129,104.1,72,0.0,5843,1.8000000000000000
73.8,129,104.1,72,7.0,5843,9.791150442477870
73.8,129,104.1,72,18.0,5843,22.348672566371700
73.8,129,104.1,72,32.0,5843,38.330973451327400
69.8,120,98.1,72,0.0,5125,-2.200000000000000
69.8,120,98.1,72,7.0,5125,5.233628318584070
69.8,120,98.1,72,18.0,5125,16.915044247787600
69.8,120,98.1,72,32.0,5125,31.78230088495580
68.2,120,90.5,71,0.0,5832,-2.800000000000000
68.2,120,90.5,71,7.0,5832,4.633628318584070
68.2,120,90.5,71,18.0,5832,16.31504424778760
68.2,120,90.5,71,32.0,5832,31.182300884955800
65.6,112,86.4,71,0.0,5325,-5.400000000000010
65.6,112,86.4,71,7.0,5325,1.5380530973451300
65.6,112,86.4,71,18.0,5325,12.440707964601800
65.6,112,86.4,71,32.0,5325,26.316814159292000
70.9,124,100.1,71,0.0,5325,-0.09999999999999430
70.9,124,100.1,71,7.0,5325,7.581415929203540
70.9,124,100.1,71,18.0,5325,19.652212389380500
70.9,124,100.1,71,32.0,5325,35.015044247787600
66.3,109,92.1,71,0.0,4570,-4.700000000000000
66.3,109,92.1,71,7.0,4570,2.0522123893805300
66.3,109,92.1,71,18.0,4570,12.662831858407100
66.3,109,92.1,71,32.0,4570,26.167256637168100
73.5,129,97.5,71,0.0,6986,2.5
73.5,129,97.5,71,7.0,6986,10.491150442477900
73.5,129,97.5,71,18.0,6986,23.04867256637170
73.5,129,97.5,71,32.0,6986,39.03097345132740
72.0,125,95.1,71,0.0,6637,1.0
72.0,125,95.1,71,7.0,6637,8.743362831858410
72.0,125,95.1,71,18.0,6637,20.911504424778800
72.0,125,95.1,71,32.0,6637,36.39823008849560
69.2,120,91.3,71,0.0,6093,-1.8000000000000000
69.2,120,91.3,71,7.0,6093,5.633628318584070
69.2,120,91.3,71,18.0,6093,17.31504424778760
69.2,120,91.3,71,32.0,6093,32.182300884955800
67.3,117,89.1,71,0.0,5702,-3.700000000000000
67.3,117,89.1,71,7.0,5702,3.5477876106194700
67.3,117,89.1,71,18.0,5702,14.93716814159290
67.3,117,89.1,71,32.0,5702,29.432743362831900
65.6,111,86.2,71,0.0,5334,-5.400000000000010
65.6,111,86.2,71,7.0,5334,1.47610619469026
65.6,111,86.2,71,18.0,5334,12.281415929203500
65.6,111,86.2,71,32.0,5334,26.033628318584100
78.3,133,109.6,71,0.0,6637,7.300000000000000
78.3,133,109.6,71,7.0,6637,15.53893805309730
78.3,133,109.6,71,18.0,6637,28.4858407079646
78.3,133,109.6,71,32.0,6637,44.963716814159300
75.2,127,105.0,71,0.0,6093,4.200000000000000
75.2,127,105.0,71,7.0,6093,12.067256637168100
75.2,127,105.0,71,18.0,6093,24.43008849557520
75.2,127,105.0,71,32.0,6093,40.16460176991150
73.0,121,101.4,70,0.0,5702,3.0
73.0,121,101.4,70,7.0,5702,10.495575221238900
73.0,121,101.4,70,18.0,5702,22.274336283185800
73.0,121,101.4,70,32.0,5702,37.26548672566370
70.7,116,98.1,71,0.0,5334,-0.29999999999999700
70.7,116,98.1,71,7.0,5334,6.885840707964600
70.7,116,98.1,71,18.0,5334,18.177876106194700
70.7,116,98.1,71,32.0,5334,32.549557522123900
71.2,122,93.8,72,0.0,6605,-0.7999999999999970
71.2,122,93.8,72,7.0,6605,6.757522123893810
71.2,122,93.8,72,18.0,6605,18.633628318584100
71.2,122,93.8,72,32.0,6605,33.74867256637170
69.2,117,91.0,72,0.0,6199,-2.800000000000000
69.2,117,91.0,72,7.0,6199,4.447787610619470
69.2,117,91.0,72,18.0,6199,15.837168141592900
69.2,117,91.0,72,32.0,6199,30.332743362831900
67.1,112,87.9,72,0.0,5641,-4.900000000000010
67.1,112,87.9,72,7.0,5641,2.038053097345130
67.1,112,87.9,72,18.0,5641,12.940707964601800
67.1,112,87.9,72,32.0,5641,26.816814159292000
65.3,109,85.5,72,0.0,5200,-6.700000000000000
65.3,109,85.5,72,7.0,5200,0.052212389380528600
65.3,109,85.5,72,18.0,5200,10.662831858407100
65.3,109,85.5,72,32.0,5200,24.167256637168100
76.7,135,108.3,74,0.0,6605,2.700000000000000
76.7,135,108.3,74,7.0,6605,11.06283185840710
76.7,135,108.3,74,18.0,6605,24.204424778761100
76.7,135,108.3,74,32.0,6605,40.930088495575200
74.3,132,105.4,74,0.0,6199,0.29999999999999700
74.3,132,105.4,74,7.0,6199,8.476991150442470
74.3,132,105.4,74,18.0,6199,21.32654867256640
74.3,132,105.4,74,32.0,6199,37.680530973451300
70.6,125,100.1,74,0.0,5641,-3.4000000000000100
70.6,125,100.1,74,7.0,5641,4.3433628318584
70.6,125,100.1,74,18.0,5641,16.51150442477880
70.6,125,100.1,74,32.0,5641,31.998230088495600
68.7,120,97.0,74,0.0,5200,-5.300000000000000
68.7,120,97.0,74,7.0,5200,2.1336283185840700
68.7,120,97.0,74,18.0,5200,13.815044247787600
68.7,120,97.0,74,32.0,5200,28.682300884955800
68.1,115,89.3,70,0.0,5862,-1.9000000000000100
68.1,115,89.3,70,7.0,5862,5.223893805309730
68.1,115,89.3,70,18.0,5862,16.418584070796500
68.1,115,89.3,70,32.0,5862,30.666371681415900
67.0,112,87.8,70,0.0,5619,-3.0
67.0,112,87.8,70,7.0,5619,3.938053097345130
67.0,112,87.8,70,18.0,5619,14.840707964601800
67.0,112,87.8,70,32.0,5619,28.716814159292000
63.2,101,81.8,70,0.0,5083,-6.800000000000000
63.2,101,81.8,70,7.0,5083,-0.5433628318584030
63.2,101,81.8,70,18.0,5083,9.288495575221250
63.2,101,81.8,70,32.0,5083,21.801769911504400
73.9,124,103.3,74,0.0,5862,-0.09999999999999430
73.9,124,103.3,74,7.0,5862,7.581415929203540
73.9,124,103.3,74,18.0,5862,19.652212389380500
73.9,124,103.3,74,32.0,5862,35.015044247787600
72.5,122,101.2,74,0.0,5619,-1.5
72.5,122,101.2,74,7.0,5619,6.057522123893800
72.5,122,101.2,74,18.0,5619,17.93362831858410
72.5,122,101.2,74,32.0,5619,33.04867256637170
69.1,115,96.3,74,0.0,5083,-4.900000000000010
69.1,115,96.3,74,7.0,5083,2.2238938053097300
69.1,115,96.3,74,18.0,5083,13.418584070796500
69.1,115,96.3,74,32.0,5083,27.666371681415900
70.3,129,94.3,71,0.0,6208,-0.7000000000000030
70.3,129,94.3,71,7.0,6208,7.291150442477870
70.3,129,94.3,71,18.0,6208,19.848672566371700
70.3,129,94.3,71,32.0,6208,35.830973451327400
69.5,128,93.3,71,0.0,6036,-1.5
69.5,128,93.3,71,7.0,6036,6.429203539823010
69.5,128,93.3,71,18.0,6036,18.889380530973500
69.5,128,93.3,71,32.0,6036,34.74778761061950
68.1,124,90.9,71,0.0,5786,-2.9000000000000100
68.1,124,90.9,71,7.0,5786,4.781415929203530
68.1,124,90.9,71,18.0,5786,16.852212389380500
68.1,124,90.9,71,32.0,5786,32.2150442477876
67.0,121,89.5,71,0.0,5598,-4.0
67.0,121,89.5,71,7.0,5598,3.495575221238940
67.0,121,89.5,71,18.0,5598,15.274336283185800
67.0,121,89.5,71,32.0,5598,30.26548672566370
63.3,106,83.0,67,0.0,4866,-3.700000000000000
63.3,106,83.0,67,7.0,4866,2.8663716814159300
63.3,106,83.0,67,18.0,4866,13.184955752212400
63.3,106,83.0,67,32.0,4866,26.31769911504430
61.9,101,80.7,67,0.0,4565,-5.100000000000000
61.9,101,80.7,67,7.0,4565,1.156637168141590
61.9,101,80.7,67,18.0,4565,10.988495575221200
61.9,101,80.7,67,32.0,4565,23.501769911504400
75.8,134,107.4,74,0.0,6208,1.8000000000000000
75.8,134,107.4,74,7.0,6208,10.100884955752200
75.8,134,107.4,74,18.0,6208,23.145132743362800
75.8,134,107.4,74,32.0,6208,39.746902654867300
74.9,131,105.8,73,0.0,6036,1.9000000000000100
74.9,131,105.8,73,7.0,6036,10.015044247787600
74.9,131,105.8,73,18.0,6036,22.767256637168100
74.9,131,105.8,73,32.0,6036,38.99734513274340
73.4,129,103.9,73,0.0,5786,0.4000000000000060
73.4,129,103.9,73,7.0,5786,8.39115044247788
73.4,129,103.9,73,18.0,5786,20.948672566371700
73.4,129,103.9,73,32.0,5786,36.930973451327400
72.6,127,102.6,73,0.0,5598,-0.4000000000000060
72.6,127,102.6,73,7.0,5598,7.467256637168130
72.6,127,102.6,73,18.0,5598,19.83008849557520
72.6,127,102.6,73,32.0,5598,35.56460176991150
68.3,114,95.1,73,0.0,4866,-4.700000000000000
68.3,114,95.1,73,7.0,4866,2.3619469026548600
68.3,114,95.1,73,18.0,4866,13.45929203539820
68.3,114,95.1,73,32.0,4866,27.583185840708000
66.4,108,91.7,73,0.0,4565,-6.599999999999990
66.4,108,91.7,73,7.0,4565,0.09026548672567000
66.4,108,91.7,73,18.0,4565,10.603539823008900
66.4,108,91.7,73,32.0,4565,23.984070796460200
73.2,135,98.3,72,0.0,6878,1.2000000000000000
73.2,135,98.3,72,7.0,6878,9.56283185840708
73.2,135,98.3,72,18.0,6878,22.704424778761100
73.2,135,98.3,72,32.0,6878,39.430088495575200
71.4,130,95.5,72,0.0,6503,-0.5999999999999940
71.4,130,95.5,72,7.0,6503,7.453097345132750
71.4,130,95.5,72,18.0,6503,20.107964601769900
71.4,130,95.5,72,32.0,6503,36.214159292035400
68.3,116,89.9,72,0.0,5857,-3.700000000000000
68.3,116,89.9,72,7.0,5857,3.4858407079646000
68.3,116,89.9,72,18.0,5857,14.777876106194700
68.3,116,89.9,72,32.0,5857,29.1495575221239
74.0,130,104.6,72,0.0,5857,2.0
74.0,130,104.6,72,7.0,5857,10.053097345132700
74.0,130,104.6,72,18.0,5857,22.707964601769900
74.0,130,104.6,72,32.0,5857,38.8141592920354
70.5,125,99.9,72,0.0,5232,-1.5
70.5,125,99.9,72,7.0,5232,6.243362831858410
70.5,125,99.9,72,18.0,5232,18.411504424778800
70.5,125,99.9,72,32.0,5232,33.89823008849560
71.4,130,95.6,72,0.0,6474,-0.5999999999999940
71.4,130,95.6,72,7.0,6474,7.453097345132750
71.4,130,95.6,72,18.0,6474,20.107964601769900
71.4,130,95.6,72,32.0,6474,36.214159292035400
69.0,127,92.6,72,0.0,5960,-3.0
69.0,127,92.6,72,7.0,5960,4.86725663716814
69.0,127,92.6,72,18.0,5960,17.230088495575200
69.0,127,92.6,72,32.0,5960,32.964601769911500
67.0,117,88.8,72,0.0,5538,-5.0
67.0,117,88.8,72,7.0,5538,2.2477876106194700
67.0,117,88.8,72,18.0,5538,13.637168141592900
67.0,117,88.8,72,32.0,5538,28.13274336283190
63.4,113,84.4,72,0.0,4900,-8.600000000000000
63.4,113,84.4,72,7.0,4900,-1.5999999999999900
63.4,113,84.4,72,18.0,4900,9.400000000000010
63.4,113,84.4,72,32.0,4900,23.400000000000000
35.8,129,47.8,36,0.0,3237,-0.20000000000000300
35.8,129,47.8,36,7.0,3237,7.791150442477870
35.8,129,47.8,36,18.0,3237,20.348672566371700
35.8,129,47.8,36,32.0,3237,36.330973451327400
34.5,127,46.3,36,0.0,2980,-1.5
34.5,127,46.3,36,7.0,2980,6.36725663716814
34.5,127,46.3,36,18.0,2980,18.730088495575200
34.5,127,46.3,36,32.0,2980,34.464601769911500
33.5,117,44.4,36,0.0,2769,-2.5
33.5,117,44.4,36,7.0,2769,4.7477876106194700
33.5,117,44.4,36,18.0,2769,16.137168141592900
33.5,117,44.4,36,32.0,2769,30.63274336283190
31.7,113,42.2,36,0.0,2450,-4.300000000000000
31.7,113,42.2,36,7.0,2450,2.700000000000000
31.7,113,42.2,36,18.0,2450,13.700000000000000
31.7,113,42.2,36,32.0,2450,27.700000000000000
72.4,128,102.6,72,0.0,5538,0.4000000000000060
72.4,128,102.6,72,7.0,5538,8.329203539823010
72.4,128,102.6,72,18.0,5538,20.78938053097350
72.4,128,102.6,72,32.0,5538,36.647787610619500
68.6,120,96.8,72,0.0,4900,-3.4000000000000100
68.6,120,96.8,72,7.0,4900,4.033628318584060
68.6,120,96.8,72,18.0,4900,15.715044247787600
68.6,120,96.8,72,32.0,4900,30.582300884955700
36.2,128,51.3,36,0.0,2769,0.20000000000000300
36.2,128,51.3,36,7.0,2769,8.12920353982301
36.2,128,51.3,36,18.0,2769,20.589380530973500
36.2,128,51.3,36,32.0,2769,36.44778761061950
34.3,120,48.4,36,0.0,2450,-1.7000000000000000
34.3,120,48.4,36,7.0,2450,5.733628318584070
34.3,120,48.4,36,18.0,2450,17.415044247787600
34.3,120,48.4,36,32.0,2450,32.28230088495580
74.4,122,103.0,71,0.0,6045,3.4000000000000100
74.4,122,103.0,71,7.0,6045,10.95752212389380
74.4,122,103.0,71,18.0,6045,22.833628318584100
74.4,122,103.0,71,32.0,6045,37.948672566371700
71.4,120,99.6,70,0.0,5654,1.4000000000000100
71.4,120,99.6,70,7.0,5654,8.833628318584080
71.4,120,99.6,70,18.0,5654,20.515044247787600
71.4,120,99.6,70,32.0,5654,35.382300884955800
70.7,132,95.2,72,0.0,6274,-1.3000000000000000
70.7,132,95.2,72,7.0,6274,6.876991150442480
70.7,132,95.2,72,18.0,6274,19.726548672566400
70.7,132,95.2,72,32.0,6274,36.08053097345130
69.5,131,93.9,72,0.0,6077,-2.5
69.5,131,93.9,72,7.0,6077,5.615044247787610
69.5,131,93.9,72,18.0,6077,18.36725663716810
69.5,131,93.9,72,32.0,6077,34.59734513274340
68.2,126,91.5,72,0.0,5770,-3.800000000000000
68.2,126,91.5,72,7.0,5770,4.0053097345132800
68.2,126,91.5,72,18.0,5770,16.270796460177000
68.2,126,91.5,72,32.0,5770,31.88141592920350
64.2,114,85.4,72,0.0,4622,-7.800000000000000
64.2,114,85.4,72,7.0,4622,-0.73805309734513
64.2,114,85.4,72,18.0,4622,10.359292035398200
64.2,114,85.4,72,32.0,4622,24.48318584070800
63.8,113,84.8,72,0.0,4517,-8.200000000000000
63.8,113,84.8,72,7.0,4517,-1.2000000000000000
63.8,113,84.8,72,18.0,4517,9.800000000000000
63.8,113,84.8,72,32.0,4517,23.800000000000000
76.4,137,108.6,74,0.0,6274,2.4000000000000100
76.4,137,108.6,74,7.0,6274,10.886725663716800
76.4,137,108.6,74,18.0,6274,24.22300884955750
76.4,137,108.6,74,32.0,6274,41.19646017699120
75.3,134,106.8,72,0.0,6077,3.300000000000000
75.3,134,106.8,72,7.0,6077,11.600884955752200
75.3,134,106.8,72,18.0,6077,24.645132743362800
75.3,134,106.8,72,32.0,6077,41.246902654867300
74.2,132,105.2,72,0.0,5882,2.200000000000000
74.2,132,105.2,72,7.0,5882,10.376991150442500
74.2,132,105.2,72,18.0,5882,23.226548672566400
74.2,132,105.2,72,32.0,5882,39.58053097345130
73.7,130,104.3,72,0.0,5770,1.7000000000000000
73.7,130,104.3,72,7.0,5770,9.753097345132740
73.7,130,104.3,72,18.0,5770,22.40796460176990
73.7,130,104.3,72,32.0,5770,38.5141592920354
67.3,117,94.8,72,0.0,4642,-4.700000000000000
67.3,117,94.8,72,7.0,4642,2.5477876106194700
67.3,117,94.8,72,18.0,4642,13.93716814159290
67.3,117,94.8,72,32.0,4642,28.432743362831900
66.7,115,93.9,72,0.0,4517,-5.300000000000000
66.7,115,93.9,72,7.0,4517,1.823893805309740
66.7,115,93.9,72,18.0,4517,13.018584070796500
66.7,115,93.9,72,32.0,4517,27.266371681415900
72.5,138,98.2,72,0.0,6587,0.5
72.5,138,98.2,72,7.0,6587,9.048672566371680
72.5,138,98.2,72,18.0,6587,22.482300884955700
72.5,138,98.2,72,32.0,6587,39.579646017699100
71.4,135,96.5,72,0.0,6335,-0.5999999999999940
71.4,135,96.5,72,7.0,6335,7.762831858407080
71.4,135,96.5,72,18.0,6335,20.90442477876110
71.4,135,96.5,72,32.0,6335,37.63008849557520
67.3,128,91.1,72,0.0,5427,-4.700000000000000
67.3,128,91.1,72,7.0,5427,3.229203539823000
67.3,128,91.1,72,18.0,5427,15.689380530973500
67.3,128,91.1,72,32.0,5427,31.547787610619500
76.7,141,109.9,73,0.0,6335,3.700000000000000
76.7,141,109.9,73,7.0,6335,12.434513274336300
76.7,141,109.9,73,18.0,6335,26.16017699115050
76.7,141,109.9,73,32.0,6335,43.62920353982300
71.9,131,102.8,72,0.0,5427,-0.09999999999999430
71.9,131,102.8,72,7.0,5427,8.015044247787610
71.9,131,102.8,72,18.0,5427,20.767256637168100
71.9,131,102.8,72,32.0,5427,36.99734513274340
70.5,129,100.8,73,0.0,5155,-2.5
70.5,129,100.8,73,7.0,5155,5.491150442477870
70.5,129,100.8,73,18.0,5155,18.04867256637170
70.5,129,100.8,73,32.0,5155,34.03097345132740
70.1,113,91.1,70,0.0,6370,0.09999999999999430
70.1,113,91.1,70,7.0,6370,7.099999999999990
70.1,113,91.1,70,18.0,6370,18.100000000000000
70.1,113,91.1,70,32.0,6370,32.100000000000000
67.9,110,88.3,70,0.0,5943,-2.0999999999999900
67.9,110,88.3,70,7.0,5943,4.714159292035400
67.9,110,88.3,70,18.0,5943,15.42212389380530
67.9,110,88.3,70,32.0,5943,29.050442477876100
65.5,108,85.6,70,0.0,5440,-4.5
65.5,108,85.6,70,7.0,5440,2.1902654867256600
65.5,108,85.6,70,18.0,5440,12.703539823008900
65.5,108,85.6,70,32.0,5440,26.084070796460200
63.5,103,82.5,70,0.0,4871,-6.5
63.5,103,82.5,70,7.0,4871,-0.11946902654867100
63.5,103,82.5,70,18.0,4871,9.907079646017710
63.5,103,82.5,70,32.0,4871,22.66814159292040
74.6,130,105.1,70,0.0,5943,4.599999999999990
74.6,130,105.1,70,7.0,5943,12.653097345132700
74.6,130,105.1,70,18.0,5943,25.30796460176990
74.6,130,105.1,70,32.0,5943,41.41415929203540
71.6,123,100.5,70,0.0,5440,1.5999999999999900
71.6,123,100.5,70,7.0,5440,9.219469026548670
71.6,123,100.5,70,18.0,5440,21.192920353982300
71.6,123,100.5,70,32.0,5440,36.43185840707960
68.2,112,94.7,70,0.0,4871,-1.8000000000000000
68.2,112,94.7,70,7.0,4871,5.138053097345140
68.2,112,94.7,70,18.0,4871,16.04070796460180
68.2,112,94.7,70,32.0,4871,29.916814159292000
36.5,136,49.1,36,0.0,3405,0.5
36.5,136,49.1,36,7.0,3405,8.924778761061940
36.5,136,49.1,36,18.0,3405,22.163716814159300
36.5,136,49.1,36,32.0,3405,39.01327433628320
35.7,132,48.0,36,0.0,3227,-0.29999999999999700
35.7,132,48.0,36,7.0,3227,7.876991150442480
35.7,132,48.0,36,18.0,3227,20.726548672566400
35.7,132,48.0,36,32.0,3227,37.08053097345130
35.1,128,47.0,36,0.0,3126,-0.8999999999999990
35.1,128,47.0,36,7.0,3126,7.029203539823010
35.1,128,47.0,36,18.0,3126,19.48938053097350
35.1,128,47.0,36,32.0,3126,35.34778761061950
34.7,126,46.3,36,0.0,3066,-1.3000000000000000
34.7,126,46.3,36,7.0,3066,6.5053097345132800
34.7,126,46.3,36,18.0,3066,18.770796460177000
34.7,126,46.3,36,32.0,3066,34.38141592920350
33.6,125,45.2,36,0.0,2808,-2.4000000000000000
33.6,125,45.2,36,7.0,2808,5.343362831858410
33.6,125,45.2,36,18.0,2808,17.511504424778800
33.6,125,45.2,36,32.0,2808,32.998230088495600
32.6,124,44.1,36,0.0,2633,-3.4000000000000000
32.6,124,44.1,36,7.0,2633,4.28141592920354
32.6,124,44.1,36,18.0,2633,16.352212389380500
32.6,124,44.1,36,32.0,2633,31.715044247787600
39.0,141,55.6,36,0.0,3227,3.0
39.0,141,55.6,36,7.0,3227,11.73451327433630
39.0,141,55.6,36,18.0,3227,25.46017699115040
39.0,141,55.6,36,32.0,3227,42.92920353982300
38.2,140,54.7,36,0.0,3126,2.200000000000000
38.2,140,54.7,36,7.0,3126,10.872566371681400
38.2,140,54.7,36,18.0,3126,24.500884955752200
38.2,140,54.7,36,32.0,3126,41.84601769911500
37.7,139,54.1,36,0.0,3066,1.7000000000000000
37.7,139,54.1,36,7.0,3066,10.310619469026500
37.7,139,54.1,36,18.0,3066,23.841592920354000
37.7,139,54.1,36,32.0,3066,41.06283185840710
36.3,128,51.4,36,0.0,2808,0.29999999999999700
36.3,128,51.4,36,7.0,2808,8.229203539823000
36.3,128,51.4,36,18.0,2808,20.68938053097350
36.3,128,51.4,36,32.0,2808,36.547787610619500
35.3,120,49.5,36,0.0,2633,-0.7000000000000030
35.3,120,49.5,36,7.0,2633,6.733628318584070
35.3,120,49.5,36,18.0,2633,18.415044247787600
35.3,120,49.5,36,32.0,2633,33.28230088495580
67.6,119,89.7,70,0.0,5881,-2.4000000000000100
67.6,119,89.7,70,7.0,5881,4.971681415929200
67.6,119,89.7,70,18.0,5881,16.55575221238940
67.6,119,89.7,70,32.0,5881,31.299115044247800
66.2,114,87.3,70,0.0,5448,-3.800000000000000
66.2,114,87.3,70,7.0,5448,3.26194690265487
66.2,114,87.3,70,18.0,5448,14.359292035398200
66.2,114,87.3,70,32.0,5448,28.48318584070800
63.0,102,82.0,70,0.0,4879,-7.0
63.0,102,82.0,70,7.0,4879,-0.6814159292035380
63.0,102,82.0,70,18.0,4879,9.247787610619470
63.0,102,82.0,70,32.0,4879,21.88495575221240
61.5,99,79.8,69,0.0,4364,-7.5
61.5,99,79.8,69,7.0,4364,-1.3672566371681400
61.5,99,79.8,69,18.0,4364,8.269911504424780
61.5,99,79.8,69,32.0,4364,20.535398230088500
72.1,123,101.0,71,0.0,5781,1.0999999999999900
72.1,123,101.0,71,7.0,5781,8.719469026548670
72.1,123,101.0,71,18.0,5781,20.692920353982300
72.1,123,101.0,71,32.0,5781,35.93185840707960
70.4,118,98.1,71,0.0,5448,-0.5999999999999940
70.4,118,98.1,71,7.0,5448,6.709734513274340
70.4,118,98.1,71,18.0,5448,18.196460176991200
70.4,118,98.1,71,32.0,5448,32.81592920353980
67.4,114,93.4,70,0.0,4879,-2.5999999999999900
67.4,114,93.4,70,7.0,4879,4.461946902654870
67.4,114,93.4,70,18.0,4879,15.559292035398200
67.4,114,93.4,70,32.0,4879,29.683185840708000
64.4,102,88.5,70,0.0,4364,-5.599999999999990
64.4,102,88.5,70,7.0,4364,0.7185840707964670
64.4,102,88.5,70,18.0,4364,10.647787610619500
64.4,102,88.5,70,32.0,4364,23.284955752212400
59.6,95,77.2,62,0.0,3336,-2.4000000000000000
59.6,95,77.2,62,7.0,3336,3.484955752212390
59.6,95,77.2,62,18.0,3336,12.732743362831900
59.6,95,77.2,62,32.0,3336,24.502654867256600
67.8,124,90.8,70,0.0,6050,-2.200000000000000
67.8,124,90.8,70,7.0,6050,5.481415929203540
67.8,124,90.8,70,18.0,6050,17.55221238938050
67.8,124,90.8,70,32.0,6050,32.915044247787600
66.0,119,88.1,70,0.0,5667,-4.0
66.0,119,88.1,70,7.0,5667,3.371681415929200
66.0,119,88.1,70,18.0,5667,14.955752212389400
66.0,119,88.1,70,32.0,5667,29.69911504424780
62.9,109,83.1,70,0.0,5024,-7.100000000000000
62.9,109,83.1,70,7.0,5024,-0.34778761061947700
62.9,109,83.1,70,18.0,5024,10.262831858407100
62.9,109,83.1,70,32.0,5024,23.767256637168100
71.8,124,100.9,72,0.0,5667,-0.20000000000000300
71.8,124,100.9,72,7.0,5667,7.481415929203540
71.8,124,100.9,72,18.0,5667,19.55221238938050
71.8,124,100.9,72,32.0,5667,34.915044247787600
67.6,120,96.0,72,0.0,5024,-4.400000000000010
67.6,120,96.0,72,7.0,5024,3.0336283185840600
67.6,120,96.0,72,18.0,5024,14.715044247787600
67.6,120,96.0,72,32.0,5024,29.582300884955700
73.6,144,100.4,72,0.0,7098,1.5999999999999900
73.6,144,100.4,72,7.0,7098,10.520353982300900
73.6,144,100.4,72,18.0,7098,24.538053097345100
73.6,144,100.4,72,32.0,7098,42.3787610619469
72.3,142,98.6,72,0.0,6824,0.29999999999999700
72.3,142,98.6,72,7.0,6824,9.096460176991140
72.3,142,98.6,72,18.0,6824,22.91946902654870
72.3,142,98.6,72,32.0,6824,40.512389380531000
71.9,139,97.7,72,0.0,6675,-0.09999999999999430
71.9,139,97.7,72,7.0,6675,8.510619469026550
71.9,139,97.7,72,18.0,6675,22.04159292035400
71.9,139,97.7,72,32.0,6675,39.26283185840710
70.3,131,94.7,72,0.0,6314,-1.7000000000000000
70.3,131,94.7,72,7.0,6314,6.4150442477876100
70.3,131,94.7,72,18.0,6314,19.167256637168100
70.3,131,94.7,72,32.0,6314,35.39734513274340
69.2,126,92.6,72,0.0,6065,-2.800000000000000
69.2,126,92.6,72,7.0,6065,5.0053097345132800
69.2,126,92.6,72,18.0,6065,17.270796460177000
69.2,126,92.6,72,32.0,6065,32.88141592920350
67.9,121,90.4,72,0.0,5711,-4.099999999999990
67.9,121,90.4,72,7.0,5711,3.3955752212389400
67.9,121,90.4,72,18.0,5711,15.174336283185900
67.9,121,90.4,72,32.0,5711,30.165486725663700
66.7,120,89.0,72,0.0,5423,-5.300000000000000
66.7,120,89.0,72,7.0,5423,2.1336283185840700
66.7,120,89.0,72,18.0,5423,13.815044247787600
66.7,120,89.0,72,32.0,5423,28.682300884955800
65.6,119,87.7,72,0.0,5202,-6.400000000000010
65.6,119,87.7,72,7.0,5202,0.9716814159291970
65.6,119,87.7,72,18.0,5202,12.555752212389400
65.6,119,87.7,72,32.0,5202,27.299115044247800
78.1,153,114.0,72,0.0,6640,6.099999999999990
78.1,153,114.0,72,7.0,6640,15.57787610619470
78.1,153,114.0,72,18.0,6640,30.471681415929200
78.1,153,114.0,72,32.0,6640,49.42743362831860
74.2,145,108.4,72,0.0,6004,2.200000000000000
74.2,145,108.4,72,7.0,6004,11.182300884955800
74.2,145,108.4,72,18.0,6004,25.297345132743400
74.2,145,108.4,72,32.0,6004,43.26194690265490
72.4,141,105.6,72,0.0,5667,0.4000000000000060
72.4,141,105.6,72,7.0,5667,9.134513274336290
72.4,141,105.6,72,18.0,5667,22.86017699115040
72.4,141,105.6,72,32.0,5667,40.32920353982300
71.1,142,104.7,72,0.0,5424,-0.9000000000000060
71.1,142,104.7,72,7.0,5424,7.896460176991140
71.1,142,104.7,72,18.0,5424,21.719469026548700
71.1,142,104.7,72,32.0,5424,39.31238938053100
70.8,140,103.7,72,0.0,5208,-1.2000000000000000
70.8,140,103.7,72,7.0,5208,7.47256637168141
70.8,140,103.7,72,18.0,5208,21.100884955752200
70.8,140,103.7,72,32.0,5208,38.44601769911500
67.5,134,99.0,72,0.0,4745,-4.5
67.5,134,99.0,72,7.0,4745,3.8008849557522100
67.5,134,99.0,72,18.0,4745,16.845132743362800
67.5,134,99.0,72,32.0,4745,33.44690265486730
64.6,130,95.1,72,0.0,4324,-7.400000000000010
64.6,130,95.1,72,7.0,4324,0.6530973451327360
64.6,130,95.1,72,18.0,4324,13.30796460176990
64.6,130,95.1,72,32.0,4324,29.414159292035400
73.4,133,98.1,72,0.0,6751,1.4000000000000100
73.4,133,98.1,72,7.0,6751,9.638938053097350
73.4,133,98.1,72,18.0,6751,22.585840707964600
73.4,133,98.1,72,32.0,6751,39.06371681415930
70.6,131,94.9,72,0.0,6234,-1.4000000000000100
70.6,131,94.9,72,7.0,6234,6.715044247787600
70.6,131,94.9,72,18.0,6234,19.467256637168100
70.6,131,94.9,72,32.0,6234,35.69734513274340
68.1,121,90.5,72,0.0,5612,-3.9000000000000100
68.1,121,90.5,72,7.0,5612,3.5955752212389300
68.1,121,90.5,72,18.0,5612,15.37433628318580
68.1,121,90.5,72,32.0,5612,30.365486725663700
65.0,109,85.2,72,0.0,4963,-7.0
65.0,109,85.2,72,7.0,4963,-0.24778761061946900
65.0,109,85.2,72,18.0,4963,10.362831858407100
65.0,109,85.2,72,32.0,4963,23.86725663716810
77.3,139,110.1,72,0.0,6234,5.300000000000000
77.3,139,110.1,72,7.0,6234,13.910619469026500
77.3,139,110.1,72,18.0,6234,27.44159292035400
77.3,139,110.1,72,32.0,6234,44.662831858407100
73.4,127,103.3,72,0.0,5611,1.4000000000000100
73.4,127,103.3,72,7.0,5611,9.267256637168150
73.4,127,103.3,72,18.0,5611,21.630088495575200
73.4,127,103.3,72,32.0,5611,37.3646017699115
69.6,119,97.6,72,0.0,4963,-2.4000000000000100
69.6,119,97.6,72,7.0,4963,4.971681415929200
69.6,119,97.6,72,18.0,4963,16.55575221238940
69.6,119,97.6,72,32.0,4963,31.299115044247800
69.5,120,91.7,70,0.0,6050,-0.5
69.5,120,91.7,70,7.0,6050,6.93362831858407
69.5,120,91.7,70,18.0,6050,18.61504424778760
69.5,120,91.7,70,32.0,6050,33.48230088495580
67.8,114,89.0,70,0.0,5642,-2.200000000000000
67.8,114,89.0,70,7.0,5642,4.861946902654860
67.8,114,89.0,70,18.0,5642,15.95929203539820
67.8,114,89.0,70,32.0,5642,30.083185840708000
66.9,112,87.7,70,0.0,5430,-3.0999999999999900
66.9,112,87.7,70,7.0,5430,3.8380530973451400
66.9,112,87.7,70,18.0,5430,14.740707964601800
66.9,112,87.7,70,32.0,5430,28.616814159292000
63.7,102,82.6,68,0.0,4764,-4.300000000000000
63.7,102,82.6,68,7.0,4764,2.0185840707964600
63.7,102,82.6,68,18.0,4764,11.947787610619500
63.7,102,82.6,68,32.0,4764,24.584955752212400
58.4,87,74.6,56,0.0,3385,2.4000000000000000
58.4,87,74.6,56,7.0,3385,7.789380530973450
58.4,87,74.6,56,18.0,3385,16.25840707964600
58.4,87,74.6,56,32.0,3385,27.037168141592900
75.4,131,106.3,72,0.0,6050,3.4000000000000100
75.4,131,106.3,72,7.0,6050,11.515044247787600
75.4,131,106.3,72,18.0,6050,24.267256637168100
75.4,131,106.3,72,32.0,6050,40.49734513274340
73.1,121,101.5,72,0.0,5642,1.0999999999999900
73.1,121,101.5,72,7.0,5642,8.595575221238930
73.1,121,101.5,72,18.0,5642,20.37433628318580
73.1,121,101.5,72,32.0,5642,35.365486725663700
71.1,116,98.5,72,0.0,5282,-0.9000000000000060
71.1,116,98.5,72,7.0,5282,6.285840707964600
71.1,116,98.5,72,18.0,5282,17.57787610619470
71.1,116,98.5,72,32.0,5282,31.949557522123900
67.8,112,94.1,72,0.0,4764,-4.200000000000000
67.8,112,94.1,72,7.0,4764,2.73805309734513
67.8,112,94.1,72,18.0,4764,13.640707964601800
67.8,112,94.1,72,32.0,4764,27.51681415929200
59.4,88,80.1,62,0.0,3385,-2.6000000000000000
59.4,88,80.1,62,7.0,3385,2.851327433628310
59.4,88,80.1,62,18.0,3385,11.417699115044200
59.4,88,80.1,62,32.0,3385,22.320353982300900
76.2,145,103.2,72,0.0,7394,4.200000000000000
76.2,145,103.2,72,7.0,7394,13.182300884955800
76.2,145,103.2,72,18.0,7394,27.297345132743400
76.2,145,103.2,72,32.0,7394,45.26194690265490
74.2,142,100.5,72,0.0,6966,2.200000000000000
74.2,142,100.5,72,7.0,6966,10.99646017699120
74.2,142,100.5,72,18.0,6966,24.819469026548700
74.2,142,100.5,72,32.0,6966,42.41238938053100
73.1,140,99.1,72,0.0,6732,1.0999999999999900
73.1,140,99.1,72,7.0,6732,9.772566371681410
73.1,140,99.1,72,18.0,6732,23.400884955752200
73.1,140,99.1,72,32.0,6732,40.74601769911500
72.3,138,97.9,72,0.0,6538,0.29999999999999700
72.3,138,97.9,72,7.0,6538,8.848672566371680
72.3,138,97.9,72,18.0,6538,22.282300884955700
72.3,138,97.9,72,32.0,6538,39.379646017699100
69.1,130,93.2,72,0.0,5853,-2.9000000000000100
69.1,130,93.2,72,7.0,5853,5.1530973451327400
69.1,130,93.2,72,18.0,5853,17.80796460176990
69.1,130,93.2,72,32.0,5853,33.91415929203540
65.6,124,88.5,72,0.0,5091,-6.400000000000010
65.6,124,88.5,72,7.0,5091,1.2814159292035300
65.6,124,88.5,72,18.0,5091,13.352212389380500
65.6,124,88.5,72,32.0,5091,28.715044247787600
78.4,143,112.0,72,0.0,6538,6.400000000000010
78.4,143,112.0,72,7.0,6538,15.25840707964600
78.4,143,112.0,72,18.0,6538,29.178761061946900
78.4,143,112.0,72,32.0,6538,46.89557522123890
74.6,135,106.3,72,0.0,5853,2.5999999999999900
74.6,135,106.3,72,7.0,5853,10.962831858407100
74.6,135,106.3,72,18.0,5853,24.104424778761100
74.6,135,106.3,72,32.0,5853,40.83008849557520
70.4,126,99.9,72,0.0,5091,-1.5999999999999900
70.4,126,99.9,72,7.0,5091,6.205309734513280
70.4,126,99.9,72,18.0,5091,18.470796460177
70.4,126,99.9,72,32.0,5091,34.081415929203500
67.0,116,88.5,70,0.0,5615,-3.0
67.0,116,88.5,70,7.0,5615,4.185840707964600
67.0,116,88.5,70,18.0,5615,15.477876106194700
67.0,116,88.5,70,32.0,5615,29.849557522123900
65.9,108,85.8,70,0.0,5283,-4.099999999999990
65.9,108,85.8,70,7.0,5283,2.59026548672567
65.9,108,85.8,70,18.0,5283,13.103539823008900
65.9,108,85.8,70,32.0,5283,26.484070796460200
63.8,104,83.1,70,0.0,4894,-6.200000000000000
63.8,104,83.1,70,7.0,4894,0.24247787610619300
63.8,104,83.1,70,18.0,4894,10.366371681415900
63.8,104,83.1,70,32.0,4894,23.25132743362830
63.3,103,82.4,70,0.0,4741,-6.700000000000000
63.3,103,82.4,70,7.0,4741,-0.31946902654867400
63.3,103,82.4,70,18.0,4741,9.70707964601769
63.3,103,82.4,70,32.0,4741,22.468141592920300
72.3,123,101.3,70,0.0,5615,2.300000000000000
72.3,123,101.3,70,7.0,5615,9.919469026548670
72.3,123,101.3,70,18.0,5615,21.892920353982300
72.3,123,101.3,70,32.0,5615,37.13185840707970
70.8,118,98.6,70,0.0,5283,0.7999999999999970
70.8,118,98.6,70,7.0,5283,8.109734513274330
70.8,118,98.6,70,18.0,5283,19.596460176991100
70.8,118,98.6,70,32.0,5283,34.215929203539800
68.1,114,95.0,70,0.0,4894,-1.9000000000000100
68.1,114,95.0,70,7.0,4894,5.1619469026548600
68.1,114,95.0,70,18.0,4894,16.259292035398200
68.1,114,95.0,70,32.0,4894,30.383185840708000
67.4,113,94.0,70,0.0,4741,-2.5999999999999900
67.4,113,94.0,70,7.0,4741,4.400000000000010
67.4,113,94.0,70,18.0,4741,15.400000000000000
67.4,113,94.0,70,32.0,4741,29.400000000000000
71.6,130,95.7,70,0.0,6285,1.5999999999999900
71.6,130,95.7,70,7.0,6285,9.653097345132740
71.6,130,95.7,70,18.0,6285,22.30796460176990
71.6,130,95.7,70,32.0,6285,38.41415929203540
70.5,130,94.6,70,0.0,6013,0.5
70.5,130,94.6,70,7.0,6013,8.553097345132740
70.5,130,94.6,70,18.0,6013,21.207964601769900
70.5,130,94.6,70,32.0,6013,37.3141592920354
68.1,122,90.7,70,0.0,5559,-1.9000000000000100
68.1,122,90.7,70,7.0,5559,5.6575221238938000
68.1,122,90.7,70,18.0,5559,17.533628318584100
68.1,122,90.7,70,32.0,5559,32.64867256637170
64.4,118,86.2,70,0.0,4687,-5.599999999999990
64.4,118,86.2,70,7.0,4687,1.7097345132743400
64.4,118,86.2,70,18.0,4687,13.196460176991200
64.4,118,86.2,70,32.0,4687,27.815929203539800
77.3,141,110.4,70,0.0,6285,7.300000000000000
77.3,141,110.4,70,7.0,6285,16.034513274336300
77.3,141,110.4,70,18.0,6285,29.760176991150400
77.3,141,110.4,70,32.0,6285,47.229203539823000
75.8,137,108.1,70,0.0,6013,5.800000000000000
75.8,137,108.1,70,7.0,6013,14.286725663716800
75.8,137,108.1,70,18.0,6013,27.62300884955750
75.8,137,108.1,70,32.0,6013,44.596460176991100
73.2,132,104.3,70,0.0,5559,3.200000000000000
73.2,132,104.3,70,7.0,5559,11.376991150442500
73.2,132,104.3,70,18.0,5559,24.226548672566400
73.2,132,104.3,70,32.0,5559,40.58053097345130
68.3,121,96.7,70,0.0,4687,-1.7000000000000000
68.3,121,96.7,70,7.0,4687,5.795575221238930
68.3,121,96.7,70,18.0,4687,17.574336283185800
68.3,121,96.7,70,32.0,4687,32.56548672566370
71.0,130,95.2,72,0.0,6517,-1.0
71.0,130,95.2,72,7.0,6517,7.053097345132740
71.0,130,95.2,72,18.0,6517,19.707964601769900
71.0,130,95.2,72,32.0,6517,35.8141592920354
68.2,124,91.1,72,0.0,6000,-3.800000000000000
68.2,124,91.1,72,7.0,6000,3.8814159292035400
68.2,124,91.1,72,18.0,6000,15.952212389380500
68.2,124,91.1,72,32.0,6000,31.31504424778760
66.0,112,86.7,72,0.0,5394,-6.0
66.0,112,86.7,72,7.0,5394,0.9380530973451330
66.0,112,86.7,72,18.0,5394,11.840707964601800
66.0,112,86.7,72,32.0,5394,25.716814159292000
69.1,115,96.3,72,0.0,5134,-2.9000000000000100
69.1,115,96.3,72,7.0,5134,4.223893805309730
69.1,115,96.3,72,18.0,5134,15.418584070796500
69.1,115,96.3,72,32.0,5134,29.666371681415900
70.6,124,93.6,70,0.0,6275,0.5999999999999940
70.6,124,93.6,70,7.0,6275,8.281415929203530
70.6,124,93.6,70,18.0,6275,20.352212389380500
70.6,124,93.6,70,32.0,6275,35.7150442477876
69.5,122,92.1,69,0.0,6048,0.5
69.5,122,92.1,69,7.0,6048,8.057522123893800
69.5,122,92.1,69,18.0,6048,19.93362831858410
69.5,122,92.1,69,32.0,6048,35.04867256637170
67.6,118,89.6,68,0.0,5702,-0.4000000000000060
67.6,118,89.6,68,7.0,5702,6.90973451327433
67.6,118,89.6,68,18.0,5702,18.39646017699110
67.6,118,89.6,68,32.0,5702,33.01592920353980
67.0,117,88.8,66,0.0,5564,1.0
67.0,117,88.8,66,7.0,5564,8.247787610619470
67.0,117,88.8,66,18.0,5564,19.637168141592900
67.0,117,88.8,66,32.0,5564,34.13274336283190
63.9,110,84.4,67,0.0,4801,-3.1000000000000000
63.9,110,84.4,67,7.0,4801,3.71415929203539
63.9,110,84.4,67,18.0,4801,14.422123893805300
63.9,110,84.4,67,32.0,4801,28.050442477876100
62.4,108,82.4,64,0.0,4456,-1.6000000000000000
62.4,108,82.4,64,7.0,4456,5.090265486725660
62.4,108,82.4,64,18.0,4456,15.603539823008800
62.4,108,82.4,64,32.0,4456,28.984070796460200
74.0,127,103.9,70,0.0,5773,4.0
74.0,127,103.9,70,7.0,5773,11.86725663716810
74.0,127,103.9,70,18.0,5773,24.230088495575200
74.0,127,103.9,70,32.0,5773,39.964601769911500
70.8,121,99.4,66,0.0,5272,4.800000000000000
70.8,121,99.4,66,7.0,5272,12.295575221238900
70.8,121,99.4,66,18.0,5272,24.074336283185800
70.8,121,99.4,66,32.0,5272,39.06548672566370
68.2,113,94.9,69,0.0,4801,-0.7999999999999970
68.2,113,94.9,69,7.0,4801,6.200000000000000
68.2,113,94.9,69,18.0,4801,17.200000000000000
68.2,113,94.9,69,32.0,4801,31.200000000000000
66.0,113,92.6,66,0.0,4456,0.0
66.0,113,92.6,66,7.0,4456,7.0
66.0,113,92.6,66,18.0,4456,18.0
66.0,113,92.6,66,32.0,4456,32.0
60.2,100,78.8,62,0.0,4048,-1.8000000000000000
60.2,100,78.8,62,7.0,4048,4.39469026548673
60.2,100,78.8,62,18.0,4048,14.12920353982300
60.2,100,78.8,62,32.0,4048,26.518584070796500
59.5,98,77.7,62,0.0,3861,-2.5
59.5,98,77.7,62,7.0,3861,3.570796460176990
59.5,98,77.7,62,18.0,3861,13.110619469026500
59.5,98,77.7,62,32.0,3861,25.25221238938050
58.8,96,76.6,62,0.0,3628,-3.200000000000000
58.8,96,76.6,62,7.0,3628,2.746902654867260
58.8,96,76.6,62,18.0,3628,12.092035398230100
58.8,96,76.6,62,32.0,3628,23.9858407079646
57.2,86,73.2,60,0.0,3142,-2.800000000000000
57.2,86,73.2,60,7.0,3142,2.5274336283185900
57.2,86,73.2,60,18.0,3142,10.899115044247800
57.2,86,73.2,60,32.0,3142,21.553982300885000
62.6,98,85.6,62,0.0,4048,0.6000000000000010
62.6,98,85.6,62,7.0,4048,6.670796460176990
62.6,98,85.6,62,18.0,4048,16.210619469026600
62.6,98,85.6,62,32.0,4048,28.352212389380500
60.2,94,82.4,62,0.0,3628,-1.8000000000000000
60.2,94,82.4,62,7.0,3628,4.023008849557530
60.2,94,82.4,62,18.0,3628,13.173451327433600
60.2,94,82.4,62,32.0,3628,24.819469026548700
59.0,93,80.8,62,0.0,3385,-3.0
59.0,93,80.8,62,7.0,3385,2.7610619469026600
59.0,93,80.8,62,18.0,3385,11.814159292035400
59.0,93,80.8,62,32.0,3385,23.3362831858407
57.8,91,79.2,62,0.0,3142,-4.200000000000000
57.8,91,79.2,62,7.0,3142,1.4371681415929200
57.8,91,79.2,62,18.0,3142,10.295575221238900
57.8,91,79.2,62,32.0,3142,21.56991150442480
72.7,127,96.3,72,0.0,6758,0.7000000000000030
72.7,127,96.3,72,7.0,6758,8.567256637168140
72.7,127,96.3,72,18.0,6758,20.93008849557520
72.7,127,96.3,72,32.0,6758,36.66460176991150
70.5,123,93.4,72,0.0,6290,-1.5
70.5,123,93.4,72,7.0,6290,6.119469026548670
70.5,123,93.4,72,18.0,6290,18.092920353982300
70.5,123,93.4,72,32.0,6290,33.331858407079600
68.7,115,90.1,72,0.0,5825,-3.300000000000000
68.7,115,90.1,72,7.0,5825,3.823893805309740
68.7,115,90.1,72,18.0,5825,15.018584070796500
68.7,115,90.1,72,32.0,5825,29.266371681415900
63.9,106,83.5,72,0.0,4758,-8.100000000000000
63.9,106,83.5,72,7.0,4758,-1.5336283185840800
63.9,106,83.5,72,18.0,4758,8.784955752212380
63.9,106,83.5,72,32.0,4758,21.917699115044200
79.0,137,111.2,72,0.0,6758,7.0
79.0,137,111.2,72,7.0,6758,15.486725663716800
79.0,137,111.2,72,18.0,6758,28.823008849557500
79.0,137,111.2,72,32.0,6758,45.79646017699120
76.4,131,107.3,72,0.0,6290,4.400000000000010
76.4,131,107.3,72,7.0,6290,12.515044247787600
76.4,131,107.3,72,18.0,6290,25.267256637168100
76.4,131,107.3,72,32.0,6290,41.49734513274340
73.9,125,103.3,72,0.0,5825,1.9000000000000100
73.9,125,103.3,72,7.0,5825,9.643362831858410
73.9,125,103.3,72,18.0,5825,21.81150442477880
73.9,125,103.3,72,32.0,5825,37.298230088495600
68.0,111,94.1,72,0.0,4758,-4.0
68.0,111,94.1,72,7.0,4758,2.8761061946902700
68.0,111,94.1,72,18.0,4758,13.681415929203500
68.0,111,94.1,72,32.0,4758,27.43362831858410
73.9,132,98.4,70,0.0,7011,3.9000000000000100
73.9,132,98.4,70,7.0,7011,12.076991150442500
73.9,132,98.4,70,18.0,7011,24.926548672566400
73.9,132,98.4,70,32.0,7011,41.280530973451300
73.2,128,96.9,70,0.0,6855,3.200000000000000
73.2,128,96.9,70,7.0,6855,11.12920353982300
73.2,128,96.9,70,18.0,6855,23.589380530973500
73.2,128,96.9,70,32.0,6855,39.44778761061950
71.1,125,94.2,70,0.0,6424,1.0999999999999900
71.1,125,94.2,70,7.0,6424,8.8433628318584
71.1,125,94.2,70,18.0,6424,21.01150442477880
71.1,125,94.2,70,32.0,6424,36.498230088495600
69.4,122,92.0,70,0.0,6069,-0.5999999999999940
69.4,122,92.0,70,7.0,6069,6.95752212389381
69.4,122,92.0,70,18.0,6069,18.833628318584100
69.4,122,92.0,70,32.0,6069,33.948672566371700
66.8,119,88.9,70,0.0,5563,-3.200000000000000
66.8,119,88.9,70,7.0,5563,4.1716814159292
66.8,119,88.9,70,18.0,5563,15.755752212389400
66.8,119,88.9,70,32.0,5563,30.499115044247800
63.7,113,84.7,70,0.0,4890,-6.300000000000000
63.7,113,84.7,70,7.0,4890,0.7000000000000030
63.7,113,84.7,70,18.0,4890,11.700000000000000
63.7,113,84.7,70,32.0,4890,25.700000000000000
80.2,142,113.6,70,0.0,7011,10.200000000000000
80.2,142,113.6,70,7.0,7011,18.99646017699120
80.2,142,113.6,70,18.0,7011,32.819469026548700
80.2,142,113.6,70,32.0,7011,50.41238938053100
79.2,139,111.8,70,0.0,6855,9.200000000000000
79.2,139,111.8,70,7.0,6855,17.81061946902660
79.2,139,111.8,70,18.0,6855,31.341592920354000
79.2,139,111.8,70,32.0,6855,48.56283185840710
76.8,135,108.5,70,0.0,6424,6.800000000000000
76.8,135,108.5,70,7.0,6424,15.162831858407100
76.8,135,108.5,70,18.0,6424,28.30442477876110
76.8,135,108.5,70,32.0,6424,45.03008849557520
74.9,130,105.6,70,0.0,6069,4.900000000000010
74.9,130,105.6,70,7.0,6069,12.953097345132700
74.9,130,105.6,70,18.0,6069,25.607964601769900
74.9,130,105.6,70,32.0,6069,41.714159292035400
72.1,125,101.4,70,0.0,5563,2.0999999999999900
72.1,125,101.4,70,7.0,5563,9.8433628318584
72.1,125,101.4,70,18.0,5563,22.01150442477880
72.1,125,101.4,70,32.0,5563,37.498230088495600
67.4,119,95.3,70,0.0,4890,-2.5999999999999900
67.4,119,95.3,70,7.0,4890,4.7716814159292100
67.4,119,95.3,70,18.0,4890,16.35575221238940
67.4,119,95.3,70,32.0,4890,31.099115044247800
76.5,138,102.2,72,0.0,7508,4.5
76.5,138,102.2,72,7.0,7508,13.048672566371700
76.5,138,102.2,72,18.0,7508,26.482300884955700
76.5,138,102.2,72,32.0,7508,43.579646017699100
74.5,134,99.4,72,0.0,7069,2.5
74.5,134,99.4,72,7.0,7069,10.80088495575220
74.5,134,99.4,72,18.0,7069,23.845132743362800
74.5,134,99.4,72,32.0,7069,40.44690265486730
73.0,130,97.1,72,0.0,6756,1.0
73.0,130,97.1,72,7.0,6756,9.053097345132740
73.0,130,97.1,72,18.0,6756,21.707964601769900
73.0,130,97.1,72,32.0,6756,37.8141592920354
71.9,129,95.8,72,0.0,6517,-0.09999999999999430
71.9,129,95.8,72,7.0,6517,7.89115044247788
71.9,129,95.8,72,18.0,6517,20.448672566371700
71.9,129,95.8,72,32.0,6517,36.430973451327400
69.8,124,92.8,72,0.0,6084,-2.200000000000000
69.8,124,92.8,72,7.0,6084,5.481415929203540
69.8,124,92.8,72,18.0,6084,17.55221238938050
69.8,124,92.8,72,32.0,6084,32.915044247787600
67.6,114,88.7,72,0.0,5384,-4.400000000000010
67.6,114,88.7,72,7.0,5384,2.6619469026548600
67.6,114,88.7,72,18.0,5384,13.759292035398200
67.6,114,88.7,72,32.0,5384,27.883185840708000
74.5,131,105.3,72,0.0,6084,2.5
74.5,131,105.3,72,7.0,6084,10.615044247787600
74.5,131,105.3,72,18.0,6084,23.36725663716810
74.5,131,105.3,72,32.0,6084,39.59734513274340
71.0,121,99.5,72,0.0,5384,-1.0
71.0,121,99.5,72,7.0,5384,6.495575221238940
71.0,121,99.5,72,18.0,5384,18.274336283185800
71.0,121,99.5,72,32.0,5384,33.26548672566370
73.6,144,100.4,72,0.0,7098,1.5999999999999900
73.6,144,100.4,72,7.0,7098,10.520353982300900
73.6,144,100.4,72,18.0,7098,24.538053097345100
73.6,144,100.4,72,32.0,7098,42.3787610619469
72.3,142,98.6,72,0.0,6824,0.29999999999999700
72.3,142,98.6,72,7.0,6824,9.096460176991140
72.3,142,98.6,72,18.0,6824,22.91946902654870
72.3,142,98.6,72,32.0,6824,40.512389380531000
71.9,139,97.7,72,0.0,6675,-0.09999999999999430
71.9,139,97.7,72,7.0,6675,8.510619469026550
71.9,139,97.7,72,18.0,6675,22.04159292035400
71.9,139,97.7,72,32.0,6675,39.26283185840710
70.3,131,94.7,72,0.0,6314,-1.7000000000000000
70.3,131,94.7,72,7.0,6314,6.4150442477876100
70.3,131,94.7,72,18.0,6314,19.167256637168100
70.3,131,94.7,72,32.0,6314,35.39734513274340
69.2,126,92.6,72,0.0,6065,-2.800000000000000
69.2,126,92.6,72,7.0,6065,5.0053097345132800
69.2,126,92.6,72,18.0,6065,17.270796460177000
69.2,126,92.6,72,32.0,6065,32.88141592920350
67.9,121,90.4,72,0.0,5711,-4.099999999999990
67.9,121,90.4,72,7.0,5711,3.3955752212389400
67.9,121,90.4,72,18.0,5711,15.174336283185900
67.9,121,90.4,72,32.0,5711,30.165486725663700
66.7,120,89.0,72,0.0,5423,-5.300000000000000
66.7,120,89.0,72,7.0,5423,2.1336283185840700
66.7,120,89.0,72,18.0,5423,13.815044247787600
66.7,120,89.0,72,32.0,5423,28.682300884955800
65.6,119,87.7,72,0.0,5202,-6.400000000000010
65.6,119,87.7,72,7.0,5202,0.9716814159291970
65.6,119,87.7,72,18.0,5202,12.555752212389400
65.6,119,87.7,72,32.0,5202,27.299115044247800
78.1,153,114.0,72,0.0,6640,6.099999999999990
78.1,153,114.0,72,7.0,6640,15.57787610619470
78.1,153,114.0,72,18.0,6640,30.471681415929200
78.1,153,114.0,72,32.0,6640,49.42743362831860
74.2,145,108.4,72,0.0,6004,2.200000000000000
74.2,145,108.4,72,7.0,6004,11.182300884955800
74.2,145,108.4,72,18.0,6004,25.297345132743400
74.2,145,108.4,72,32.0,6004,43.26194690265490
72.4,141,105.6,72,0.0,5667,0.4000000000000060
72.4,141,105.6,72,7.0,5667,9.134513274336290
72.4,141,105.6,72,18.0,5667,22.86017699115040
72.4,141,105.6,72,32.0,5667,40.32920353982300
71.1,142,104.7,72,0.0,5424,-0.9000000000000060
71.1,142,104.7,72,7.0,5424,7.896460176991140
71.1,142,104.7,72,18.0,5424,21.719469026548700
71.1,142,104.7,72,32.0,5424,39.31238938053100
70.8,140,103.7,72,0.0,5208,-1.2000000000000000
70.8,140,103.7,72,7.0,5208,7.47256637168141
70.8,140,103.7,72,18.0,5208,21.100884955752200
70.8,140,103.7,72,32.0,5208,38.44601769911500
67.5,134,99.0,72,0.0,4745,-4.5
67.5,134,99.0,72,7.0,4745,3.8008849557522100
67.5,134,99.0,72,18.0,4745,16.845132743362800
67.5,134,99.0,72,32.0,4745,33.44690265486730
64.6,130,95.1,72,0.0,4324,-7.400000000000010
64.6,130,95.1,72,7.0,4324,0.6530973451327360
64.6,130,95.1,72,18.0,4324,13.30796460176990
64.6,130,95.1,72,32.0,4324,29.414159292035400
76.2,147,103.5,72,0.0,7278,4.200000000000000
76.2,147,103.5,72,7.0,7278,13.306194690265500
76.2,147,103.5,72,18.0,7278,27.61592920353980
76.2,147,103.5,72,32.0,7278,45.8283185840708
75.3,145,102.2,72,0.0,6994,3.300000000000000
75.3,145,102.2,72,7.0,6994,12.282300884955700
75.3,145,102.2,72,18.0,6994,26.397345132743400
75.3,145,102.2,72,32.0,6994,44.361946902654900
73.6,142,100.0,72,0.0,6650,1.5999999999999900
73.6,142,100.0,72,7.0,6650,10.396460176991100
73.6,142,100.0,72,18.0,6650,24.219469026548700
73.6,142,100.0,72,32.0,6650,41.81238938053100
72.5,137,98.0,72,0.0,6360,0.5
72.5,137,98.0,72,7.0,6360,8.986725663716810
72.5,137,98.0,72,18.0,6360,22.323008849557500
72.5,137,98.0,72,32.0,6360,39.29646017699120
71.6,134,96.4,72,0.0,6177,-0.4000000000000060
71.6,134,96.4,72,7.0,6177,7.900884955752200
71.6,134,96.4,72,18.0,6177,20.94513274336280
71.6,134,96.4,72,32.0,6177,37.54690265486730
70.2,132,94.7,72,0.0,5913,-1.8000000000000000
70.2,132,94.7,72,7.0,5913,6.376991150442480
70.2,132,94.7,72,18.0,5913,19.226548672566400
70.2,132,94.7,72,32.0,5913,35.58053097345130
69.2,130,93.4,72,0.0,5727,-2.800000000000000
69.2,130,93.4,72,7.0,5727,5.253097345132740
69.2,130,93.4,72,18.0,5727,17.90796460176990
69.2,130,93.4,72,32.0,5727,34.0141592920354
66.1,124,89.1,72,0.0,5076,-5.900000000000010
66.1,124,89.1,72,7.0,5076,1.7814159292035300
66.1,124,89.1,72,18.0,5076,13.852212389380500
66.1,124,89.1,72,32.0,5076,29.215044247787600
83.8,155,121.5,72,0.0,7278,11.800000000000000
83.8,155,121.5,72,7.0,7278,21.401769911504400
83.8,155,121.5,72,18.0,7278,36.49026548672570
83.8,155,121.5,72,32.0,7278,55.6938053097345
80.4,153,116.5,72,0.0,6650,8.400000000000010
80.4,153,116.5,72,7.0,6650,17.87787610619470
80.4,153,116.5,72,18.0,6650,32.77168141592920
80.4,153,116.5,72,32.0,6650,51.72743362831860
77.8,150,113.2,72,0.0,6177,5.800000000000000
77.8,150,113.2,72,7.0,6177,15.092035398230100
77.8,150,113.2,72,18.0,6177,29.693805309734500
77.8,150,113.2,72,32.0,6177,48.2778761061947
76.3,149,111.3,71,0.0,5910,5.300000000000000
76.3,149,111.3,71,7.0,5910,14.530088495575200
76.3,149,111.3,71,18.0,5910,29.034513274336300
76.3,149,111.3,71,32.0,5910,47.494690265486700
73.8,140,106.7,71,0.0,5490,2.800000000000000
73.8,140,106.7,71,7.0,5490,11.47256637168140
73.8,140,106.7,71,18.0,5490,25.100884955752200
73.8,140,106.7,71,32.0,5490,42.44601769911500
71.2,135,103.0,71,0.0,5085,0.20000000000000300
71.2,135,103.0,71,7.0,5085,8.56283185840708
71.2,135,103.0,71,18.0,5085,21.704424778761100
71.2,135,103.0,71,32.0,5085,38.430088495575200
61.0,93,78.3,64,0.0,4482,-3.0
61.0,93,78.3,64,7.0,4482,2.7610619469026600
61.0,93,78.3,64,18.0,4482,11.814159292035400
61.0,93,78.3,64,32.0,4482,23.3362831858407
60.6,93,77.9,62,0.0,4382,-1.4000000000000000
60.6,93,77.9,62,7.0,4382,4.361061946902650
60.6,93,77.9,62,18.0,4382,13.414159292035400
60.6,93,77.9,62,32.0,4382,24.936283185840700
58.6,89,75.1,60,0.0,3812,-1.4000000000000000
58.6,89,75.1,60,7.0,3812,4.113274336283180
58.6,89,75.1,60,18.0,3812,12.776991150442500
58.6,89,75.1,60,32.0,3812,23.803539823008800
58.4,87,74.6,60,0.0,3726,-1.6000000000000000
58.4,87,74.6,60,7.0,3726,3.789380530973450
58.4,87,74.6,60,18.0,3726,12.25840707964600
58.4,87,74.6,60,32.0,3726,23.037168141592900
64.5,105,89.3,66,0.0,4482,-1.5
64.5,105,89.3,66,7.0,4482,5.004424778761060
64.5,105,89.3,66,18.0,4482,15.225663716814200
64.5,105,89.3,66,32.0,4482,28.23451327433630
63.8,104,88.4,66,0.0,4382,-2.200000000000000
63.8,104,88.4,66,7.0,4382,4.242477876106190
63.8,104,88.4,66,18.0,4382,14.366371681415900
63.8,104,88.4,66,32.0,4382,27.25132743362830
60.6,94,82.7,64,0.0,3812,-3.4000000000000000
60.6,94,82.7,64,7.0,3812,2.423008849557520
60.6,94,82.7,64,18.0,3812,11.57345132743360
60.6,94,82.7,64,32.0,3812,23.219469026548700
60.0,90,81.3,64,0.0,3726,-4.0
60.0,90,81.3,64,7.0,3726,1.575221238938060
60.0,90,81.3,64,18.0,3726,10.336283185840700
60.0,90,81.3,64,32.0,3726,21.48672566371680
60.2,100,78.8,62,0.0,4048,-1.8000000000000000
60.2,100,78.8,62,7.0,4048,4.39469026548673
60.2,100,78.8,62,18.0,4048,14.12920353982300
60.2,100,78.8,62,32.0,4048,26.518584070796500
59.5,98,77.7,62,0.0,3861,-2.5
59.5,98,77.7,62,7.0,3861,3.570796460176990
59.5,98,77.7,62,18.0,3861,13.110619469026500
59.5,98,77.7,62,32.0,3861,25.25221238938050
58.8,96,76.6,62,0.0,3628,-3.200000000000000
58.8,96,76.6,62,7.0,3628,2.746902654867260
58.8,96,76.6,62,18.0,3628,12.092035398230100
58.8,96,76.6,62,32.0,3628,23.9858407079646
57.2,86,73.2,60,0.0,3142,-2.800000000000000
57.2,86,73.2,60,7.0,3142,2.5274336283185900
57.2,86,73.2,60,18.0,3142,10.899115044247800
57.2,86,73.2,60,32.0,3142,21.553982300885000
62.6,98,85.6,62,0.0,4048,0.6000000000000010
62.6,98,85.6,62,7.0,4048,6.670796460176990
62.6,98,85.6,62,18.0,4048,16.210619469026600
62.6,98,85.6,62,32.0,4048,28.352212389380500
60.2,94,82.4,62,0.0,3628,-1.8000000000000000
60.2,94,82.4,62,7.0,3628,4.023008849557530
60.2,94,82.4,62,18.0,3628,13.173451327433600
60.2,94,82.4,62,32.0,3628,24.819469026548700
59.0,93,80.8,62,0.0,3385,-3.0
59.0,93,80.8,62,7.0,3385,2.7610619469026600
59.0,93,80.8,62,18.0,3385,11.814159292035400
59.0,93,80.8,62,32.0,3385,23.3362831858407
57.8,91,79.2,62,0.0,3142,-4.200000000000000
57.8,91,79.2,62,7.0,3142,1.4371681415929200
57.8,91,79.2,62,18.0,3142,10.295575221238900
57.8,91,79.2,62,32.0,3142,21.56991150442480
71.3,118,93.2,71,0.0,6521,0.29999999999999700
71.3,118,93.2,71,7.0,6521,7.609734513274330
71.3,118,93.2,71,18.0,6521,19.096460176991100
71.3,118,93.2,71,32.0,6521,33.715929203539800
69.5,115,90.9,71,0.0,6153,-1.5
69.5,115,90.9,71,7.0,6153,5.623893805309730
69.5,115,90.9,71,18.0,6153,16.81858407079650
69.5,115,90.9,71,32.0,6153,31.06637168141590
68.3,114,89.5,71,0.0,5876,-2.700000000000000
68.3,114,89.5,71,7.0,5876,4.361946902654860
68.3,114,89.5,71,18.0,5876,15.45929203539820
68.3,114,89.5,71,32.0,5876,29.583185840708000
65.4,112,86.2,71,0.0,5326,-5.599999999999990
65.4,112,86.2,71,7.0,5326,1.3380530973451400
65.4,112,86.2,71,18.0,5326,12.240707964601800
65.4,112,86.2,71,32.0,5326,26.116814159292000
62.7,107,82.6,71,0.0,4751,-8.300000000000000
62.7,107,82.6,71,7.0,4751,-1.6716814159292
62.7,107,82.6,71,18.0,4751,8.744247787610620
62.7,107,82.6,71,32.0,4751,22.000884955752200
67.7,111,93.9,69,0.0,4751,-1.3000000000000000
67.7,111,93.9,69,7.0,4751,5.576106194690270
67.7,111,93.9,69,18.0,4751,16.38141592920350
67.7,111,93.9,69,32.0,4751,30.133628318584100
32.8,111,43.1,34,0.0,2729,-1.2000000000000000
32.8,111,43.1,34,7.0,2729,5.676106194690260
32.8,111,43.1,34,18.0,2729,16.481415929203500
32.8,111,43.1,34,32.0,2729,30.233628318584100
32.1,107,42.0,34,0.0,2591,-1.9000000000000000
32.1,107,42.0,34,7.0,2591,4.728318584070800
32.1,107,42.0,34,18.0,2591,15.144247787610600
32.1,107,42.0,34,32.0,2591,28.40088495575220
31.5,104,41.2,34,0.0,2477,-2.5
31.5,104,41.2,34,7.0,2477,3.942477876106200
31.5,104,41.2,34,18.0,2477,14.06637168141590
31.5,104,41.2,34,32.0,2477,26.95132743362830
35.2,116,48.9,34,0.0,2729,1.2000000000000000
35.2,116,48.9,34,7.0,2729,8.385840707964600
35.2,116,48.9,34,18.0,2729,19.677876106194700
35.2,116,48.9,34,32.0,2729,34.049557522123900
34.4,112,47.6,34,0.0,2591,0.3999999999999990
34.4,112,47.6,34,7.0,2591,7.3380530973451300
34.4,112,47.6,34,18.0,2591,18.240707964601800
34.4,112,47.6,34,32.0,2591,32.11681415929200
33.9,107,46.5,34,0.0,2477,-0.10000000000000100
33.9,107,46.5,34,7.0,2477,6.528318584070800
33.9,107,46.5,34,18.0,2477,16.94424778761060
33.9,107,46.5,34,32.0,2477,30.200884955752200
70.2,122,92.7,71,0.0,6494,-0.7999999999999970
70.2,122,92.7,71,7.0,6494,6.757522123893810
70.2,122,92.7,71,18.0,6494,18.633628318584100
70.2,122,92.7,71,32.0,6494,33.74867256637170
67.1,109,87.3,71,0.0,5863,-3.9000000000000100
67.1,109,87.3,71,7.0,5863,2.852212389380530
67.1,109,87.3,71,18.0,5863,13.462831858407100
67.1,109,87.3,71,32.0,5863,26.967256637168100
62.6,98,80.8,71,0.0,4923,-8.400000000000000
62.6,98,80.8,71,7.0,4923,-2.3292035398230100
62.6,98,80.8,71,18.0,4923,7.210619469026550
62.6,98,80.8,71,32.0,4923,19.352212389380500
72.7,122,101.4,71,0.0,5863,1.7000000000000000
72.7,122,101.4,71,7.0,5863,9.257522123893810
72.7,122,101.4,71,18.0,5863,21.133628318584100
72.7,122,101.4,71,32.0,5863,36.24867256637170
66.8,105,91.6,71,0.0,4923,-4.200000000000000
66.8,105,91.6,71,7.0,4923,2.30442477876106
66.8,105,91.6,71,18.0,4923,12.525663716814200
66.8,105,91.6,71,32.0,4923,25.534513274336300
66.0,103,90.3,71,0.0,4788,-5.0
66.0,103,90.3,71,7.0,4788,1.3805309734513300
66.0,103,90.3,71,18.0,4788,11.407079646017700
66.0,103,90.3,71,32.0,4788,24.16814159292040
75.0,130,98.9,72,0.0,7247,3.0
75.0,130,98.9,72,7.0,7247,11.053097345132700
75.0,130,98.9,72,18.0,7247,23.707964601769900
75.0,130,98.9,72,32.0,7247,39.8141592920354
72.3,128,95.7,72,0.0,6814,0.29999999999999700
72.3,128,95.7,72,7.0,6814,8.229203539823000
72.3,128,95.7,72,18.0,6814,20.68938053097350
72.3,128,95.7,72,32.0,6814,36.547787610619500
70.8,123,93.5,72,0.0,6514,-1.2000000000000000
70.8,123,93.5,72,7.0,6514,6.4194690265486700
70.8,123,93.5,72,18.0,6514,18.392920353982300
70.8,123,93.5,72,32.0,6514,33.63185840707970
68.2,116,89.5,72,0.0,5985,-3.800000000000000
68.2,116,89.5,72,7.0,5985,3.3858407079646000
68.2,116,89.5,72,18.0,5985,14.677876106194700
68.2,116,89.5,72,32.0,5985,29.049557522123900
70.3,117,97.5,72,0.0,5262,-1.7000000000000000
70.3,117,97.5,72,7.0,5262,5.547787610619470
70.3,117,97.5,72,18.0,5262,16.93716814159290
70.3,117,97.5,72,32.0,5262,31.432743362831900
66.0,109,86.1,69,0.0,5432,-3.0
66.0,109,86.1,69,7.0,5432,3.7522123893805300
66.0,109,86.1,69,18.0,5432,14.362831858407100
66.0,109,86.1,69,32.0,5432,27.86725663716810
65.5,108,85.5,69,0.0,5322,-3.5
65.5,108,85.5,69,7.0,5322,3.1902654867256600
65.5,108,85.5,69,18.0,5322,13.703539823008900
65.5,108,85.5,69,32.0,5322,27.084070796460200
64.9,107,84.7,69,0.0,5191,-4.099999999999990
64.9,107,84.7,69,7.0,5191,2.528318584070800
64.9,107,84.7,69,18.0,5191,12.944247787610600
64.9,107,84.7,69,32.0,5191,26.200884955752200
63.8,104,83.0,69,0.0,4984,-5.200000000000000
63.8,104,83.0,69,7.0,4984,1.242477876106190
63.8,104,83.0,69,18.0,4984,11.366371681415900
63.8,104,83.0,69,32.0,4984,24.25132743362830
60.5,95,78.1,69,0.0,4214,-8.5
60.5,95,78.1,69,7.0,4214,-2.6150442477876100
60.5,95,78.1,69,18.0,4214,6.63274336283186
60.5,95,78.1,69,32.0,4214,18.402654867256600
71.2,121,99.8,69,0.0,5432,2.200000000000000
71.2,121,99.8,69,7.0,5432,9.69557522123894
71.2,121,99.8,69,18.0,5432,21.47433628318590
71.2,121,99.8,69,32.0,5432,36.46548672566370
70.5,120,98.8,69,0.0,5322,1.5
70.5,120,98.8,69,7.0,5322,8.93362831858407
70.5,120,98.8,69,18.0,5322,20.61504424778760
70.5,120,98.8,69,32.0,5322,35.48230088495580
69.6,118,97.4,69,0.0,5191,0.5999999999999940
69.6,118,97.4,69,7.0,5191,7.90973451327433
69.6,118,97.4,69,18.0,5191,19.39646017699110
69.6,118,97.4,69,32.0,5191,34.01592920353980
68.3,115,95.5,69,0.0,4984,-0.7000000000000030
68.3,115,95.5,69,7.0,4984,6.423893805309730
68.3,115,95.5,69,18.0,4984,17.61858407079650
68.3,115,95.5,69,32.0,4984,31.866371681415900
63.9,104,88.5,69,0.0,4214,-5.100000000000000
63.9,104,88.5,69,7.0,4214,1.3424778761061900
63.9,104,88.5,69,18.0,4214,11.466371681415900
63.9,104,88.5,69,32.0,4214,24.351327433628300
69.7,128,93.5,70,0.0,6014,-0.29999999999999700
69.7,128,93.5,70,7.0,6014,7.62920353982301
69.7,128,93.5,70,18.0,6014,20.089380530973500
69.7,128,93.5,70,32.0,6014,35.94778761061950
67.0,122,89.6,70,0.0,5394,-3.0
67.0,122,89.6,70,7.0,5394,4.557522123893800
67.0,122,89.6,70,18.0,5394,16.43362831858410
67.0,122,89.6,70,32.0,5394,31.54867256637170
64.3,111,84.8,70,0.0,4724,-5.700000000000000
64.3,111,84.8,70,7.0,4724,1.176106194690260
64.3,111,84.8,70,18.0,4724,11.981415929203500
64.3,111,84.8,70,32.0,4724,25.733628318584100
63.9,109,84.1,70,0.0,4563,-6.100000000000000
63.9,109,84.1,70,7.0,4563,0.652212389380523
63.9,109,84.1,70,18.0,4563,11.262831858407100
63.9,109,84.1,70,32.0,4563,24.767256637168100
75.5,135,107.4,70,0.0,6014,5.5
75.5,135,107.4,70,7.0,6014,13.862831858407100
75.5,135,107.4,70,18.0,6014,27.004424778761100
75.5,135,107.4,70,32.0,6014,43.73008849557520
72.0,130,102.7,70,0.0,5394,2.0
72.0,130,102.7,70,7.0,5394,10.053097345132700
72.0,130,102.7,70,18.0,5394,22.707964601769900
72.0,130,102.7,70,32.0,5394,38.8141592920354
68.4,123,97.5,70,0.0,4724,-1.5999999999999900
68.4,123,97.5,70,7.0,4724,6.019469026548680
68.4,123,97.5,70,18.0,4724,17.9929203539823
68.4,123,97.5,70,32.0,4724,33.23185840707960
67.6,120,96.1,70,0.0,4563,-2.4000000000000100
67.6,120,96.1,70,7.0,4563,5.033628318584060
67.6,120,96.1,70,18.0,4563,16.715044247787600
67.6,120,96.1,70,32.0,4563,31.582300884955700
67.2,112,87.9,70,0.0,5759,-2.800000000000000
67.2,112,87.9,70,7.0,5759,4.138053097345140
67.2,112,87.9,70,18.0,5759,15.04070796460180
67.2,112,87.9,70,32.0,5759,28.916814159292000
64.6,105,84.1,70,0.0,5219,-5.400000000000010
64.6,105,84.1,70,7.0,5219,1.1044247787610600
64.6,105,84.1,70,18.0,5219,11.325663716814100
64.6,105,84.1,70,32.0,5219,24.334513274336300
67.1,110,93.1,70,0.0,4845,-2.9000000000000100
67.1,110,93.1,70,7.0,4845,3.914159292035390
67.1,110,93.1,70,18.0,4845,14.622123893805300
67.1,110,93.1,70,32.0,4845,28.250442477876100
67.7,126,91.1,70,0.0,5545,-2.300000000000000
67.7,126,91.1,70,7.0,5545,5.5053097345132800
67.7,126,91.1,70,18.0,5545,17.770796460177000
67.7,126,91.1,70,32.0,5545,33.38141592920350
66.7,121,89.1,70,0.0,5296,-3.300000000000000
66.7,121,89.1,70,7.0,5296,4.19557522123894
66.7,121,89.1,70,18.0,5296,15.974336283185800
66.7,121,89.1,70,32.0,5296,30.965486725663700
70.0,124,99.2,72,0.0,4978,-2.0
70.0,124,99.2,72,7.0,4978,5.681415929203540
70.0,124,99.2,72,18.0,4978,17.75221238938050
70.0,124,99.2,72,32.0,4978,33.11504424778760
65.8,123,88.6,72,0.0,5484,-6.200000000000000
65.8,123,88.6,72,7.0,5484,1.4194690265486700
65.8,123,88.6,72,18.0,5484,13.392920353982300
65.8,123,88.6,72,32.0,5484,28.631858407079600
64.8,121,87.2,71,0.0,5334,-6.200000000000000
64.8,121,87.2,71,7.0,5334,1.2955752212389300
64.8,121,87.2,71,18.0,5334,13.074336283185800
64.8,121,87.2,71,32.0,5334,28.065486725663700
64.2,118,86.2,70,0.0,5184,-5.800000000000000
64.2,118,86.2,70,7.0,5184,1.5097345132743400
64.2,118,86.2,70,18.0,5184,12.99646017699120
64.2,118,86.2,70,32.0,5184,27.61592920353980
62.9,114,84.1,70,0.0,4930,-7.100000000000000
62.9,114,84.1,70,7.0,4930,-0.038053097345141400
62.9,114,84.1,70,18.0,4930,11.05929203539820
62.9,114,84.1,70,32.0,4930,25.183185840708000
62.0,109,82.2,70,0.0,4676,-8.0
62.0,109,82.2,70,7.0,4676,-1.2477876106194700
62.0,109,82.2,70,18.0,4676,9.362831858407080
62.0,109,82.2,70,32.0,4676,22.86725663716810
70.6,132,101.6,72,0.0,5484,-1.4000000000000100
70.6,132,101.6,72,7.0,5484,6.77699115044247
70.6,132,101.6,72,18.0,5484,19.626548672566400
70.6,132,101.6,72,32.0,5484,35.98053097345130
69.6,128,99.8,72,0.0,5334,-2.4000000000000100
69.6,128,99.8,72,7.0,5334,5.529203539823000
69.6,128,99.8,72,18.0,5334,17.98938053097350
69.6,128,99.8,72,32.0,5334,33.84778761061950
68.6,126,98.4,72,0.0,5184,-3.4000000000000100
68.6,126,98.4,72,7.0,5184,4.405309734513270
68.6,126,98.4,72,18.0,5184,16.670796460177000
68.6,126,98.4,72,32.0,5184,32.28141592920350
67.5,122,96.2,72,0.0,4930,-4.5
67.5,122,96.2,72,7.0,4930,3.057522123893800
67.5,122,96.2,72,18.0,4930,14.93362831858410
67.5,122,96.2,72,32.0,4930,30.04867256637170
66.4,118,94.2,72,0.0,4676,-5.599999999999990
66.4,118,94.2,72,7.0,4676,1.7097345132743400
66.4,118,94.2,72,18.0,4676,13.196460176991200
66.4,118,94.2,72,32.0,4676,27.815929203539800
67.1,113,88.1,69,0.0,5660,-1.9000000000000100
67.1,113,88.1,69,7.0,5660,5.099999999999990
67.1,113,88.1,69,18.0,5660,16.100000000000000
67.1,113,88.1,69,32.0,5660,30.100000000000000
64.4,106,84.0,68,0.0,5074,-3.5999999999999900
64.4,106,84.0,68,7.0,5074,2.9663716814159400
64.4,106,84.0,68,18.0,5074,13.284955752212400
64.4,106,84.0,68,32.0,5074,26.417699115044300
61.2,100,79.8,68,0.0,4392,-6.800000000000000
61.2,100,79.8,68,7.0,4392,-0.6053097345132700
61.2,100,79.8,68,18.0,4392,9.12920353982301
61.2,100,79.8,68,32.0,4392,21.518584070796500
69.2,119,97.2,72,0.0,5074,-2.800000000000000
69.2,119,97.2,72,7.0,5074,4.571681415929210
69.2,119,97.2,72,18.0,5074,16.155752212389400
69.2,119,97.2,72,32.0,5074,30.899115044247800
65.0,110,91.0,72,0.0,4392,-7.0
65.0,110,91.0,72,7.0,4392,-0.1858407079646010
65.0,110,91.0,72,18.0,4392,10.522123893805300
65.0,110,91.0,72,32.0,4392,24.150442477876100
69.7,123,92.5,70,0.0,6105,-0.29999999999999700
69.7,123,92.5,70,7.0,6105,7.319469026548670
69.7,123,92.5,70,18.0,6105,19.29292035398230
69.7,123,92.5,70,32.0,6105,34.53185840707970
68.5,117,90.2,70,0.0,5849,-1.5
68.5,117,90.2,70,7.0,5849,5.7477876106194700
68.5,117,90.2,70,18.0,5849,17.137168141592900
68.5,117,90.2,70,32.0,5849,31.63274336283190
70.7,128,100.8,71,0.0,5239,-0.29999999999999700
70.7,128,100.8,71,7.0,5239,7.62920353982301
70.7,128,100.8,71,18.0,5239,20.089380530973500
70.7,128,100.8,71,32.0,5239,35.94778761061950
74.2,138,99.7,72,0.0,6813,2.200000000000000
74.2,138,99.7,72,7.0,6813,10.748672566371700
74.2,138,99.7,72,18.0,6813,24.18230088495580
74.2,138,99.7,72,32.0,6813,41.27964601769910
72.0,134,96.9,72,0.0,6430,0.0
72.0,134,96.9,72,7.0,6430,8.30088495575221
72.0,134,96.9,72,18.0,6430,21.345132743362800
72.0,134,96.9,72,32.0,6430,37.94690265486730
69.9,127,93.4,72,0.0,6007,-2.0999999999999900
69.9,127,93.4,72,7.0,6007,5.7672566371681500
69.9,127,93.4,72,18.0,6007,18.130088495575200
69.9,127,93.4,72,32.0,6007,33.8646017699115
67.8,123,90.6,72,0.0,5557,-4.200000000000000
67.8,123,90.6,72,7.0,5557,3.4194690265486700
67.8,123,90.6,72,18.0,5557,15.392920353982300
67.8,123,90.6,72,32.0,5557,30.631858407079600
64.8,113,85.8,72,0.0,4905,-7.200000000000000
64.8,113,85.8,72,7.0,4905,-0.20000000000000300
64.8,113,85.8,72,18.0,4905,10.800000000000000
64.8,113,85.8,72,32.0,4905,24.800000000000000
75.7,142,109.1,72,0.0,6007,3.700000000000000
75.7,142,109.1,72,7.0,6007,12.49646017699120
75.7,142,109.1,72,18.0,6007,26.319469026548700
75.7,142,109.1,72,32.0,6007,43.91238938053100
73.2,137,105.4,72,0.0,5557,1.2000000000000000
73.2,137,105.4,72,7.0,5557,9.686725663716810
73.2,137,105.4,72,18.0,5557,23.023008849557500
73.2,137,105.4,72,32.0,5557,39.99646017699120
70.0,122,98.8,72,0.0,4905,-2.0
70.0,122,98.8,72,7.0,4905,5.557522123893800
70.0,122,98.8,72,18.0,4905,17.43362831858410
70.0,122,98.8,72,32.0,4905,32.54867256637170
69.6,116,91.2,72,0.0,6114,-2.4000000000000100
69.6,116,91.2,72,7.0,6114,4.785840707964600
69.6,116,91.2,72,18.0,6114,16.07787610619470
69.6,116,91.2,72,32.0,6114,30.449557522123900
66.0,110,86.4,72,0.0,5342,-6.0
66.0,110,86.4,72,7.0,5342,0.8141592920353990
66.0,110,86.4,72,18.0,5342,11.522123893805300
66.0,110,86.4,72,32.0,5342,25.150442477876100
61.6,95,79.2,72,0.0,4798,-10.400000000000000
61.6,95,79.2,72,7.0,4798,-4.515044247787610
61.6,95,79.2,72,18.0,4798,4.7327433628318500
61.6,95,79.2,72,32.0,4798,16.502654867256600
69.6,104,94.2,72,0.0,5342,-2.4000000000000100
69.6,104,94.2,72,7.0,5342,4.04247787610619
69.6,104,94.2,72,18.0,5342,14.166371681415900
69.6,104,94.2,72,32.0,5342,27.051327433628300
67.8,110,93.8,72,0.0,4798,-4.200000000000000
67.8,110,93.8,72,7.0,4798,2.6141592920354000
67.8,110,93.8,72,18.0,4798,13.322123893805300
67.8,110,93.8,72,32.0,4798,26.950442477876100
59.8,94,82.0,72,0.0,3440,-12.200000000000000
59.8,94,82.0,72,7.0,3440,-6.376991150442480
59.8,94,82.0,72,18.0,3440,2.7734513274336200
59.8,94,82.0,72,32.0,3440,14.419469026548700
73.6,140,99.5,71,0.0,6805,2.5999999999999900
73.6,140,99.5,71,7.0,6805,11.272566371681400
73.6,140,99.5,71,18.0,6805,24.900884955752200
73.6,140,99.5,71,32.0,6805,42.24601769911500
72.3,131,96.7,71,0.0,6502,1.3000000000000000
72.3,131,96.7,71,7.0,6502,9.415044247787610
72.3,131,96.7,71,18.0,6502,22.167256637168100
72.3,131,96.7,71,32.0,6502,38.39734513274340
69.4,124,92.3,71,0.0,5889,-1.5999999999999900
69.4,124,92.3,71,7.0,5889,6.081415929203540
69.4,124,92.3,71,18.0,5889,18.152212389380500
69.4,124,92.3,71,32.0,5889,33.515044247787600
75.1,131,106.1,71,0.0,5889,4.099999999999990
75.1,131,106.1,71,7.0,5889,12.215044247787600
75.1,131,106.1,71,18.0,5889,24.967256637168100
75.1,131,106.1,71,32.0,5889,41.19734513274340
70.2,122,99.0,71,0.0,5082,-0.7999999999999970
70.2,122,99.0,71,7.0,5082,6.757522123893810
70.2,122,99.0,71,18.0,5082,18.633628318584100
70.2,122,99.0,71,32.0,5082,33.74867256637170
69.7,118,91.6,72,0.0,6369,-2.300000000000000
69.7,118,91.6,72,7.0,6369,5.0097345132743400
69.7,118,91.6,72,18.0,6369,16.49646017699120
69.7,118,91.6,72,32.0,6369,31.11592920353980
68.5,115,89.9,72,0.0,6081,-3.5
68.5,115,89.9,72,7.0,6081,3.6238938053097300
68.5,115,89.9,72,18.0,6081,14.818584070796500
68.5,115,89.9,72,32.0,6081,29.06637168141590
64.8,109,85.0,72,0.0,5280,-7.200000000000000
64.8,109,85.0,72,7.0,5280,-0.44778761061947100
64.8,109,85.0,72,18.0,5280,10.162831858407100
64.8,109,85.0,72,32.0,5280,23.667256637168100
64.3,107,84.2,72,0.0,5163,-7.700000000000000
64.3,107,84.2,72,7.0,5163,-1.0716814159292100
64.3,107,84.2,72,18.0,5163,9.344247787610610
64.3,107,84.2,72,32.0,5163,22.600884955752200
60.9,100,79.4,72,0.0,4189,-11.100000000000000
60.9,100,79.4,72,7.0,4189,-4.905309734513280
60.9,100,79.4,72,18.0,4189,4.829203539823010
60.9,100,79.4,72,32.0,4189,17.218584070796500
56.0,91,72.8,72,0.0,3030,-16.0
56.0,91,72.8,72,7.0,3030,-10.362831858407100
56.0,91,72.8,72,18.0,3030,-1.504424778761060
56.0,91,72.8,72,32.0,3030,9.769911504424780
73.9,124,103.0,72,0.0,6081,1.9000000000000100
73.9,124,103.0,72,7.0,6081,9.581415929203540
73.9,124,103.0,72,18.0,6081,21.652212389380500
73.9,124,103.0,72,32.0,6081,37.015044247787600
69.5,114,96.3,72,0.0,5280,-2.5
69.5,114,96.3,72,7.0,5280,4.561946902654870
69.5,114,96.3,72,18.0,5280,15.659292035398200
69.5,114,96.3,72,32.0,5280,29.783185840708000
68.8,112,95.3,72,0.0,5163,-3.200000000000000
68.8,112,95.3,72,7.0,5163,3.73805309734513
68.8,112,95.3,72,18.0,5163,14.640707964601800
68.8,112,95.3,72,32.0,5163,28.51681415929200
63.3,101,87.2,72,0.0,4189,-8.700000000000000
63.3,101,87.2,72,7.0,4189,-2.4433628318584100
63.3,101,87.2,72,18.0,4189,7.388495575221240
63.3,101,87.2,72,32.0,4189,19.901769911504400
57.4,89,78.2,72,0.0,3030,-14.600000000000000
57.4,89,78.2,72,7.0,3030,-9.086725663716810
57.4,89,78.2,72,18.0,3030,-0.42300884955751900
57.4,89,78.2,72,32.0,3030,10.603539823008800
69.2,120,91.4,72,0.0,5785,-2.800000000000000
69.2,120,91.4,72,7.0,5785,4.633628318584070
69.2,120,91.4,72,18.0,5785,16.31504424778760
69.2,120,91.4,72,32.0,5785,31.182300884955800
70.2,118,97.9,72,0.0,5137,-1.8000000000000000
70.2,118,97.9,72,7.0,5137,5.5097345132743400
70.2,118,97.9,72,18.0,5137,16.99646017699120
70.2,118,97.9,72,32.0,5137,31.61592920353980
77.4,146,104.5,72,0.0,7545,5.400000000000010
77.4,146,104.5,72,7.0,7545,14.444247787610600
77.4,146,104.5,72,18.0,7545,28.6566371681416
77.4,146,104.5,72,32.0,7545,46.74513274336280
75.0,140,100.9,72,0.0,7023,3.0
75.0,140,100.9,72,7.0,7023,11.672566371681400
75.0,140,100.9,72,18.0,7023,25.30088495575220
75.0,140,100.9,72,32.0,7023,42.64601769911510
73.5,139,99.3,72,0.0,6721,1.5
73.5,139,99.3,72,7.0,6721,10.110619469026500
73.5,139,99.3,72,18.0,6721,23.641592920354000
73.5,139,99.3,72,32.0,6721,40.86283185840710
71.7,139,97.5,72,0.0,6360,-0.29999999999999700
71.7,139,97.5,72,7.0,6360,8.310619469026550
71.7,139,97.5,72,18.0,6360,21.841592920354000
71.7,139,97.5,72,32.0,6360,39.06283185840710
67.6,132,92.1,72,0.0,5480,-4.400000000000010
67.6,132,92.1,72,7.0,5480,3.77699115044247
67.6,132,92.1,72,18.0,5480,16.626548672566400
67.6,132,92.1,72,32.0,5480,32.98053097345130
78.8,144,112.7,72,0.0,6360,6.800000000000000
78.8,144,112.7,72,7.0,6360,15.720353982300900
78.8,144,112.7,72,18.0,6360,29.73805309734510
78.8,144,112.7,72,32.0,6360,47.57876106194690
72.9,138,105.3,72,0.0,5480,0.9000000000000060
72.9,138,105.3,72,7.0,5480,9.448672566371680
72.9,138,105.3,72,18.0,5480,22.882300884955800
72.9,138,105.3,72,32.0,5480,39.97964601769910
74.2,139,99.9,71,0.0,6807,3.200000000000000
74.2,139,99.9,71,7.0,6807,11.810619469026500
74.2,139,99.9,71,18.0,6807,25.341592920354000
74.2,139,99.9,71,32.0,6807,42.56283185840710
72.0,134,96.9,71,0.0,6332,1.0
72.0,134,96.9,71,7.0,6332,9.30088495575221
72.0,134,96.9,71,18.0,6332,22.345132743362800
72.0,134,96.9,71,32.0,6332,38.94690265486730
69.9,133,94.6,71,0.0,5958,-1.0999999999999900
69.9,133,94.6,71,7.0,5958,7.138938053097350
69.9,133,94.6,71,18.0,5958,20.085840707964600
69.9,133,94.6,71,32.0,5958,36.56371681415930
68.6,128,92.3,71,0.0,5656,-2.4000000000000100
68.6,128,92.3,71,7.0,5656,5.529203539823000
68.6,128,92.3,71,18.0,5656,17.98938053097350
68.6,128,92.3,71,32.0,5656,33.84778761061950
65.1,121,87.6,71,0.0,4858,-5.900000000000010
65.1,121,87.6,71,7.0,4858,1.5955752212389300
65.1,121,87.6,71,18.0,4858,13.37433628318580
65.1,121,87.6,71,32.0,4858,28.365486725663700
74.8,142,108.2,71,0.0,5656,3.800000000000000
74.8,142,108.2,71,7.0,5656,12.596460176991100
74.8,142,108.2,71,18.0,5656,26.41946902654870
74.8,142,108.2,71,32.0,5656,44.012389380531000
70.2,132,101.4,71,0.0,4858,-0.7999999999999970
70.2,132,101.4,71,7.0,4858,7.376991150442480
70.2,132,101.4,71,18.0,4858,20.226548672566400
70.2,132,101.4,71,32.0,4858,36.58053097345130
71.8,136,97.0,72,0.0,6395,-0.20000000000000300
71.8,136,97.0,72,7.0,6395,8.224778761061940
71.8,136,97.0,72,18.0,6395,21.463716814159300
71.8,136,97.0,72,32.0,6395,38.313274336283200
69.6,132,94.1,72,0.0,5918,-2.4000000000000100
69.6,132,94.1,72,7.0,5918,5.77699115044247
69.6,132,94.1,72,18.0,5918,18.626548672566400
69.6,132,94.1,72,32.0,5918,34.98053097345130
68.6,127,92.1,72,0.0,5660,-3.4000000000000100
68.6,127,92.1,72,7.0,5660,4.467256637168130
68.6,127,92.1,72,18.0,5660,16.83008849557520
68.6,127,92.1,72,32.0,5660,32.56460176991150
66.2,120,88.5,72,0.0,5229,-5.800000000000000
66.2,120,88.5,72,7.0,5229,1.6336283185840700
66.2,120,88.5,72,18.0,5229,13.315044247787600
66.2,120,88.5,72,32.0,5229,28.182300884955800
63.4,115,84.7,72,0.0,4525,-8.600000000000000
63.4,115,84.7,72,7.0,4525,-1.47610619469026
63.4,115,84.7,72,18.0,4525,9.718584070796450
63.4,115,84.7,72,32.0,4525,23.96637168141590
71.9,132,103.0,72,0.0,5229,-0.09999999999999430
71.9,132,103.0,72,7.0,5229,8.076991150442480
71.9,132,103.0,72,18.0,5229,20.926548672566400
71.9,132,103.0,72,32.0,5229,37.280530973451300
67.9,123,96.8,72,0.0,4525,-4.099999999999990
67.9,123,96.8,72,7.0,4525,3.519469026548680
67.9,123,96.8,72,18.0,4525,15.4929203539823
67.9,123,96.8,72,32.0,4525,30.731858407079600
70.4,121,92.8,72,0.0,6009,-1.5999999999999900
70.4,121,92.8,72,7.0,6009,5.895575221238940
70.4,121,92.8,72,18.0,6009,17.674336283185900
70.4,121,92.8,72,32.0,6009,32.665486725663700
68.1,115,89.5,72,0.0,5490,-3.9000000000000100
68.1,115,89.5,72,7.0,5490,3.2238938053097300
68.1,115,89.5,72,18.0,5490,14.418584070796500
68.1,115,89.5,72,32.0,5490,28.666371681415900
65.1,111,85.6,72,0.0,4893,-6.900000000000010
65.1,111,85.6,72,7.0,4893,-0.023893805309739900
65.1,111,85.6,72,18.0,4893,10.781415929203500
65.1,111,85.6,72,32.0,4893,24.533628318584100
64.3,110,84.6,72,0.0,4666,-7.700000000000000
64.3,110,84.6,72,7.0,4666,-0.8858407079646040
64.3,110,84.6,72,18.0,4666,9.822123893805300
64.3,110,84.6,72,32.0,4666,23.450442477876100
75.5,131,106.2,72,0.0,6009,3.5
75.5,131,106.2,72,7.0,6009,11.615044247787600
75.5,131,106.2,72,18.0,6009,24.36725663716810
75.5,131,106.2,72,32.0,6009,40.59734513274340
72.6,124,101.8,72,0.0,5490,0.5999999999999940
72.6,124,101.8,72,7.0,5490,8.281415929203530
72.6,124,101.8,72,18.0,5490,20.352212389380500
72.6,124,101.8,72,32.0,5490,35.7150442477876
69.3,117,96.9,72,0.0,4893,-2.700000000000000
69.3,117,96.9,72,7.0,4893,4.547787610619470
69.3,117,96.9,72,18.0,4893,15.93716814159290
69.3,117,96.9,72,32.0,4893,30.432743362831900
68.0,115,95.0,72,0.0,4666,-4.0
68.0,115,95.0,72,7.0,4666,3.1238938053097300
68.0,115,95.0,72,18.0,4666,14.318584070796500
68.0,115,95.0,72,32.0,4666,28.56637168141590
70.0,123,92.7,70,0.0,6123,0.0
70.0,123,92.7,70,7.0,6123,7.619469026548670
70.0,123,92.7,70,18.0,6123,19.592920353982300
70.0,123,92.7,70,32.0,6123,34.831858407079600
68.3,120,90.5,70,0.0,5779,-1.7000000000000000
68.3,120,90.5,70,7.0,5779,5.733628318584070
68.3,120,90.5,70,18.0,5779,17.415044247787600
68.3,120,90.5,70,32.0,5779,32.28230088495580
66.7,116,88.2,70,0.0,5393,-3.300000000000000
66.7,116,88.2,70,7.0,5393,3.8858407079646000
66.7,116,88.2,70,18.0,5393,15.177876106194700
66.7,116,88.2,70,32.0,5393,29.549557522123900
64.6,112,85.3,70,0.0,4934,-5.400000000000010
64.6,112,85.3,70,7.0,4934,1.5380530973451300
64.6,112,85.3,70,18.0,4934,12.440707964601800
64.6,112,85.3,70,32.0,4934,26.316814159292000
61.4,103,80.6,70,0.0,4112,-8.600000000000000
61.4,103,80.6,70,7.0,4112,-2.21946902654868
61.4,103,80.6,70,18.0,4112,7.807079646017700
61.4,103,80.6,70,32.0,4112,20.568141592920400
76.3,142,109.9,70,0.0,6123,6.300000000000000
76.3,142,109.9,70,7.0,6123,15.096460176991100
76.3,142,109.9,70,18.0,6123,28.91946902654870
76.3,142,109.9,70,32.0,6123,46.512389380531000
74.4,138,107.0,70,0.0,5779,4.400000000000010
74.4,138,107.0,70,7.0,5779,12.948672566371700
74.4,138,107.0,70,18.0,5779,26.382300884955800
74.4,138,107.0,70,32.0,5779,43.47964601769910
72.3,133,103.7,70,0.0,5393,2.300000000000000
72.3,133,103.7,70,7.0,5393,10.53893805309730
72.3,133,103.7,70,18.0,5393,23.4858407079646
72.3,133,103.7,70,32.0,5393,39.963716814159300
69.3,124,98.4,70,0.0,4934,-0.7000000000000030
69.3,124,98.4,70,7.0,4934,6.981415929203540
69.3,124,98.4,70,18.0,4934,19.05221238938050
69.3,124,98.4,70,32.0,4934,34.415044247787600
64.4,112,90.8,70,0.0,4112,-5.599999999999990
64.4,112,90.8,70,7.0,4112,1.3380530973451400
64.4,112,90.8,70,18.0,4112,12.240707964601800
64.4,112,90.8,70,32.0,4112,26.116814159292000
65.2,113,86.2,67,0.0,5290,-1.8000000000000000
65.2,113,86.2,67,7.0,5290,5.200000000000000
65.2,113,86.2,67,18.0,5290,16.200000000000000
65.2,113,86.2,67,32.0,5290,30.200000000000000
64.0,110,84.4,67,0.0,4970,-3.0
64.0,110,84.4,67,7.0,4970,3.8141592920354000
64.0,110,84.4,67,18.0,4970,14.522123893805300
64.0,110,84.4,67,32.0,4970,28.150442477876100
69.2,117,96.8,67,0.0,4970,2.200000000000000
69.2,117,96.8,67,7.0,4970,9.447787610619470
69.2,117,96.8,67,18.0,4970,20.837168141592900
69.2,117,96.8,67,32.0,4970,35.33274336283190
66.2,108,91.6,67,0.0,4493,-0.7999999999999970
66.2,108,91.6,67,7.0,4493,5.890265486725670
66.2,108,91.6,67,18.0,4493,16.403539823008900
66.2,108,91.6,67,32.0,4493,29.784070796460200
74.4,138,100.0,72,0.0,7022,2.4000000000000100
74.4,138,100.0,72,7.0,7022,10.948672566371700
74.4,138,100.0,72,18.0,7022,24.382300884955800
74.4,138,100.0,72,32.0,7022,41.47964601769910
71.6,135,96.6,72,0.0,6413,-0.4000000000000060
71.6,135,96.6,72,7.0,6413,7.962831858407070
71.6,135,96.6,72,18.0,6413,21.104424778761100
71.6,135,96.6,72,32.0,6413,37.83008849557520
69.5,130,93.6,72,0.0,5951,-2.5
69.5,130,93.6,72,7.0,5951,5.553097345132740
69.5,130,93.6,72,18.0,5951,18.207964601769900
69.5,130,93.6,72,32.0,5951,34.3141592920354
66.5,124,89.5,72,0.0,5283,-5.5
66.5,124,89.5,72,7.0,5283,2.1814159292035400
66.5,124,89.5,72,18.0,5283,14.252212389380500
66.5,124,89.5,72,32.0,5283,29.61504424778760
74.1,126,103.8,72,0.0,5951,2.0999999999999900
74.1,126,103.8,72,7.0,5951,9.905309734513270
74.1,126,103.8,72,18.0,5951,22.170796460177000
74.1,126,103.8,72,32.0,5951,37.78141592920350
69.8,121,98.3,72,0.0,5283,-2.200000000000000
69.8,121,98.3,72,7.0,5283,5.295575221238930
69.8,121,98.3,72,18.0,5283,17.074336283185800
69.8,121,98.3,72,32.0,5283,32.06548672566370
74.0,142,100.4,72,0.0,6965,2.0
74.0,142,100.4,72,7.0,6965,10.796460176991100
74.0,142,100.4,72,18.0,6965,24.61946902654870
74.0,142,100.4,72,32.0,6965,42.212389380531000
72.4,139,98.2,72,0.0,6605,0.4000000000000060
72.4,139,98.2,72,7.0,6605,9.010619469026550
72.4,139,98.2,72,18.0,6605,22.54159292035400
72.4,139,98.2,72,32.0,6605,39.76283185840710
70.7,137,96.1,72,0.0,6260,-1.3000000000000000
70.7,137,96.1,72,7.0,6260,7.186725663716810
70.7,137,96.1,72,18.0,6260,20.523008849557500
70.7,137,96.1,72,32.0,6260,37.49646017699120
68.2,132,92.6,72,0.0,5696,-3.800000000000000
68.2,132,92.6,72,7.0,5696,4.376991150442480
68.2,132,92.6,72,18.0,5696,17.226548672566400
68.2,132,92.6,72,32.0,5696,33.58053097345130
65.9,128,89.6,72,0.0,5210,-6.099999999999990
65.9,128,89.6,72,7.0,5210,1.8292035398230100
65.9,128,89.6,72,18.0,5210,14.28938053097350
65.9,128,89.6,72,32.0,5210,30.147787610619500
62.4,120,84.7,72,0.0,4329,-9.600000000000000
62.4,120,84.7,72,7.0,4329,-2.1663716814159200
62.4,120,84.7,72,18.0,4329,9.515044247787610
62.4,120,84.7,72,32.0,4329,24.382300884955800
74.3,138,106.8,72,0.0,5696,2.300000000000000
74.3,138,106.8,72,7.0,5696,10.848672566371700
74.3,138,106.8,72,18.0,5696,24.282300884955700
74.3,138,106.8,72,32.0,5696,41.379646017699100
71.2,132,102.2,72,0.0,5210,-0.7999999999999970
71.2,132,102.2,72,7.0,5210,7.376991150442480
71.2,132,102.2,72,18.0,5210,20.226548672566400
71.2,132,102.2,72,32.0,5210,36.58053097345130
66.3,122,94.9,72,0.0,4329,-5.700000000000000
66.3,122,94.9,72,7.0,4329,1.8575221238938000
66.3,122,94.9,72,18.0,4329,13.733628318584100
66.3,122,94.9,72,32.0,4329,28.848672566371700
74.3,137,99.6,72,0.0,7147,2.300000000000000
74.3,137,99.6,72,7.0,7147,10.786725663716800
74.3,137,99.6,72,18.0,7147,24.12300884955750
74.3,137,99.6,72,32.0,7147,41.096460176991100
71.4,130,95.6,72,0.0,6524,-0.5999999999999940
71.4,130,95.6,72,7.0,6524,7.453097345132750
71.4,130,95.6,72,18.0,6524,20.107964601769900
71.4,130,95.6,72,32.0,6524,36.214159292035400
69.9,122,92.6,72,0.0,6172,-2.0999999999999900
69.9,122,92.6,72,7.0,6172,5.45752212389381
69.9,122,92.6,72,18.0,6172,17.333628318584100
69.9,122,92.6,72,32.0,6172,32.448672566371700
67.0,121,89.4,72,0.0,5578,-5.0
67.0,121,89.4,72,7.0,5578,2.495575221238940
67.0,121,89.4,72,18.0,5578,14.274336283185800
67.0,121,89.4,72,32.0,5578,29.26548672566370
75.9,137,108.2,72,0.0,6172,3.9000000000000100
75.9,137,108.2,72,7.0,6172,12.386725663716800
75.9,137,108.2,72,18.0,6172,25.72300884955750
75.9,137,108.2,72,32.0,6172,42.69646017699120
72.6,130,103.3,72,0.0,5578,0.5999999999999940
72.6,130,103.3,72,7.0,5578,8.653097345132740
72.6,130,103.3,72,18.0,5578,21.30796460176990
72.6,130,103.3,72,32.0,5578,37.41415929203540
68.6,122,97.3,72,0.0,4896,-3.4000000000000100
68.6,122,97.3,72,7.0,4896,4.1575221238938000
68.6,122,97.3,72,18.0,4896,16.033628318584100
68.6,122,97.3,72,32.0,4896,31.148672566371700
70.8,129,94.7,71,0.0,6326,-0.20000000000000300
70.8,129,94.7,71,7.0,6326,7.791150442477870
70.8,129,94.7,71,18.0,6326,20.348672566371700
70.8,129,94.7,71,32.0,6326,36.330973451327400
69.9,127,93.5,71,0.0,6146,-1.0999999999999900
69.9,127,93.5,71,7.0,6146,6.7672566371681500
69.9,127,93.5,71,18.0,6146,19.130088495575200
69.9,127,93.5,71,32.0,6146,34.8646017699115
65.9,119,87.9,71,0.0,5244,-5.099999999999990
65.9,119,87.9,71,7.0,5244,2.2716814159292100
65.9,119,87.9,71,18.0,5244,13.85575221238940
65.9,119,87.9,71,32.0,5244,28.599115044247800
64.6,115,86.0,71,0.0,4921,-6.400000000000010
64.6,115,86.0,71,7.0,4921,0.7238938053097290
64.6,115,86.0,71,18.0,4921,11.918584070796500
64.6,115,86.0,71,32.0,4921,26.166371681415900
75.5,134,107.0,71,0.0,6146,4.5
75.5,134,107.0,71,7.0,6146,12.80088495575220
75.5,134,107.0,71,18.0,6146,25.845132743362800
75.5,134,107.0,71,32.0,6146,42.44690265486730
70.4,123,99.4,71,0.0,5244,-0.5999999999999940
70.4,123,99.4,71,7.0,5244,7.019469026548680
70.4,123,99.4,71,18.0,5244,18.9929203539823
70.4,123,99.4,71,32.0,5244,34.23185840707960
68.7,119,96.8,71,0.0,4921,-2.300000000000000
68.7,119,96.8,71,7.0,4921,5.071681415929210
68.7,119,96.8,71,18.0,4921,16.655752212389400
68.7,119,96.8,71,32.0,4921,31.399115044247800
72.2,135,97.3,72,0.0,6471,0.20000000000000300
72.2,135,97.3,72,7.0,6471,8.56283185840708
72.2,135,97.3,72,18.0,6471,21.704424778761100
72.2,135,97.3,72,32.0,6471,38.430088495575200
70.8,131,95.1,72,0.0,6153,-1.2000000000000000
70.8,131,95.1,72,7.0,6153,6.9150442477876100
70.8,131,95.1,72,18.0,6153,19.667256637168100
70.8,131,95.1,72,32.0,6153,35.89734513274340
69.9,129,93.9,72,0.0,5973,-2.0999999999999900
69.9,129,93.9,72,7.0,5973,5.89115044247788
69.9,129,93.9,72,18.0,5973,18.448672566371700
69.9,129,93.9,72,32.0,5973,34.430973451327400
67.7,125,91.0,72,0.0,5532,-4.300000000000000
67.7,125,91.0,72,7.0,5532,3.4433628318584100
67.7,125,91.0,72,18.0,5532,15.611504424778800
67.7,125,91.0,72,32.0,5532,31.09823008849560
66.7,124,89.8,72,0.0,5333,-5.300000000000000
66.7,124,89.8,72,7.0,5333,2.3814159292035400
66.7,124,89.8,72,18.0,5333,14.452212389380500
66.7,124,89.8,72,32.0,5333,29.81504424778760
65.7,123,88.6,72,0.0,5123,-6.300000000000000
65.7,123,88.6,72,7.0,5123,1.3194690265486700
65.7,123,88.6,72,18.0,5123,13.29292035398230
65.7,123,88.6,72,32.0,5123,28.531858407079700
64.0,118,85.9,72,0.0,4701,-8.0
64.0,118,85.9,72,7.0,4701,-0.6902654867256640
64.0,118,85.9,72,18.0,4701,10.796460176991100
64.0,118,85.9,72,32.0,4701,25.415929203539800
61.3,112,82.2,72,0.0,3964,-10.700000000000000
61.3,112,82.2,72,7.0,3964,-3.76194690265487
61.3,112,82.2,72,18.0,3964,7.1407079646017700
61.3,112,82.2,72,32.0,3964,21.01681415929200
77.8,143,111.4,72,0.0,6471,5.800000000000000
77.8,143,111.4,72,7.0,6471,14.658407079646000
77.8,143,111.4,72,18.0,6471,28.578761061946900
77.8,143,111.4,72,32.0,6471,46.295575221238900
75.7,133,107.0,72,0.0,6153,3.700000000000000
75.7,133,107.0,72,7.0,6153,11.938938053097300
75.7,133,107.0,72,18.0,6153,24.885840707964600
75.7,133,107.0,72,32.0,6153,41.36371681415930
74.7,132,105.8,72,0.0,5973,2.700000000000000
74.7,132,105.8,72,7.0,5973,10.876991150442500
74.7,132,105.8,72,18.0,5973,23.726548672566400
74.7,132,105.8,72,32.0,5973,40.08053097345130
72.1,124,101.3,72,0.0,5532,0.09999999999999430
72.1,124,101.3,72,7.0,5532,7.781415929203530
72.1,124,101.3,72,18.0,5532,19.852212389380500
72.1,124,101.3,72,32.0,5532,35.2150442477876
71.1,123,100.1,72,0.0,5333,-0.9000000000000060
71.1,123,100.1,72,7.0,5333,6.719469026548670
71.1,123,100.1,72,18.0,5333,18.692920353982300
71.1,123,100.1,72,32.0,5333,33.93185840707960
69.8,122,98.6,72,0.0,5123,-2.200000000000000
69.8,122,98.6,72,7.0,5123,5.357522123893800
69.8,122,98.6,72,18.0,5123,17.233628318584100
69.8,122,98.6,72,32.0,5123,32.348672566371700
67.1,118,94.8,72,0.0,4701,-4.900000000000010
67.1,118,94.8,72,7.0,4701,2.40973451327433
67.1,118,94.8,72,18.0,4701,13.896460176991100
67.1,118,94.8,72,32.0,4701,28.515929203539800
62.7,109,88.4,72,0.0,3964,-9.300000000000000
62.7,109,88.4,72,7.0,3964,-2.5477876106194700
62.7,109,88.4,72,18.0,3964,8.06283185840708
62.7,109,88.4,72,32.0,3964,21.567256637168100
70.2,122,92.9,72,0.0,6551,-1.8000000000000000
70.2,122,92.9,72,7.0,6551,5.757522123893810
70.2,122,92.9,72,18.0,6551,17.633628318584100
70.2,122,92.9,72,32.0,6551,32.74867256637170
68.6,120,90.8,72,0.0,6186,-3.4000000000000100
68.6,120,90.8,72,7.0,6186,4.033628318584060
68.6,120,90.8,72,18.0,6186,15.715044247787600
68.6,120,90.8,72,32.0,6186,30.582300884955700
66.1,115,87.4,72,0.0,5612,-5.900000000000010
66.1,115,87.4,72,7.0,5612,1.2238938053097300
66.1,115,87.4,72,18.0,5612,12.418584070796500
66.1,115,87.4,72,32.0,5612,26.666371681415900
63.2,108,83.3,72,0.0,4965,-8.800000000000000
63.2,108,83.3,72,7.0,4965,-2.109734513274330
63.2,108,83.3,72,18.0,4965,8.403539823008860
63.2,108,83.3,72,32.0,4965,21.784070796460200
70.9,122,99.6,72,0.0,5612,-1.0999999999999900
70.9,122,99.6,72,7.0,5612,6.45752212389381
70.9,122,99.6,72,18.0,5612,18.333628318584100
70.9,122,99.6,72,32.0,5612,33.448672566371700
67.2,114,94.1,72,0.0,4965,-4.800000000000000
67.2,114,94.1,72,7.0,4965,2.26194690265487
67.2,114,94.1,72,18.0,4965,13.359292035398200
67.2,114,94.1,72,32.0,4965,27.48318584070800
65.4,119,87.4,69,0.0,5012,-3.5999999999999900
65.4,119,87.4,69,7.0,5012,3.7716814159292100
65.4,119,87.4,69,18.0,5012,15.35575221238940
65.4,119,87.4,69,32.0,5012,30.099115044247800
63.8,115,85.1,69,0.0,4591,-5.200000000000000
63.8,115,85.1,69,7.0,4591,1.9238938053097300
63.8,115,85.1,69,18.0,4591,13.118584070796500
63.8,115,85.1,69,32.0,4591,27.366371681415900
67.4,121,95.9,69,0.0,4591,-1.5999999999999900
67.4,121,95.9,69,7.0,4591,5.895575221238940
67.4,121,95.9,69,18.0,4591,17.674336283185900
67.4,121,95.9,69,32.0,4591,32.665486725663700
63.1,112,89.5,69,0.0,3865,-5.900000000000000
63.1,112,89.5,69,7.0,3865,1.0380530973451400
63.1,112,89.5,69,18.0,3865,11.94070796460180
63.1,112,89.5,69,32.0,3865,25.816814159292000
73.7,142,100.1,72,0.0,6947,1.7000000000000000
73.7,142,100.1,72,7.0,6947,10.49646017699120
73.7,142,100.1,72,18.0,6947,24.319469026548700
73.7,142,100.1,72,32.0,6947,41.91238938053100
72.8,139,98.6,72,0.0,6719,0.7999999999999970
72.8,139,98.6,72,7.0,6719,9.410619469026540
72.8,139,98.6,72,18.0,6719,22.94159292035400
72.8,139,98.6,72,32.0,6719,40.162831858407100
71.8,134,96.7,72,0.0,6440,-0.20000000000000300
71.8,134,96.7,72,7.0,6440,8.100884955752210
71.8,134,96.7,72,18.0,6440,21.145132743362800
71.8,134,96.7,72,32.0,6440,37.746902654867300
70.3,130,94.5,72,0.0,6151,-1.7000000000000000
70.3,130,94.5,72,7.0,6151,6.353097345132740
70.3,130,94.5,72,18.0,6151,19.007964601769900
70.3,130,94.5,72,32.0,6151,35.114159292035400
69.9,128,93.7,72,0.0,5967,-2.0999999999999900
69.9,128,93.7,72,7.0,5967,5.829203539823010
69.9,128,93.7,72,18.0,5967,18.28938053097350
69.9,128,93.7,72,32.0,5967,34.147787610619500
67.2,123,90.0,72,0.0,5309,-4.800000000000000
67.2,123,90.0,72,7.0,5309,2.819469026548670
67.2,123,90.0,72,18.0,5309,14.79292035398230
67.2,123,90.0,72,32.0,5309,30.031858407079700
65.8,120,88.1,72,0.0,5054,-6.200000000000000
65.8,120,88.1,72,7.0,5054,1.233628318584070
65.8,120,88.1,72,18.0,5054,12.915044247787600
65.8,120,88.1,72,32.0,5054,27.78230088495580
64.7,117,86.5,72,0.0,4597,-7.300000000000000
64.7,117,86.5,72,7.0,4597,-0.052212389380528600
64.7,117,86.5,72,18.0,4597,11.337168141592900
64.7,117,86.5,72,32.0,4597,25.832743362831900
61.1,112,81.9,72,0.0,3596,-10.900000000000000
61.1,112,81.9,72,7.0,3596,-3.9619469026548600
61.1,112,81.9,72,18.0,3596,6.940707964601770
61.1,112,81.9,72,32.0,3596,20.816814159292000
36.9,143,50.2,36,0.0,3470,0.8999999999999990
36.9,143,50.2,36,7.0,3470,9.75840707964602
36.9,143,50.2,36,18.0,3470,23.6787610619469
36.9,143,50.2,36,32.0,3470,41.39557522123890
36.0,136,48.6,36,0.0,3294,0.0
36.0,136,48.6,36,7.0,3294,8.424778761061940
36.0,136,48.6,36,18.0,3294,21.663716814159300
36.0,136,48.6,36,32.0,3294,38.51327433628320
35.1,132,47.4,36,0.0,3057,-0.8999999999999990
35.1,132,47.4,36,7.0,3057,7.276991150442480
35.1,132,47.4,36,18.0,3057,20.126548672566400
35.1,132,47.4,36,32.0,3057,36.48053097345130
80.6,148,115.5,73,0.0,6947,7.599999999999990
80.6,148,115.5,73,7.0,6947,16.768141592920300
80.6,148,115.5,73,18.0,6947,31.17522123893810
80.6,148,115.5,73,32.0,6947,49.511504424778800
79.2,146,113.7,73,0.0,6719,6.200000000000000
79.2,146,113.7,73,7.0,6719,15.244247787610600
79.2,146,113.7,73,18.0,6719,29.456637168141600
79.2,146,113.7,73,32.0,6719,47.54513274336280
77.7,142,111.2,73,0.0,6440,4.700000000000000
77.7,142,111.2,73,7.0,6440,13.49646017699120
77.7,142,111.2,73,18.0,6440,27.319469026548700
77.7,142,111.2,73,32.0,6440,44.91238938053100
76.3,140,109.4,73,0.0,6151,3.300000000000000
76.3,140,109.4,73,7.0,6151,11.97256637168140
76.3,140,109.4,73,18.0,6151,25.600884955752200
76.3,140,109.4,73,32.0,6151,42.94601769911500
75.2,138,107.7,73,0.0,5967,2.200000000000000
75.2,138,107.7,73,7.0,5967,10.748672566371700
75.2,138,107.7,73,18.0,5967,24.18230088495580
75.2,138,107.7,73,32.0,5967,41.27964601769910
72.6,131,103.5,73,0.0,5309,-0.4000000000000060
72.6,131,103.5,73,7.0,5309,7.715044247787600
72.6,131,103.5,73,18.0,5309,20.467256637168100
72.6,131,103.5,73,32.0,5309,36.69734513274340
71.1,125,100.6,73,0.0,5054,-1.9000000000000100
71.1,125,100.6,73,7.0,5054,5.8433628318584
71.1,125,100.6,73,18.0,5054,18.01150442477880
71.1,125,100.6,73,32.0,5054,33.498230088495600
68.6,118,96.4,73,0.0,4597,-4.400000000000010
68.6,118,96.4,73,7.0,4597,2.90973451327433
68.6,118,96.4,73,18.0,4597,14.396460176991100
68.6,118,96.4,73,32.0,4597,29.015929203539800
62.8,109,88.5,73,0.0,3596,-10.200000000000000
62.8,109,88.5,73,7.0,3596,-3.4477876106194700
62.8,109,88.5,73,18.0,3596,7.162831858407070
62.8,109,88.5,73,32.0,3596,20.667256637168100
36.8,134,52.6,37,0.0,2797,-0.20000000000000300
36.8,134,52.6,37,7.0,2797,8.100884955752210
36.8,134,52.6,37,18.0,2797,21.14513274336280
36.8,134,52.6,37,32.0,2797,37.746902654867300
35.2,122,49.6,37,0.0,2484,-1.8000000000000000
35.2,122,49.6,37,7.0,2484,5.757522123893810
35.2,122,49.6,37,18.0,2484,17.633628318584100
35.2,122,49.6,37,32.0,2484,32.74867256637170
71.1,126,94.5,72,0.0,6509,-0.9000000000000060
71.1,126,94.5,72,7.0,6509,6.905309734513270
71.1,126,94.5,72,18.0,6509,19.170796460177000
71.1,126,94.5,72,32.0,6509,34.78141592920350
69.8,123,92.6,72,0.0,6180,-2.200000000000000
69.8,123,92.6,72,7.0,6180,5.4194690265486700
69.8,123,92.6,72,18.0,6180,17.392920353982300
69.8,123,92.6,72,32.0,6180,32.63185840707970
66.5,111,87.1,72,0.0,5457,-5.5
66.5,111,87.1,72,7.0,5457,1.3761061946902700
66.5,111,87.1,72,18.0,5457,12.181415929203500
66.5,111,87.1,72,32.0,5457,25.93362831858410
75.4,126,105.1,72,0.0,6180,3.4000000000000100
75.4,126,105.1,72,7.0,6180,11.205309734513300
75.4,126,105.1,72,18.0,6180,23.470796460177
75.4,126,105.1,72,32.0,6180,39.081415929203500
71.9,121,100.5,72,0.0,5457,-0.09999999999999430
71.9,121,100.5,72,7.0,5457,7.395575221238940
71.9,121,100.5,72,18.0,5457,19.174336283185900
71.9,121,100.5,72,32.0,5457,34.165486725663700
76.2,144,103.0,72,0.0,7397,4.200000000000000
76.2,144,103.0,72,7.0,7397,13.120353982300900
76.2,144,103.0,72,18.0,7397,27.138053097345100
76.2,144,103.0,72,32.0,7397,44.9787610619469
75.9,143,102.5,72,0.0,7317,3.9000000000000100
75.9,143,102.5,72,7.0,7317,12.75840707964600
75.9,143,102.5,72,18.0,7317,26.678761061946900
75.9,143,102.5,72,32.0,7317,44.39557522123890
74.0,137,99.4,72,0.0,6886,2.0
74.0,137,99.4,72,7.0,6886,10.486725663716800
74.0,137,99.4,72,18.0,6886,23.823008849557500
74.0,137,99.4,72,32.0,6886,40.79646017699120
72.2,132,96.8,72,0.0,6452,0.20000000000000300
72.2,132,96.8,72,7.0,6452,8.376991150442480
72.2,132,96.8,72,18.0,6452,21.226548672566400
72.2,132,96.8,72,32.0,6452,37.58053097345130
71.1,130,95.3,72,0.0,6214,-0.9000000000000060
71.1,130,95.3,72,7.0,6214,7.1530973451327400
71.1,130,95.3,72,18.0,6214,19.80796460176990
71.1,130,95.3,72,32.0,6214,35.91415929203540
69.1,125,92.3,72,0.0,5887,-2.9000000000000100
69.1,125,92.3,72,7.0,5887,4.8433628318584
69.1,125,92.3,72,18.0,5887,17.01150442477880
69.1,125,92.3,72,32.0,5887,32.498230088495600
66.4,121,88.9,72,0.0,5205,-5.599999999999990
66.4,121,88.9,72,7.0,5205,1.8955752212389400
66.4,121,88.9,72,18.0,5205,13.674336283185900
66.4,121,88.9,72,32.0,5205,28.665486725663700
75.1,138,107.6,72,0.0,5887,3.0999999999999900
75.1,138,107.6,72,7.0,5887,11.648672566371700
75.1,138,107.6,72,18.0,5887,25.082300884955700
75.1,138,107.6,72,32.0,5887,42.1796460176991
71.9,131,102.8,72,0.0,5205,-0.09999999999999430
71.9,131,102.8,72,7.0,5205,8.015044247787610
71.9,131,102.8,72,18.0,5205,20.767256637168100
71.9,131,102.8,72,32.0,5205,36.99734513274340
71.2,122,93.9,72,0.0,6377,-0.7999999999999970
71.2,122,93.9,72,7.0,6377,6.757522123893810
71.2,122,93.9,72,18.0,6377,18.633628318584100
71.2,122,93.9,72,32.0,6377,33.74867256637170
69.3,123,92.0,72,0.0,6016,-2.700000000000000
69.3,123,92.0,72,7.0,6016,4.9194690265486700
69.3,123,92.0,72,18.0,6016,16.892920353982300
69.3,123,92.0,72,32.0,6016,32.13185840707970
64.4,113,85.3,72,0.0,4944,-7.599999999999990
64.4,113,85.3,72,7.0,4944,-0.5999999999999940
64.4,113,85.3,72,18.0,4944,10.400000000000000
64.4,113,85.3,72,32.0,4944,24.400000000000000
69.2,122,97.8,72,0.0,4944,-2.800000000000000
69.2,122,97.8,72,7.0,4944,4.757522123893810
69.2,122,97.8,72,18.0,4944,16.633628318584100
69.2,122,97.8,72,32.0,4944,31.74867256637170
66.7,117,94.3,72,0.0,4527,-5.300000000000000
66.7,117,94.3,72,7.0,4527,1.9477876106194700
66.7,117,94.3,72,18.0,4527,13.337168141592900
66.7,117,94.3,72,32.0,4527,27.832743362831900
63.4,103,82.6,68,0.0,4966,-4.600000000000000
63.4,103,82.6,68,7.0,4966,1.7805309734513200
63.4,103,82.6,68,18.0,4966,11.807079646017700
63.4,103,82.6,68,32.0,4966,24.568141592920400
61.0,90,77.8,68,0.0,4318,-7.0
61.0,90,77.8,68,7.0,4318,-1.424778761061940
61.0,90,77.8,68,18.0,4318,7.336283185840710
61.0,90,77.8,68,32.0,4318,18.48672566371680
59.2,89,75.8,68,0.0,3752,-8.800000000000000
59.2,89,75.8,68,7.0,3752,-3.2867256637168100
59.2,89,75.8,68,18.0,3752,5.376991150442480
59.2,89,75.8,68,32.0,3752,16.403539823008900
68.0,110,94.0,68,0.0,4966,0.0
68.0,110,94.0,68,7.0,4966,6.814159292035400
68.0,110,94.0,68,18.0,4966,17.522123893805300
68.0,110,94.0,68,32.0,4966,31.150442477876100
63.8,106,88.8,68,0.0,4318,-4.200000000000000
63.8,106,88.8,68,7.0,4318,2.3663716814159300
63.8,106,88.8,68,18.0,4318,12.684955752212400
63.8,106,88.8,68,32.0,4318,25.81769911504430
60.8,95,83.2,68,0.0,3752,-7.200000000000000
60.8,95,83.2,68,7.0,3752,-1.3150442477876100
60.8,95,83.2,68,18.0,3752,7.932743362831860
60.8,95,83.2,68,32.0,3752,19.702654867256600
75.9,142,102.3,72,0.0,7390,3.9000000000000100
75.9,142,102.3,72,7.0,7390,12.696460176991200
75.9,142,102.3,72,18.0,7390,26.519469026548700
75.9,142,102.3,72,32.0,7390,44.11238938053100
74.6,139,100.4,72,0.0,7074,2.5999999999999900
74.6,139,100.4,72,7.0,7074,11.21061946902650
74.6,139,100.4,72,18.0,7074,24.74159292035400
74.6,139,100.4,72,32.0,7074,41.96283185840710
72.6,135,97.7,72,0.0,6659,0.5999999999999940
72.6,135,97.7,72,7.0,6659,8.962831858407070
72.6,135,97.7,72,18.0,6659,22.104424778761100
72.6,135,97.7,72,32.0,6659,38.83008849557520
71.5,133,96.2,72,0.0,6402,-0.5
71.5,133,96.2,72,7.0,6402,7.738938053097340
71.5,133,96.2,72,18.0,6402,20.6858407079646
71.5,133,96.2,72,32.0,6402,37.1637168141593
70.5,131,94.9,72,0.0,6180,-1.5
70.5,131,94.9,72,7.0,6180,6.615044247787610
70.5,131,94.9,72,18.0,6180,19.36725663716810
70.5,131,94.9,72,32.0,6180,35.59734513274340
68.5,128,92.3,72,0.0,5800,-3.5
68.5,128,92.3,72,7.0,5800,4.429203539823010
68.5,128,92.3,72,18.0,5800,16.889380530973500
68.5,128,92.3,72,32.0,5800,32.74778761061950
65.3,124,88.3,72,0.0,5196,-6.700000000000000
65.3,124,88.3,72,7.0,5196,0.9814159292035360
65.3,124,88.3,72,18.0,5196,13.052212389380500
65.3,124,88.3,72,32.0,5196,28.415044247787600
76.3,139,109.0,73,0.0,6180,3.300000000000000
76.3,139,109.0,73,7.0,6180,11.910619469026500
76.3,139,109.0,73,18.0,6180,25.44159292035400
76.3,139,109.0,73,32.0,6180,42.662831858407100
70.9,127,100.8,73,0.0,5196,-2.0999999999999900
70.9,127,100.8,73,7.0,5196,5.7672566371681500
70.9,127,100.8,73,18.0,5196,18.130088495575200
70.9,127,100.8,73,32.0,5196,33.8646017699115
73.6,144,100.4,72,0.0,7098,1.5999999999999900
73.6,144,100.4,72,7.0,7098,10.520353982300900
73.6,144,100.4,72,18.0,7098,24.538053097345100
73.6,144,100.4,72,32.0,7098,42.3787610619469
72.3,142,98.6,72,0.0,6824,0.29999999999999700
72.3,142,98.6,72,7.0,6824,9.096460176991140
72.3,142,98.6,72,18.0,6824,22.91946902654870
72.3,142,98.6,72,32.0,6824,40.512389380531000
71.9,139,97.7,72,0.0,6675,-0.09999999999999430
71.9,139,97.7,72,7.0,6675,8.510619469026550
71.9,139,97.7,72,18.0,6675,22.04159292035400
71.9,139,97.7,72,32.0,6675,39.26283185840710
70.3,131,94.7,72,0.0,6314,-1.7000000000000000
70.3,131,94.7,72,7.0,6314,6.4150442477876100
70.3,131,94.7,72,18.0,6314,19.167256637168100
70.3,131,94.7,72,32.0,6314,35.39734513274340
69.2,126,92.6,72,0.0,6065,-2.800000000000000
69.2,126,92.6,72,7.0,6065,5.0053097345132800
69.2,126,92.6,72,18.0,6065,17.270796460177000
69.2,126,92.6,72,32.0,6065,32.88141592920350
67.9,121,90.4,72,0.0,5711,-4.099999999999990
67.9,121,90.4,72,7.0,5711,3.3955752212389400
67.9,121,90.4,72,18.0,5711,15.174336283185900
67.9,121,90.4,72,32.0,5711,30.165486725663700
66.7,120,89.0,72,0.0,5423,-5.300000000000000
66.7,120,89.0,72,7.0,5423,2.1336283185840700
66.7,120,89.0,72,18.0,5423,13.815044247787600
66.7,120,89.0,72,32.0,5423,28.682300884955800
65.6,119,87.7,72,0.0,5202,-6.400000000000010
65.6,119,87.7,72,7.0,5202,0.9716814159291970
65.6,119,87.7,72,18.0,5202,12.555752212389400
65.6,119,87.7,72,32.0,5202,27.299115044247800
78.1,153,114.0,72,0.0,6640,6.099999999999990
78.1,153,114.0,72,7.0,6640,15.57787610619470
78.1,153,114.0,72,18.0,6640,30.471681415929200
78.1,153,114.0,72,32.0,6640,49.42743362831860
74.2,145,108.4,72,0.0,6004,2.200000000000000
74.2,145,108.4,72,7.0,6004,11.182300884955800
74.2,145,108.4,72,18.0,6004,25.297345132743400
74.2,145,108.4,72,32.0,6004,43.26194690265490
72.4,141,105.6,72,0.0,5667,0.4000000000000060
72.4,141,105.6,72,7.0,5667,9.134513274336290
72.4,141,105.6,72,18.0,5667,22.86017699115040
72.4,141,105.6,72,32.0,5667,40.32920353982300
71.1,142,104.7,72,0.0,5424,-0.9000000000000060
71.1,142,104.7,72,7.0,5424,7.896460176991140
71.1,142,104.7,72,18.0,5424,21.719469026548700
71.1,142,104.7,72,32.0,5424,39.31238938053100
70.8,140,103.7,72,0.0,5208,-1.2000000000000000
70.8,140,103.7,72,7.0,5208,7.47256637168141
70.8,140,103.7,72,18.0,5208,21.100884955752200
70.8,140,103.7,72,32.0,5208,38.44601769911500
67.5,134,99.0,72,0.0,4745,-4.5
67.5,134,99.0,72,7.0,4745,3.8008849557522100
67.5,134,99.0,72,18.0,4745,16.845132743362800
67.5,134,99.0,72,32.0,4745,33.44690265486730
64.6,130,95.1,72,0.0,4324,-7.400000000000010
64.6,130,95.1,72,7.0,4324,0.6530973451327360
64.6,130,95.1,72,18.0,4324,13.30796460176990
64.6,130,95.1,72,32.0,4324,29.414159292035400
74.8,149,102.4,72,0.0,6811,2.800000000000000
74.8,149,102.4,72,7.0,6811,12.030088495575200
74.8,149,102.4,72,18.0,6811,26.534513274336300
74.8,149,102.4,72,32.0,6811,44.994690265486700
71.8,144,98.5,72,0.0,6208,-0.20000000000000300
71.8,144,98.5,72,7.0,6208,8.720353982300880
71.8,144,98.5,72,18.0,6208,22.73805309734510
71.8,144,98.5,72,32.0,6208,40.57876106194690
68.8,137,94.2,72,0.0,5656,-3.200000000000000
68.8,137,94.2,72,7.0,5656,5.286725663716810
68.8,137,94.2,72,18.0,5656,18.62300884955750
68.8,137,94.2,72,32.0,5656,35.596460176991100
66.1,117,87.8,72,0.0,4929,-5.900000000000010
66.1,117,87.8,72,7.0,4929,1.3477876106194600
66.1,117,87.8,72,18.0,4929,12.737168141592900
66.1,117,87.8,72,32.0,4929,27.232743362831900
62.8,114,84.0,72,0.0,4033,-9.200000000000000
62.8,114,84.0,72,7.0,4033,-2.1380530973451400
62.8,114,84.0,72,18.0,4033,8.95929203539822
62.8,114,84.0,72,32.0,4033,23.083185840708000
74.3,140,107.2,72,0.0,5666,2.300000000000000
74.3,140,107.2,72,7.0,5666,10.97256637168140
74.3,140,107.2,72,18.0,5666,24.600884955752200
74.3,140,107.2,72,32.0,5666,41.94601769911500
69.8,127,99.7,72,0.0,4939,-2.200000000000000
69.8,127,99.7,72,7.0,4939,5.667256637168140
69.8,127,99.7,72,18.0,4939,18.030088495575200
69.8,127,99.7,72,32.0,4939,33.76460176991150
65.1,109,90.7,72,0.0,4043,-6.900000000000010
65.1,109,90.7,72,7.0,4043,-0.1477876106194740
65.1,109,90.7,72,18.0,4043,10.462831858407100
65.1,109,90.7,72,32.0,4043,23.967256637168100
73.8,131,98.2,72,0.0,6925,1.8000000000000000
73.8,131,98.2,72,7.0,6925,9.915044247787610
73.8,131,98.2,72,18.0,6925,22.667256637168100
73.8,131,98.2,72,32.0,6925,38.89734513274340
71.6,128,95.4,72,0.0,6448,-0.4000000000000060
71.6,128,95.4,72,7.0,6448,7.529203539823000
71.6,128,95.4,72,18.0,6448,19.98938053097350
71.6,128,95.4,72,32.0,6448,35.84778761061950
69.8,127,93.3,72,0.0,6065,-2.200000000000000
69.8,127,93.3,72,7.0,6065,5.667256637168140
69.8,127,93.3,72,18.0,6065,18.030088495575200
69.8,127,93.3,72,32.0,6065,33.76460176991150
67.8,123,90.6,72,0.0,5612,-4.200000000000000
67.8,123,90.6,72,7.0,5612,3.4194690265486700
67.8,123,90.6,72,18.0,5612,15.392920353982300
67.8,123,90.6,72,32.0,5612,30.631858407079600
64.1,112,84.9,72,0.0,4836,-7.900000000000010
64.1,112,84.9,72,7.0,4836,-0.9619469026548730
64.1,112,84.9,72,18.0,4836,9.940707964601760
64.1,112,84.9,72,32.0,4836,23.816814159292000
80.1,149,115.2,72,0.0,6925,8.099999999999990
80.1,149,115.2,72,7.0,6925,17.33008849557520
80.1,149,115.2,72,18.0,6925,31.834513274336300
80.1,149,115.2,72,32.0,6925,50.29469026548670
77.9,141,111.1,72,0.0,6448,5.900000000000010
77.9,141,111.1,72,7.0,6448,14.634513274336300
77.9,141,111.1,72,18.0,6448,28.36017699115040
77.9,141,111.1,72,32.0,6448,45.82920353982300
75.4,136,107.4,72,0.0,6065,3.4000000000000100
75.4,136,107.4,72,7.0,6065,11.82477876106200
75.4,136,107.4,72,18.0,6065,25.063716814159300
75.4,136,107.4,72,32.0,6065,41.913274336283200
73.0,128,103.2,72,0.0,5612,1.0
73.0,128,103.2,72,7.0,5612,8.929203539823010
73.0,128,103.2,72,18.0,5612,21.389380530973500
73.0,128,103.2,72,32.0,5612,37.24778761061950
68.4,116,95.6,72,0.0,4836,-3.5999999999999900
68.4,116,95.6,72,7.0,4836,3.585840707964610
68.4,116,95.6,72,18.0,4836,14.877876106194700
68.4,116,95.6,72,32.0,4836,29.249557522123900
73.9,142,100.3,71,0.0,6917,2.9000000000000100
73.9,142,100.3,71,7.0,6917,11.696460176991200
73.9,142,100.3,71,18.0,6917,25.519469026548700
73.9,142,100.3,71,32.0,6917,43.11238938053100
71.8,137,97.2,71,0.0,6456,0.7999999999999970
71.8,137,97.2,71,7.0,6456,9.286725663716810
71.8,137,97.2,71,18.0,6456,22.62300884955750
71.8,137,97.2,71,32.0,6456,39.596460176991100
70.6,134,95.5,71,0.0,6214,-0.4000000000000060
70.6,134,95.5,71,7.0,6214,7.900884955752200
70.6,134,95.5,71,18.0,6214,20.94513274336280
70.6,134,95.5,71,32.0,6214,37.54690265486730
69.1,129,93.1,71,0.0,5870,-1.9000000000000100
69.1,129,93.1,71,7.0,5870,6.091150442477870
69.1,129,93.1,71,18.0,5870,18.648672566371700
69.1,129,93.1,71,32.0,5870,34.630973451327400
66.2,123,89.0,71,0.0,5209,-4.800000000000000
66.2,123,89.0,71,7.0,5209,2.819469026548670
66.2,123,89.0,71,18.0,5209,14.79292035398230
66.2,123,89.0,71,32.0,5209,30.031858407079700
76.9,137,109.3,71,0.0,6214,5.900000000000010
76.9,137,109.3,71,7.0,6214,14.386725663716800
76.9,137,109.3,71,18.0,6214,27.72300884955750
76.9,137,109.3,71,32.0,6214,44.69646017699120
75.0,133,106.4,71,0.0,5870,4.0
75.0,133,106.4,71,7.0,5870,12.238938053097300
75.0,133,106.4,71,18.0,5870,25.1858407079646
75.0,133,106.4,71,32.0,5870,41.6637168141593
73.3,129,103.7,71,0.0,5573,2.300000000000000
73.3,129,103.7,71,7.0,5573,10.291150442477900
73.3,129,103.7,71,18.0,5573,22.848672566371700
73.3,129,103.7,71,32.0,5573,38.830973451327400
71.3,125,100.8,71,0.0,5209,0.29999999999999700
71.3,125,100.8,71,7.0,5209,8.043362831858400
71.3,125,100.8,71,18.0,5209,20.211504424778800
71.3,125,100.8,71,32.0,5209,35.69823008849560
77.2,148,104.6,72,0.0,7618,5.200000000000000
77.2,148,104.6,72,7.0,7618,14.368141592920400
77.2,148,104.6,72,18.0,7618,28.77522123893810
77.2,148,104.6,72,32.0,7618,47.11150442477880
74.5,140,100.4,72,0.0,7002,2.5
74.5,140,100.4,72,7.0,7002,11.172566371681400
74.5,140,100.4,72,18.0,7002,24.80088495575220
74.5,140,100.4,72,32.0,7002,42.14601769911510
72.7,136,97.9,72,0.0,6723,0.7000000000000030
72.7,136,97.9,72,7.0,6723,9.124778761061950
72.7,136,97.9,72,18.0,6723,22.36371681415930
72.7,136,97.9,72,32.0,6723,39.21327433628320
71.5,133,96.1,72,0.0,6437,-0.5
71.5,133,96.1,72,7.0,6437,7.738938053097340
71.5,133,96.1,72,18.0,6437,20.6858407079646
71.5,133,96.1,72,32.0,6437,37.1637168141593
70.1,131,94.5,72,0.0,6198,-1.9000000000000100
70.1,131,94.5,72,7.0,6198,6.215044247787600
70.1,131,94.5,72,18.0,6198,18.967256637168100
70.1,131,94.5,72,32.0,6198,35.19734513274340
69.0,129,92.9,72,0.0,5828,-3.0
69.0,129,92.9,72,7.0,5828,4.991150442477870
69.0,129,92.9,72,18.0,5828,17.54867256637170
69.0,129,92.9,72,32.0,5828,33.53097345132740
67.2,123,90.0,72,0.0,5449,-4.800000000000000
67.2,123,90.0,72,7.0,5449,2.819469026548670
67.2,123,90.0,72,18.0,5449,14.79292035398230
67.2,123,90.0,72,32.0,5449,30.031858407079700
65.2,117,86.9,72,0.0,5085,-6.800000000000000
65.2,117,86.9,72,7.0,5085,0.44778761061947100
65.2,117,86.9,72,18.0,5085,11.837168141592900
65.2,117,86.9,72,32.0,5085,26.332743362831900
78.2,147,112.9,72,0.0,6437,6.200000000000000
78.2,147,112.9,72,7.0,6437,15.306194690265500
78.2,147,112.9,72,18.0,6437,29.61592920353980
78.2,147,112.9,72,32.0,6437,47.8283185840708
76.7,143,110.4,72,0.0,6198,4.700000000000000
76.7,143,110.4,72,7.0,6198,13.558407079646000
76.7,143,110.4,72,18.0,6198,27.478761061946900
76.7,143,110.4,72,32.0,6198,45.19557522123890
74.8,139,107.4,72,0.0,5828,2.800000000000000
74.8,139,107.4,72,7.0,5828,11.410619469026500
74.8,139,107.4,72,18.0,5828,24.94159292035400
74.8,139,107.4,72,32.0,5828,42.162831858407100
72.7,134,104.2,72,0.0,5449,0.7000000000000030
72.7,134,104.2,72,7.0,5449,9.000884955752210
72.7,134,104.2,72,18.0,5449,22.045132743362800
72.7,134,104.2,72,32.0,5449,38.64690265486730
70.6,130,101.1,72,0.0,5085,-1.4000000000000100
70.6,130,101.1,72,7.0,5085,6.6530973451327400
70.6,130,101.1,72,18.0,5085,19.30796460176990
70.6,130,101.1,72,32.0,5085,35.41415929203540
69.5,122,92.2,70,0.0,5989,-0.5
69.5,122,92.2,70,7.0,5989,7.057522123893800
69.5,122,92.2,70,18.0,5989,18.93362831858410
69.5,122,92.2,70,32.0,5989,34.04867256637170
67.7,116,89.3,70,0.0,5637,-2.300000000000000
67.7,116,89.3,70,7.0,5637,4.885840707964600
67.7,116,89.3,70,18.0,5637,16.177876106194700
67.7,116,89.3,70,32.0,5637,30.549557522123900
65.2,116,86.7,70,0.0,5209,-4.800000000000000
65.2,116,86.7,70,7.0,5209,2.3858407079646000
65.2,116,86.7,70,18.0,5209,13.677876106194700
65.2,116,86.7,70,32.0,5209,28.049557522123900
63.1,111,83.7,70,0.0,4702,-6.900000000000000
63.1,111,83.7,70,7.0,4702,-0.023893805309739900
63.1,111,83.7,70,18.0,4702,10.781415929203500
63.1,111,83.7,70,32.0,4702,24.53362831858410
69.7,123,98.6,70,0.0,5209,-0.29999999999999700
69.7,123,98.6,70,7.0,5209,7.319469026548670
69.7,123,98.6,70,18.0,5209,19.29292035398230
69.7,123,98.6,70,32.0,5209,34.53185840707970
66.8,117,94.3,70,0.0,4702,-3.200000000000000
66.8,117,94.3,70,7.0,4702,4.047787610619470
66.8,117,94.3,70,18.0,4702,15.43716814159290
66.8,117,94.3,70,32.0,4702,29.932743362831900
61.9,106,86.8,70,0.0,3875,-8.100000000000000
61.9,106,86.8,70,7.0,3875,-1.5336283185840800
61.9,106,86.8,70,18.0,3875,8.784955752212380
61.9,106,86.8,70,32.0,3875,21.917699115044200
73.9,134,98.8,72,0.0,6985,1.9000000000000100
73.9,134,98.8,72,7.0,6985,10.200884955752200
73.9,134,98.8,72,18.0,6985,23.24513274336280
73.9,134,98.8,72,32.0,6985,39.846902654867300
72.2,130,96.4,72,0.0,6612,0.20000000000000300
72.2,130,96.4,72,7.0,6612,8.253097345132740
72.2,130,96.4,72,18.0,6612,20.90796460176990
72.2,130,96.4,72,32.0,6612,37.0141592920354
69.8,124,92.8,72,0.0,6124,-2.200000000000000
69.8,124,92.8,72,7.0,6124,5.481415929203540
69.8,124,92.8,72,18.0,6124,17.55221238938050
69.8,124,92.8,72,32.0,6124,32.915044247787600
66.6,116,88.3,72,0.0,5428,-5.400000000000010
66.6,116,88.3,72,7.0,5428,1.7858407079646000
66.6,116,88.3,72,18.0,5428,13.07787610619470
66.6,116,88.3,72,32.0,5428,27.449557522123900
75.1,131,105.9,72,0.0,6124,3.0999999999999900
75.1,131,105.9,72,7.0,6124,11.215044247787600
75.1,131,105.9,72,18.0,6124,23.967256637168100
75.1,131,105.9,72,32.0,6124,40.19734513274340
71.2,123,100.2,72,0.0,5428,-0.7999999999999970
71.2,123,100.2,72,7.0,5428,6.819469026548670
71.2,123,100.2,72,18.0,5428,18.79292035398230
71.2,123,100.2,72,32.0,5428,34.03185840707970
69.6,120,97.9,72,0.0,5138,-2.4000000000000100
69.6,120,97.9,72,7.0,5138,5.033628318584060
69.6,120,97.9,72,18.0,5138,16.715044247787600
69.6,120,97.9,72,32.0,5138,31.582300884955700
76.4,146,103.5,72,0.0,7246,4.400000000000010
76.4,146,103.5,72,7.0,7246,13.444247787610600
76.4,146,103.5,72,18.0,7246,27.6566371681416
76.4,146,103.5,72,32.0,7246,45.74513274336280
75.5,146,102.5,72,0.0,7057,3.5
75.5,146,102.5,72,7.0,7057,12.544247787610600
75.5,146,102.5,72,18.0,7057,26.756637168141600
75.5,146,102.5,72,32.0,7057,44.845132743362800
74.0,142,100.4,72,0.0,6687,2.0
74.0,142,100.4,72,7.0,6687,10.796460176991100
74.0,142,100.4,72,18.0,6687,24.61946902654870
74.0,142,100.4,72,32.0,6687,42.212389380531000
72.4,140,98.4,72,0.0,6436,0.4000000000000060
72.4,140,98.4,72,7.0,6436,9.072566371681420
72.4,140,98.4,72,18.0,6436,22.700884955752200
72.4,140,98.4,72,32.0,6436,40.046017699115100
71.5,137,97.0,72,0.0,6211,-0.5
71.5,137,97.0,72,7.0,6211,7.986725663716810
71.5,137,97.0,72,18.0,6211,21.323008849557500
71.5,137,97.0,72,32.0,6211,38.29646017699120
68.9,131,93.1,72,0.0,5676,-3.0999999999999900
68.9,131,93.1,72,7.0,5676,5.015044247787610
68.9,131,93.1,72,18.0,5676,17.767256637168100
68.9,131,93.1,72,32.0,5676,33.99734513274340
66.5,120,88.7,72,0.0,5104,-5.5
66.5,120,88.7,72,7.0,5104,1.93362831858407
66.5,120,88.7,72,18.0,5104,13.615044247787600
66.5,120,88.7,72,32.0,5104,28.482300884955700
78.6,149,113.7,72,0.0,6264,6.599999999999990
78.6,149,113.7,72,7.0,6264,15.830088495575200
78.6,149,113.7,72,18.0,6264,30.334513274336300
78.6,149,113.7,72,32.0,6264,48.79469026548670
74.6,135,106.5,72,0.0,5676,2.5999999999999900
74.6,135,106.5,72,7.0,5676,10.962831858407100
74.6,135,106.5,72,18.0,5676,24.104424778761100
74.6,135,106.5,72,32.0,5676,40.83008849557520
70.8,125,100.3,72,0.0,5040,-1.2000000000000000
70.8,125,100.3,72,7.0,5040,6.543362831858400
70.8,125,100.3,72,18.0,5040,18.711504424778800
70.8,125,100.3,72,32.0,5040,34.19823008849560
74.5,149,102.3,71,0.0,7129,3.5
74.5,149,102.3,71,7.0,7129,12.730088495575200
74.5,149,102.3,71,18.0,7129,27.23451327433630
74.5,149,102.3,71,32.0,7129,45.69469026548670
72.8,145,99.7,71,0.0,6712,1.8000000000000000
72.8,145,99.7,71,7.0,6712,10.782300884955700
72.8,145,99.7,71,18.0,6712,24.897345132743400
72.8,145,99.7,71,32.0,6712,42.861946902654900
70.8,135,95.8,71,0.0,6303,-0.20000000000000300
70.8,135,95.8,71,7.0,6303,8.162831858407070
70.8,135,95.8,71,18.0,6303,21.30442477876110
70.8,135,95.8,71,32.0,6303,38.03008849557520
77.4,146,111.9,71,0.0,6303,6.400000000000010
77.4,146,111.9,71,7.0,6303,15.444247787610600
77.4,146,111.9,71,18.0,6303,29.6566371681416
77.4,146,111.9,71,32.0,6303,47.74513274336280
74.0,140,106.9,71,0.0,5748,3.0
74.0,140,106.9,71,7.0,5748,11.672566371681400
74.0,140,106.9,71,18.0,5748,25.30088495575220
74.0,140,106.9,71,32.0,5748,42.64601769911510
69.6,127,99.7,71,0.0,4897,-1.4000000000000100
69.6,127,99.7,71,7.0,4897,6.467256637168130
69.6,127,99.7,71,18.0,4897,18.83008849557520
69.6,127,99.7,71,32.0,4897,34.56460176991150
70.5,122,93.0,71,0.0,6438,-0.5
70.5,122,93.0,71,7.0,6438,7.057522123893800
70.5,122,93.0,71,18.0,6438,18.93362831858410
70.5,122,93.0,71,32.0,6438,34.04867256637170
69.3,119,91.3,71,0.0,6176,-1.7000000000000000
69.3,119,91.3,71,7.0,6176,5.6716814159292
69.3,119,91.3,71,18.0,6176,17.255752212389400
69.3,119,91.3,71,32.0,6176,31.999115044247800
65.6,111,85.9,71,0.0,5366,-5.400000000000010
65.6,111,85.9,71,7.0,5366,1.47610619469026
65.6,111,85.9,71,18.0,5366,12.281415929203500
65.6,111,85.9,71,32.0,5366,26.033628318584100
70.7,117,98.2,72,0.0,5366,-1.3000000000000000
70.7,117,98.2,72,7.0,5366,5.947787610619470
70.7,117,98.2,72,18.0,5366,17.337168141592900
70.7,117,98.2,72,32.0,5366,31.832743362831900
68.4,117,90.1,70,0.0,6053,-1.5999999999999900
68.4,117,90.1,70,7.0,6053,5.647787610619470
68.4,117,90.1,70,18.0,6053,17.03716814159290
68.4,117,90.1,70,32.0,6053,31.532743362831900
66.5,112,87.3,70,0.0,5635,-3.5
66.5,112,87.3,70,7.0,5635,3.438053097345130
66.5,112,87.3,70,18.0,5635,14.340707964601800
66.5,112,87.3,70,32.0,5635,28.216814159292000
64.9,107,84.7,70,0.0,5300,-5.099999999999990
64.9,107,84.7,70,7.0,5300,1.528318584070800
64.9,107,84.7,70,18.0,5300,11.944247787610600
64.9,107,84.7,70,32.0,5300,25.200884955752200
71.9,125,101.4,70,0.0,5585,1.9000000000000100
71.9,125,101.4,70,7.0,5585,9.643362831858410
71.9,125,101.4,70,18.0,5585,21.81150442477880
71.9,125,101.4,70,32.0,5585,37.298230088495600
68.9,115,96.1,70,0.0,5051,-1.0999999999999900
68.9,115,96.1,70,7.0,5051,6.02389380530974
68.9,115,96.1,70,18.0,5051,17.218584070796500
68.9,115,96.1,70,32.0,5051,31.466371681415900
70.4,119,92.4,70,0.0,6273,0.4000000000000060
70.4,119,92.4,70,7.0,6273,7.7716814159292100
70.4,119,92.4,70,18.0,6273,19.35575221238940
70.4,119,92.4,70,32.0,6273,34.099115044247800
67.5,114,88.7,70,0.0,5700,-2.5
67.5,114,88.7,70,7.0,5700,4.561946902654870
67.5,114,88.7,70,18.0,5700,15.659292035398200
67.5,114,88.7,70,32.0,5700,29.783185840708000
65.6,110,87.0,69,0.0,5348,-3.4000000000000100
65.6,110,87.0,69,7.0,5348,3.414159292035390
65.6,110,87.0,69,18.0,5348,14.122123893805300
65.6,110,87.0,69,32.0,5348,27.750442477876100
73.9,132,104.9,72,0.0,5714,1.9000000000000100
73.9,132,104.9,72,7.0,5714,10.076991150442500
73.9,132,104.9,72,18.0,5714,22.926548672566400
73.9,132,104.9,72,32.0,5714,39.280530973451300
71.2,123,100.1,72,0.0,5252,-0.7999999999999970
71.2,123,100.1,72,7.0,5252,6.819469026548670
71.2,123,100.1,72,18.0,5252,18.79292035398230
71.2,123,100.1,72,32.0,5252,34.03185840707970
73.1,130,97.3,72,0.0,6833,1.0999999999999900
73.1,130,97.3,72,7.0,6833,9.153097345132740
73.1,130,97.3,72,18.0,6833,21.80796460176990
73.1,130,97.3,72,32.0,6833,37.91415929203540
71.0,125,94.1,72,0.0,6382,-1.0
71.0,125,94.1,72,7.0,6382,6.743362831858410
71.0,125,94.1,72,18.0,6382,18.911504424778800
71.0,125,94.1,72,32.0,6382,34.39823008849560
67.7,117,89.5,71,0.0,5649,-3.300000000000000
67.7,117,89.5,71,7.0,5649,3.9477876106194700
67.7,117,89.5,71,18.0,5649,15.337168141592900
67.7,117,89.5,71,32.0,5649,29.832743362831900
72.1,119,100.1,72,0.0,5649,0.09999999999999430
72.1,119,100.1,72,7.0,5649,7.471681415929200
72.1,119,100.1,72,18.0,5649,19.05575221238940
72.1,119,100.1,72,32.0,5649,33.799115044247800
67.2,111,93.4,72,0.0,4772,-4.800000000000000
67.2,111,93.4,72,7.0,4772,2.0761061946902700
67.2,111,93.4,72,18.0,4772,12.881415929203500
67.2,111,93.4,72,32.0,4772,26.633628318584100
69.2,123,92.0,70,0.0,6150,-0.7999999999999970
69.2,123,92.0,70,7.0,6150,6.819469026548670
69.2,123,92.0,70,18.0,6150,18.79292035398230
69.2,123,92.0,70,32.0,6150,34.03185840707970
67.5,120,89.7,70,0.0,5815,-2.5
67.5,120,89.7,70,7.0,5815,4.93362831858407
67.5,120,89.7,70,18.0,5815,16.61504424778760
67.5,120,89.7,70,32.0,5815,31.482300884955700
65.8,118,87.7,70,0.0,5428,-4.200000000000000
65.8,118,87.7,70,7.0,5428,3.109734513274330
65.8,118,87.7,70,18.0,5428,14.596460176991100
65.8,118,87.7,70,32.0,5428,29.215929203539800
63.7,115,85.0,70,0.0,5171,-6.300000000000000
63.7,115,85.0,70,7.0,5171,0.8238938053097370
63.7,115,85.0,70,18.0,5171,12.018584070796500
63.7,115,85.0,70,32.0,5171,26.266371681415900
73.2,133,104.4,70,0.0,5815,3.200000000000000
73.2,133,104.4,70,7.0,5815,11.438938053097300
73.2,133,104.4,70,18.0,5815,24.385840707964600
73.2,133,104.4,70,32.0,5815,40.86371681415930
69.5,123,98.5,70,0.0,5173,-0.5
69.5,123,98.5,70,7.0,5173,7.119469026548670
69.5,123,98.5,70,18.0,5173,19.092920353982300
69.5,123,98.5,70,32.0,5173,34.331858407079600
65.8,115,92.9,70,0.0,4549,-4.200000000000000
65.8,115,92.9,70,7.0,4549,2.9238938053097300
65.8,115,92.9,70,18.0,4549,14.118584070796500
65.8,115,92.9,70,32.0,4549,28.366371681415900
72.1,136,97.3,71,0.0,6407,1.0999999999999900
72.1,136,97.3,71,7.0,6407,9.524778761061940
72.1,136,97.3,71,18.0,6407,22.763716814159300
72.1,136,97.3,71,32.0,6407,39.61327433628320
70.4,131,94.7,71,0.0,6126,-0.5999999999999940
70.4,131,94.7,71,7.0,6126,7.515044247787610
70.4,131,94.7,71,18.0,6126,20.267256637168100
70.4,131,94.7,71,32.0,6126,36.49734513274340
67.8,127,91.3,71,0.0,5587,-3.200000000000000
67.8,127,91.3,71,7.0,5587,4.667256637168140
67.8,127,91.3,71,18.0,5587,17.030088495575200
67.8,127,91.3,71,32.0,5587,32.76460176991150
76.0,138,108.5,73,0.0,6126,3.0
76.0,138,108.5,73,7.0,6126,11.548672566371700
76.0,138,108.5,73,18.0,6126,24.982300884955700
76.0,138,108.5,73,32.0,6126,42.079646017699100
73.2,131,104.0,72,0.0,5587,1.2000000000000000
73.2,131,104.0,72,7.0,5587,9.315044247787610
73.2,131,104.0,72,18.0,5587,22.067256637168100
73.2,131,104.0,72,32.0,5587,38.297345132743400
68.6,121,97.2,72,0.0,4764,-3.4000000000000100
68.6,121,97.2,72,7.0,4764,4.095575221238930
68.6,121,97.2,72,18.0,4764,15.87433628318580
68.6,121,97.2,72,32.0,4764,30.865486725663700
61.6,104,80.9,64,0.0,4511,-2.4000000000000000
61.6,104,80.9,64,7.0,4511,4.04247787610619
61.6,104,80.9,64,18.0,4511,14.166371681415900
61.6,104,80.9,64,32.0,4511,27.051327433628300
60.8,102,79.9,64,0.0,4256,-3.200000000000000
60.8,102,79.9,64,7.0,4256,3.1185840707964600
60.8,102,79.9,64,18.0,4256,13.047787610619500
60.8,102,79.9,64,32.0,4256,25.68495575221240
63.8,103,88.0,64,0.0,4240,-0.20000000000000300
63.8,103,88.0,64,7.0,4240,6.180530973451330
63.8,103,88.0,64,18.0,4240,16.20707964601770
63.8,103,88.0,64,32.0,4240,28.968141592920300
62.7,101,86.5,64,0.0,3956,-1.3000000000000000
62.7,101,86.5,64,7.0,3956,4.956637168141600
62.7,101,86.5,64,18.0,3956,14.788495575221200
62.7,101,86.5,64,32.0,3956,27.301769911504400
72.3,124,95.3,72,0.0,6708,0.29999999999999700
72.3,124,95.3,72,7.0,6708,7.981415929203540
72.3,124,95.3,72,18.0,6708,20.05221238938050
72.3,124,95.3,72,32.0,6708,35.415044247787600
70.6,122,93.2,72,0.0,6338,-1.4000000000000100
70.6,122,93.2,72,7.0,6338,6.1575221238938000
70.6,122,93.2,72,18.0,6338,18.033628318584100
70.6,122,93.2,72,32.0,6338,33.14867256637170
66.2,114,87.6,72,0.0,5477,-5.800000000000000
66.2,114,87.6,72,7.0,5477,1.26194690265487
66.2,114,87.6,72,18.0,5477,12.359292035398200
66.2,114,87.6,72,32.0,5477,26.48318584070800
72.1,122,100.7,72,0.0,5477,0.09999999999999430
72.1,122,100.7,72,7.0,5477,7.6575221238938000
72.1,122,100.7,72,18.0,5477,19.533628318584100
72.1,122,100.7,72,32.0,5477,34.64867256637170
70.2,120,92.5,72,0.0,6478,-1.8000000000000000
70.2,120,92.5,72,7.0,6478,5.633628318584070
70.2,120,92.5,72,18.0,6478,17.31504424778760
70.2,120,92.5,72,32.0,6478,32.182300884955800
68.7,115,89.7,72,0.0,6140,-3.300000000000000
68.7,115,89.7,72,7.0,6140,3.823893805309740
68.7,115,89.7,72,18.0,6140,15.018584070796500
68.7,115,89.7,72,32.0,6140,29.266371681415900
65.7,108,85.6,72,0.0,5526,-6.300000000000000
65.7,108,85.6,72,7.0,5526,0.3902654867256670
65.7,108,85.6,72,18.0,5526,10.903539823008900
65.7,108,85.6,72,32.0,5526,24.284070796460200
62.5,100,80.5,72,0.0,4877,-9.5
62.5,100,80.5,72,7.0,4877,-3.3053097345132700
62.5,100,80.5,72,18.0,4877,6.429203539823010
62.5,100,80.5,72,32.0,4877,18.81858407079650
76.8,132,108.5,73,0.0,6478,3.800000000000000
76.8,132,108.5,73,7.0,6478,11.976991150442500
76.8,132,108.5,73,18.0,6478,24.82654867256640
76.8,132,108.5,73,32.0,6478,41.180530973451300
75.0,127,104.6,72,0.0,6137,3.0
75.0,127,104.6,72,7.0,6137,10.86725663716810
75.0,127,104.6,72,18.0,6137,23.230088495575200
75.0,127,104.6,72,32.0,6137,38.964601769911500
71.4,119,98.8,72,0.0,5526,-0.5999999999999940
71.4,119,98.8,72,7.0,5526,6.7716814159292100
71.4,119,98.8,72,18.0,5526,18.35575221238940
71.4,119,98.8,72,32.0,5526,33.099115044247800
67.5,110,92.8,72,0.0,4877,-4.5
67.5,110,92.8,72,7.0,4877,2.3141592920354000
67.5,110,92.8,72,18.0,4877,13.022123893805300
67.5,110,92.8,72,32.0,4877,26.650442477876100
70.2,127,93.8,70,0.0,6111,0.20000000000000300
70.2,127,93.8,70,7.0,6111,8.067256637168140
70.2,127,93.8,70,18.0,6111,20.43008849557520
70.2,127,93.8,70,32.0,6111,36.16460176991150
67.1,121,89.6,68,0.0,5648,-0.9000000000000060
67.1,121,89.6,68,7.0,5648,6.595575221238930
67.1,121,89.6,68,18.0,5648,18.37433628318580
67.1,121,89.6,68,32.0,5648,33.365486725663700
65.7,114,86.9,67,0.0,5301,-1.3000000000000000
65.7,114,86.9,67,7.0,5301,5.76194690265487
65.7,114,86.9,67,18.0,5301,16.859292035398200
65.7,114,86.9,67,32.0,5301,30.98318584070800
63.9,109,84.1,67,0.0,4806,-3.1000000000000000
63.9,109,84.1,67,7.0,4806,3.652212389380520
63.9,109,84.1,67,18.0,4806,14.262831858407100
63.9,109,84.1,67,32.0,4806,27.767256637168100
73.3,131,104.3,71,0.0,5648,2.300000000000000
73.3,131,104.3,71,7.0,5648,10.415044247787600
73.3,131,104.3,71,18.0,5648,23.167256637168100
73.3,131,104.3,71,32.0,5648,39.39734513274340
71.8,129,102.1,71,0.0,5301,0.7999999999999970
71.8,129,102.1,71,7.0,5301,8.791150442477870
71.8,129,102.1,71,18.0,5301,21.348672566371700
71.8,129,102.1,71,32.0,5301,37.330973451327400
69.3,118,97.1,70,0.0,4806,-0.7000000000000030
69.3,118,97.1,70,7.0,4806,6.609734513274330
69.3,118,97.1,70,18.0,4806,18.096460176991100
69.3,118,97.1,70,32.0,4806,32.715929203539800
68.2,114,89.4,72,0.0,5824,-3.800000000000000
68.2,114,89.4,72,7.0,5824,3.26194690265487
68.2,114,89.4,72,18.0,5824,14.359292035398200
68.2,114,89.4,72,32.0,5824,28.48318584070800
64.2,105,83.8,72,0.0,4920,-7.800000000000000
64.2,105,83.8,72,7.0,4920,-1.2955752212389300
64.2,105,83.8,72,18.0,4920,8.92566371681417
64.2,105,83.8,72,32.0,4920,21.934513274336300
67.8,112,94.1,72,0.0,4854,-4.200000000000000
67.8,112,94.1,72,7.0,4854,2.73805309734513
67.8,112,94.1,72,18.0,4854,13.640707964601800
67.8,112,94.1,72,32.0,4854,27.51681415929200
68.8,121,91.2,70,0.0,5862,-1.2000000000000000
68.8,121,91.2,70,7.0,5862,6.295575221238930
68.8,121,91.2,70,18.0,5862,18.074336283185800
68.8,121,91.2,70,32.0,5862,33.06548672566370
68.1,119,90.2,70,0.0,5663,-1.9000000000000100
68.1,119,90.2,70,7.0,5663,5.471681415929200
68.1,119,90.2,70,18.0,5663,17.05575221238940
68.1,119,90.2,70,32.0,5663,31.799115044247800
67.4,117,89.2,70,0.0,5464,-2.5999999999999900
67.4,117,89.2,70,7.0,5464,4.647787610619470
67.4,117,89.2,70,18.0,5464,16.03716814159290
67.4,117,89.2,70,32.0,5464,30.532743362831900
66.7,116,88.3,70,0.0,5335,-3.300000000000000
66.7,116,88.3,70,7.0,5335,3.8858407079646000
66.7,116,88.3,70,18.0,5335,15.177876106194700
66.7,116,88.3,70,32.0,5335,29.549557522123900
66.0,114,87.2,70,0.0,5206,-4.0
66.0,114,87.2,70,7.0,5206,3.061946902654870
66.0,114,87.2,70,18.0,5206,14.159292035398200
66.0,114,87.2,70,32.0,5206,28.283185840708000
71.0,122,99.6,70,0.0,5206,1.0
71.0,122,99.6,70,7.0,5206,8.557522123893800
71.0,122,99.6,70,18.0,5206,20.43362831858410
71.0,122,99.6,70,32.0,5206,35.54867256637170
69.1,116,96.4,70,0.0,4909,-0.9000000000000060
69.1,116,96.4,70,7.0,4909,6.285840707964600
69.1,116,96.4,70,18.0,4909,17.57787610619470
69.1,116,96.4,70,32.0,4909,31.949557522123900
67.4,111,93.6,70,0.0,4612,-2.5999999999999900
67.4,111,93.6,70,7.0,4612,4.276106194690270
67.4,111,93.6,70,18.0,4612,15.081415929203500
67.4,111,93.6,70,32.0,4612,28.833628318584100
70.0,124,93.0,70,0.0,6180,0.0
70.0,124,93.0,70,7.0,6180,7.681415929203540
70.0,124,93.0,70,18.0,6180,19.75221238938050
70.0,124,93.0,70,32.0,6180,35.11504424778760
68.1,116,89.7,70,0.0,5859,-1.9000000000000100
68.1,116,89.7,70,7.0,5859,5.285840707964600
68.1,116,89.7,70,18.0,5859,16.57787610619470
68.1,116,89.7,70,32.0,5859,30.949557522123900
74.1,123,103.1,70,0.0,5859,4.099999999999990
74.1,123,103.1,70,7.0,5859,11.719469026548700
74.1,123,103.1,70,18.0,5859,23.692920353982300
74.1,123,103.1,70,32.0,5859,38.93185840707960
72.2,119,100.2,70,0.0,5537,2.200000000000000
72.2,119,100.2,70,7.0,5537,9.571681415929210
72.2,119,100.2,70,18.0,5537,21.155752212389400
72.2,119,100.2,70,32.0,5537,35.89911504424780
68.5,114,95.4,70,0.0,4904,-1.5
68.5,114,95.4,70,7.0,4904,5.561946902654870
68.5,114,95.4,70,18.0,4904,16.659292035398200
68.5,114,95.4,70,32.0,4904,30.783185840708000
68.3,127,91.8,70,0.0,5790,-1.7000000000000000
68.3,127,91.8,70,7.0,5790,6.167256637168140
68.3,127,91.8,70,18.0,5790,18.530088495575200
68.3,127,91.8,70,32.0,5790,34.26460176991150
66.0,117,87.7,70,0.0,5280,-4.0
66.0,117,87.7,70,7.0,5280,3.2477876106194700
66.0,117,87.7,70,18.0,5280,14.637168141592900
66.0,117,87.7,70,32.0,5280,29.13274336283190
63.4,106,83.1,70,0.0,4825,-6.600000000000000
63.4,106,83.1,70,7.0,4825,-0.03362831858407840
63.4,106,83.1,70,18.0,4825,10.284955752212400
63.4,106,83.1,70,32.0,4825,23.417699115044200
70.5,125,100.0,71,0.0,5280,-0.5
70.5,125,100.0,71,7.0,5280,7.243362831858410
70.5,125,100.0,71,18.0,5280,19.411504424778800
70.5,125,100.0,71,32.0,5280,34.89823008849560
67.9,123,96.8,71,0.0,4825,-3.0999999999999900
67.9,123,96.8,71,7.0,4825,4.519469026548680
67.9,123,96.8,71,18.0,4825,16.4929203539823
67.9,123,96.8,71,32.0,4825,31.731858407079600
66.6,120,94.7,71,0.0,4585,-4.400000000000010
66.6,120,94.7,71,7.0,4585,3.0336283185840600
66.6,120,94.7,71,18.0,4585,14.715044247787600
66.6,120,94.7,71,32.0,4585,29.582300884955700
67.3,119,89.3,69,0.0,5633,-1.7000000000000000
67.3,119,89.3,69,7.0,5633,5.6716814159292
67.3,119,89.3,69,18.0,5633,17.255752212389400
67.3,119,89.3,69,32.0,5633,31.999115044247800
65.7,117,87.3,69,0.0,5312,-3.300000000000000
65.7,117,87.3,69,7.0,5312,3.9477876106194700
65.7,117,87.3,69,18.0,5312,15.337168141592900
65.7,117,87.3,69,32.0,5312,29.832743362831900
66.0,115,93.0,69,0.0,4424,-3.0
66.0,115,93.0,69,7.0,4424,4.123893805309730
66.0,115,93.0,69,18.0,4424,15.318584070796500
66.0,115,93.0,69,32.0,4424,29.56637168141590
69.8,130,94.0,70,0.0,5962,-0.20000000000000300
69.8,130,94.0,70,7.0,5962,7.853097345132740
69.8,130,94.0,70,18.0,5962,20.507964601769900
69.8,130,94.0,70,32.0,5962,36.614159292035400
69.2,128,93.0,70,0.0,5852,-0.7999999999999970
69.2,128,93.0,70,7.0,5852,7.12920353982301
69.2,128,93.0,70,18.0,5852,19.589380530973500
69.2,128,93.0,70,32.0,5852,35.44778761061950
68.6,125,91.8,70,0.0,5742,-1.4000000000000100
68.6,125,91.8,70,7.0,5742,6.3433628318584
68.6,125,91.8,70,18.0,5742,18.51150442477880
68.6,125,91.8,70,32.0,5742,33.998230088495600
67.0,124,89.9,70,0.0,5389,-3.0
67.0,124,89.9,70,7.0,5389,4.681415929203540
67.0,124,89.9,70,18.0,5389,16.75221238938050
67.0,124,89.9,70,32.0,5389,32.11504424778760
71.5,124,100.6,70,0.0,5232,1.5
71.5,124,100.6,70,7.0,5232,9.181415929203540
71.5,124,100.6,70,18.0,5232,21.25221238938050
71.5,124,100.6,70,32.0,5232,36.61504424778760
71.1,124,100.3,70,0.0,5134,1.0999999999999900
71.1,124,100.3,70,7.0,5134,8.781415929203530
71.1,124,100.3,70,18.0,5134,20.852212389380500
71.1,124,100.3,70,32.0,5134,36.2150442477876
70.8,124,100.0,70,0.0,5036,0.7999999999999970
70.8,124,100.0,70,7.0,5036,8.481415929203540
70.8,124,100.0,70,18.0,5036,20.55221238938050
70.8,124,100.0,70,32.0,5036,35.915044247787600
65.3,109,85.5,67,0.0,5424,-1.7000000000000000
65.3,109,85.5,67,7.0,5424,5.052212389380530
65.3,109,85.5,67,18.0,5424,15.662831858407100
65.3,109,85.5,67,32.0,5424,29.167256637168100
63.7,105,83.2,67,0.0,5078,-3.300000000000000
63.7,105,83.2,67,7.0,5078,3.204424778761070
63.7,105,83.2,67,18.0,5078,13.42566371681420
63.7,105,83.2,67,32.0,5078,26.434513274336300
70.5,116,97.9,69,0.0,5424,1.5
70.5,116,97.9,69,7.0,5424,8.685840707964600
70.5,116,97.9,69,18.0,5424,19.977876106194700
70.5,116,97.9,69,32.0,5424,34.34955752212390
68.1,111,94.3,69,0.0,4988,-0.9000000000000060
68.1,111,94.3,69,7.0,4988,5.97610619469026
68.1,111,94.3,69,18.0,4988,16.781415929203500
68.1,111,94.3,69,32.0,4988,30.533628318584100
66.8,108,92.3,69,0.0,4745,-2.200000000000000
66.8,108,92.3,69,7.0,4745,4.4902654867256600
66.8,108,92.3,69,18.0,4745,15.00353982300890
66.8,108,92.3,69,32.0,4745,28.38407079646020
65.1,112,85.9,66,0.0,5107,-0.9000000000000060
65.1,112,85.9,66,7.0,5107,6.038053097345130
65.1,112,85.9,66,18.0,5107,16.940707964601800
65.1,112,85.9,66,32.0,5107,30.816814159292000
63.6,110,84.0,66,0.0,4829,-2.4000000000000000
63.6,110,84.0,66,7.0,4829,4.414159292035390
63.6,110,84.0,66,18.0,4829,15.122123893805300
63.6,110,84.0,66,32.0,4829,28.750442477876100
65.6,102,89.5,66,0.0,4294,-0.4000000000000060
65.6,102,89.5,66,7.0,4294,5.918584070796460
65.6,102,89.5,66,18.0,4294,15.847787610619500
65.6,102,89.5,66,32.0,4294,28.484955752212400
64.6,97,87.3,66,0.0,4244,-1.4000000000000100
64.6,97,87.3,66,7.0,4244,4.60884955752212
64.6,97,87.3,66,18.0,4244,14.051327433628300
64.6,97,87.3,66,32.0,4244,26.069026548672600
67.8,125,91.0,71,0.0,5660,-3.200000000000000
67.8,125,91.0,71,7.0,5660,4.543362831858400
67.8,125,91.0,71,18.0,5660,16.711504424778800
67.8,125,91.0,71,32.0,5660,32.19823008849560
67.2,123,90.2,71,0.0,5542,-3.800000000000000
67.2,123,90.2,71,7.0,5542,3.819469026548670
67.2,123,90.2,71,18.0,5542,15.79292035398230
67.2,123,90.2,71,32.0,5542,31.031858407079700
66.1,121,88.7,71,0.0,5301,-4.900000000000010
66.1,121,88.7,71,7.0,5301,2.5955752212389300
66.1,121,88.7,71,18.0,5301,14.37433628318580
66.1,121,88.7,71,32.0,5301,29.365486725663700
70.8,127,100.9,71,0.0,5301,-0.20000000000000300
70.8,127,100.9,71,7.0,5301,7.667256637168140
70.8,127,100.9,71,18.0,5301,20.030088495575200
70.8,127,100.9,71,32.0,5301,35.76460176991150
60.3,100,78.8,62,0.0,4255,-1.7000000000000000
60.3,100,78.8,62,7.0,4255,4.4946902654867200
60.3,100,78.8,62,18.0,4255,14.229203539823000
60.3,100,78.8,62,32.0,4255,26.61858407079650
59.9,99,78.3,62,0.0,4111,-2.1000000000000000
59.9,99,78.3,62,7.0,4111,4.032743362831850
59.9,99,78.3,62,18.0,4111,13.669911504424800
59.9,99,78.3,62,32.0,4111,25.935398230088500
59.0,96,76.7,62,0.0,3790,-3.0
59.0,96,76.7,62,7.0,3790,2.9469026548672600
59.0,96,76.7,62,18.0,3790,12.292035398230100
59.0,96,76.7,62,32.0,3790,24.1858407079646
62.3,101,86.1,62,0.0,4109,0.29999999999999700
62.3,101,86.1,62,7.0,4109,6.556637168141590
62.3,101,86.1,62,18.0,4109,16.388495575221200
62.3,101,86.1,62,32.0,4109,28.901769911504400
60.4,97,83.1,62,0.0,3790,-1.6000000000000000
60.4,97,83.1,62,7.0,3790,4.408849557522120
60.4,97,83.1,62,18.0,3790,13.851327433628300
60.4,97,83.1,62,32.0,3790,25.869026548672600
73.3,133,98.0,72,0.0,6997,1.3000000000000000
73.3,133,98.0,72,7.0,6997,9.53893805309734
73.3,133,98.0,72,18.0,6997,22.4858407079646
73.3,133,98.0,72,32.0,6997,38.963716814159300
72.3,131,96.6,72,0.0,6772,0.29999999999999700
72.3,131,96.6,72,7.0,6772,8.415044247787610
72.3,131,96.6,72,18.0,6772,21.167256637168100
72.3,131,96.6,72,32.0,6772,37.39734513274340
70.5,128,94.2,72,0.0,6381,-1.5
70.5,128,94.2,72,7.0,6381,6.429203539823010
70.5,128,94.2,72,18.0,6381,18.889380530973500
70.5,128,94.2,72,32.0,6381,34.74778761061950
69.0,125,92.2,72,0.0,6073,-3.0
69.0,125,92.2,72,7.0,6073,4.743362831858410
69.0,125,92.2,72,18.0,6073,16.911504424778800
69.0,125,92.2,72,32.0,6073,32.39823008849560
67.0,121,89.4,72,0.0,5624,-5.0
67.0,121,89.4,72,7.0,5624,2.495575221238940
67.0,121,89.4,72,18.0,5624,14.274336283185800
67.0,121,89.4,72,32.0,5624,29.26548672566370
65.1,117,86.8,72,0.0,5194,-6.900000000000010
65.1,117,86.8,72,7.0,5194,0.34778761061946300
65.1,117,86.8,72,18.0,5194,11.737168141592900
65.1,117,86.8,72,32.0,5194,26.232743362831900
74.6,127,104.5,72,0.0,6073,2.5999999999999900
74.6,127,104.5,72,7.0,6073,10.467256637168100
74.6,127,104.5,72,18.0,6073,22.83008849557520
74.6,127,104.5,72,32.0,6073,38.56460176991150
72.1,125,101.6,72,0.0,5624,0.09999999999999430
72.1,125,101.6,72,7.0,5624,7.8433628318584
72.1,125,101.6,72,18.0,5624,20.01150442477880
72.1,125,101.6,72,32.0,5624,35.498230088495600
69.8,120,98.1,72,0.0,5194,-2.200000000000000
69.8,120,98.1,72,7.0,5194,5.233628318584070
69.8,120,98.1,72,18.0,5194,16.915044247787600
69.8,120,98.1,72,32.0,5194,31.78230088495580
67.7,126,91.1,70,0.0,5545,-2.300000000000000
67.7,126,91.1,70,7.0,5545,5.5053097345132800
67.7,126,91.1,70,18.0,5545,17.770796460177000
67.7,126,91.1,70,32.0,5545,33.38141592920350
66.7,121,89.1,70,0.0,5296,-3.300000000000000
66.7,121,89.1,70,7.0,5296,4.19557522123894
66.7,121,89.1,70,18.0,5296,15.974336283185800
66.7,121,89.1,70,32.0,5296,30.965486725663700
70.0,124,99.2,72,0.0,4978,-2.0
70.0,124,99.2,72,7.0,4978,5.681415929203540
70.0,124,99.2,72,18.0,4978,17.75221238938050
70.0,124,99.2,72,32.0,4978,33.11504424778760
71.7,122,94.3,71,0.0,6505,0.7000000000000030
71.7,122,94.3,71,7.0,6505,8.257522123893810
71.7,122,94.3,71,18.0,6505,20.133628318584100
71.7,122,94.3,71,32.0,6505,35.24867256637170
70.2,120,92.5,70,0.0,6165,0.20000000000000300
70.2,120,92.5,70,7.0,6165,7.633628318584070
70.2,120,92.5,70,18.0,6165,19.31504424778760
70.2,120,92.5,70,32.0,6165,34.182300884955800
68.1,116,89.6,68,0.0,5758,0.09999999999999430
68.1,116,89.6,68,7.0,5758,7.285840707964600
68.1,116,89.6,68,18.0,5758,18.57787610619470
68.1,116,89.6,68,32.0,5758,32.94955752212390
77.5,135,109.4,75,0.0,6505,2.5
77.5,135,109.4,75,7.0,6505,10.862831858407100
77.5,135,109.4,75,18.0,6505,24.004424778761100
77.5,135,109.4,75,32.0,6505,40.73008849557520
75.7,131,106.6,75,0.0,6165,0.7000000000000030
75.7,131,106.6,75,7.0,6165,8.815044247787610
75.7,131,106.6,75,18.0,6165,21.567256637168100
75.7,131,106.6,75,32.0,6165,37.797345132743400
73.5,127,103.3,74,0.0,5758,-0.5
73.5,127,103.3,74,7.0,5758,7.36725663716814
73.5,127,103.3,74,18.0,5758,19.730088495575200
73.5,127,103.3,74,32.0,5758,35.464601769911500
69.2,113,90.2,70,0.0,6010,-0.7999999999999970
69.2,113,90.2,70,7.0,6010,6.200000000000000
69.2,113,90.2,70,18.0,6010,17.200000000000000
69.2,113,90.2,70,32.0,6010,31.200000000000000
72.2,119,100.3,71,0.0,5523,1.2000000000000000
72.2,119,100.3,71,7.0,5523,8.571681415929210
72.2,119,100.3,71,18.0,5523,20.155752212389400
72.2,119,100.3,71,32.0,5523,34.89911504424780
69.7,123,92.5,70,0.0,6105,-0.29999999999999700
69.7,123,92.5,70,7.0,6105,7.319469026548670
69.7,123,92.5,70,18.0,6105,19.29292035398230
69.7,123,92.5,70,32.0,6105,34.53185840707970
68.5,117,90.2,70,0.0,5849,-1.5
68.5,117,90.2,70,7.0,5849,5.7477876106194700
68.5,117,90.2,70,18.0,5849,17.137168141592900
68.5,117,90.2,70,32.0,5849,31.63274336283190
70.7,128,100.8,71,0.0,5239,-0.29999999999999700
70.7,128,100.8,71,7.0,5239,7.62920353982301
70.7,128,100.8,71,18.0,5239,20.089380530973500
70.7,128,100.8,71,32.0,5239,35.94778761061950
74.8,144,101.5,70,0.0,6913,4.800000000000000
74.8,144,101.5,70,7.0,6913,13.720353982300900
74.8,144,101.5,70,18.0,6913,27.73805309734510
74.8,144,101.5,70,32.0,6913,45.57876106194690
73.6,140,99.6,71,0.0,6608,2.5999999999999900
73.6,140,99.6,71,7.0,6608,11.272566371681400
73.6,140,99.6,71,18.0,6608,24.900884955752200
73.6,140,99.6,71,32.0,6608,42.24601769911500
73.1,136,98.4,71,0.0,6456,2.0999999999999900
73.1,136,98.4,71,7.0,6456,10.524778761061900
73.1,136,98.4,71,18.0,6456,23.763716814159300
73.1,136,98.4,71,32.0,6456,40.61327433628320
72.1,134,96.9,71,0.0,6265,1.0999999999999900
72.1,134,96.9,71,7.0,6265,9.400884955752200
72.1,134,96.9,71,18.0,6265,22.44513274336280
72.1,134,96.9,71,32.0,6265,39.04690265486730
71.2,132,95.6,71,0.0,6125,0.20000000000000300
71.2,132,95.6,71,7.0,6125,8.376991150442480
71.2,132,95.6,71,18.0,6125,21.226548672566400
71.2,132,95.6,71,32.0,6125,37.58053097345130
69.5,129,93.4,71,0.0,5771,-1.5
69.5,129,93.4,71,7.0,5771,6.491150442477870
69.5,129,93.4,71,18.0,5771,19.04867256637170
69.5,129,93.4,71,32.0,5771,35.03097345132740
67.7,125,90.9,71,0.0,5371,-3.300000000000000
67.7,125,90.9,71,7.0,5371,4.443362831858410
67.7,125,90.9,71,18.0,5371,16.611504424778800
67.7,125,90.9,71,32.0,5371,32.09823008849560
65.0,120,87.2,71,0.0,4728,-6.0
65.0,120,87.2,71,7.0,4728,1.43362831858407
65.0,120,87.2,71,18.0,4728,13.115044247787600
65.0,120,87.2,71,32.0,4728,27.982300884955700
63.4,117,85.0,71,0.0,4219,-7.600000000000000
63.4,117,85.0,71,7.0,4219,-0.3522123893805260
63.4,117,85.0,71,18.0,4219,11.037168141592900
63.4,117,85.0,71,32.0,4219,25.532743362831900
78.0,143,111.8,71,0.0,6265,7.0
78.0,143,111.8,71,7.0,6265,15.858407079646000
78.0,143,111.8,71,18.0,6265,29.77876106194690
78.0,143,111.8,71,32.0,6265,47.49557522123890
77.2,140,110.2,71,0.0,6125,6.200000000000000
77.2,140,110.2,71,7.0,6125,14.872566371681400
77.2,140,110.2,71,18.0,6125,28.500884955752200
77.2,140,110.2,71,32.0,6125,45.84601769911500
74.6,136,106.6,71,0.0,5771,3.5999999999999900
74.6,136,106.6,71,7.0,5771,12.024778761061900
74.6,136,106.6,71,18.0,5771,25.263716814159300
74.6,136,106.6,71,32.0,5771,42.11327433628320
71.8,129,102.2,71,0.0,5371,0.7999999999999970
71.8,129,102.2,71,7.0,5371,8.791150442477870
71.8,129,102.2,71,18.0,5371,21.348672566371700
71.8,129,102.2,71,32.0,5371,37.330973451327400
68.2,122,96.8,71,0.0,4728,-2.800000000000000
68.2,122,96.8,71,7.0,4728,4.757522123893810
68.2,122,96.8,71,18.0,4728,16.633628318584100
68.2,122,96.8,71,32.0,4728,31.74867256637170
65.5,117,93.0,71,0.0,4219,-5.5
65.5,117,93.0,71,7.0,4219,1.7477876106194700
65.5,117,93.0,71,18.0,4219,13.137168141592900
65.5,117,93.0,71,32.0,4219,27.63274336283190
70.9,121,93.3,72,0.0,6652,-1.0999999999999900
70.9,121,93.3,72,7.0,6652,6.395575221238940
70.9,121,93.3,72,18.0,6652,18.174336283185900
70.9,121,93.3,72,32.0,6652,33.165486725663700
68.6,115,89.9,72,0.0,6161,-3.4000000000000100
68.6,115,89.9,72,7.0,6161,3.7238938053097300
68.6,115,89.9,72,18.0,6161,14.918584070796500
68.6,115,89.9,72,32.0,6161,29.166371681415900
65.6,108,85.7,72,0.0,5588,-6.400000000000010
65.6,108,85.7,72,7.0,5588,0.29026548672565900
65.6,108,85.7,72,18.0,5588,10.803539823008800
65.6,108,85.7,72,32.0,5588,24.184070796460200
61.7,99,80.1,72,0.0,4677,-10.300000000000000
61.7,99,80.1,72,7.0,4677,-4.167256637168140
61.7,99,80.1,72,18.0,4677,5.469911504424790
61.7,99,80.1,72,32.0,4677,17.735398230088500
60.6,98,78.7,72,0.0,4341,-11.400000000000000
60.6,98,78.7,72,7.0,4341,-5.329203539823010
60.6,98,78.7,72,18.0,4341,4.210619469026550
60.6,98,78.7,72,32.0,4341,16.352212389380500
56.4,85,72.2,72,0.0,3015,-15.600000000000000
56.4,85,72.2,72,7.0,3015,-10.334513274336300
56.4,85,72.2,72,18.0,3015,-2.060176991150440
56.4,85,72.2,72,32.0,3015,8.470796460176990
74.1,121,102.6,72,0.0,6161,2.0999999999999900
74.1,121,102.6,72,7.0,6161,9.595575221238930
74.1,121,102.6,72,18.0,6161,21.37433628318580
74.1,121,102.6,72,32.0,6161,36.365486725663700
69.6,111,95.8,72,0.0,5355,-2.4000000000000100
69.6,111,95.8,72,7.0,5355,4.47610619469026
69.6,111,95.8,72,18.0,5355,15.281415929203500
69.6,111,95.8,72,32.0,5355,29.033628318584100
65.9,103,90.1,72,0.0,4677,-6.099999999999990
65.9,103,90.1,72,7.0,4677,0.2805309734513340
65.9,103,90.1,72,18.0,4677,10.307079646017700
65.9,103,90.1,72,32.0,4677,23.068141592920400
64.1,98,87.1,72,0.0,4341,-7.900000000000010
64.1,98,87.1,72,7.0,4341,-1.8292035398230100
64.1,98,87.1,72,18.0,4341,7.71061946902654
64.1,98,87.1,72,32.0,4341,19.852212389380500
57.3,85,77.3,72,0.0,3015,-14.700000000000000
57.3,85,77.3,72,7.0,3015,-9.434513274336280
57.3,85,77.3,72,18.0,3015,-1.1601769911504500
57.3,85,77.3,72,32.0,3015,9.37079646017699
73.8,131,98.2,70,0.0,6803,3.800000000000000
73.8,131,98.2,70,7.0,6803,11.915044247787600
73.8,131,98.2,70,18.0,6803,24.667256637168100
73.8,131,98.2,70,32.0,6803,40.89734513274340
72.7,129,96.7,70,0.0,6602,2.700000000000000
72.7,129,96.7,70,7.0,6602,10.691150442477900
72.7,129,96.7,70,18.0,6602,23.24867256637170
72.7,129,96.7,70,32.0,6602,39.23097345132740
70.8,124,93.7,70,0.0,6257,0.7999999999999970
70.8,124,93.7,70,7.0,6257,8.481415929203540
70.8,124,93.7,70,18.0,6257,20.55221238938050
70.8,124,93.7,70,32.0,6257,35.915044247787600
65.2,115,86.5,70,0.0,6257,-4.800000000000000
65.2,115,86.5,70,7.0,6257,2.323893805309740
65.2,115,86.5,70,18.0,6257,13.518584070796500
65.2,115,86.5,70,32.0,6257,27.766371681415900
68.0,122,90.6,70,0.0,5730,-2.0
68.0,122,90.6,70,7.0,5730,5.557522123893800
68.0,122,90.6,70,18.0,5730,17.43362831858410
68.0,122,90.6,70,32.0,5730,32.54867256637170
60.1,103,79.2,66,0.0,3958,-5.900000000000000
60.1,103,79.2,66,7.0,3958,0.480530973451323
60.1,103,79.2,66,18.0,3958,10.5070796460177
60.1,103,79.2,66,32.0,3958,23.268141592920400
77.5,137,109.8,73,0.0,6273,4.5
77.5,137,109.8,73,7.0,6273,12.986725663716800
77.5,137,109.8,73,18.0,6273,26.323008849557500
77.5,137,109.8,73,32.0,6273,43.29646017699120
72.3,125,101.6,70,0.0,5422,2.300000000000000
72.3,125,101.6,70,7.0,5422,10.043362831858400
72.3,125,101.6,70,18.0,5422,22.211504424778800
72.3,125,101.6,70,32.0,5422,37.69823008849560
74.0,129,104.3,70,0.0,5422,4.0
74.0,129,104.3,70,7.0,5422,11.991150442477900
74.0,129,104.3,70,18.0,5422,24.54867256637170
74.0,129,104.3,70,32.0,5422,40.53097345132740
70.5,121,98.9,70,0.0,5083,0.5
70.5,121,98.9,70,7.0,5083,7.995575221238940
70.5,121,98.9,70,18.0,5083,19.774336283185800
70.5,121,98.9,70,32.0,5083,34.76548672566370
63.1,105,87.7,66,0.0,3958,-2.9000000000000000
63.1,105,87.7,66,7.0,3958,3.6044247787610600
63.1,105,87.7,66,18.0,3958,13.825663716814200
63.1,105,87.7,66,32.0,3958,26.834513274336300
69.5,120,91.8,70,0.0,6229,-0.5
69.5,120,91.8,70,7.0,6229,6.93362831858407
69.5,120,91.8,70,18.0,6229,18.61504424778760
69.5,120,91.8,70,32.0,6229,33.48230088495580
68.4,118,90.3,70,0.0,5969,-1.5999999999999900
68.4,118,90.3,70,7.0,5969,5.709734513274340
68.4,118,90.3,70,18.0,5969,17.196460176991200
68.4,118,90.3,70,32.0,5969,31.815929203539800
64.9,112,85.6,70,0.0,5222,-5.099999999999990
64.9,112,85.6,70,7.0,5222,1.8380530973451400
64.9,112,85.6,70,18.0,5222,12.740707964601800
64.9,112,85.6,70,32.0,5222,26.616814159292000
63.2,107,83.1,70,0.0,4775,-6.800000000000000
63.2,107,83.1,70,7.0,4775,-0.17168141592920000
63.2,107,83.1,70,18.0,4775,10.244247787610600
63.2,107,83.1,70,32.0,4775,23.500884955752200
75.4,129,105.8,70,0.0,6229,5.400000000000010
75.4,129,105.8,70,7.0,6229,13.39115044247790
75.4,129,105.8,70,18.0,6229,25.948672566371700
75.4,129,105.8,70,32.0,6229,41.930973451327400
73.9,127,103.7,70,0.0,5969,3.9000000000000100
73.9,127,103.7,70,7.0,5969,11.767256637168100
73.9,127,103.7,70,18.0,5969,24.130088495575200
73.9,127,103.7,70,32.0,5969,39.8646017699115
69.7,118,97.4,70,0.0,5222,-0.29999999999999700
69.7,118,97.4,70,7.0,5222,7.0097345132743400
69.7,118,97.4,70,18.0,5222,18.49646017699120
69.7,118,97.4,70,32.0,5222,33.11592920353980
67.3,112,93.7,70,0.0,4775,-2.700000000000000
67.3,112,93.7,70,7.0,4775,4.23805309734513
67.3,112,93.7,70,18.0,4775,15.140707964601800
67.3,112,93.7,70,32.0,4775,29.01681415929200
72.2,124,95.3,71,0.0,7007,1.2000000000000000
72.2,124,95.3,71,7.0,7007,8.881415929203540
72.2,124,95.3,71,18.0,7007,20.952212389380500
72.2,124,95.3,71,32.0,7007,36.31504424778760
70.6,122,93.2,71,0.0,6672,-0.4000000000000060
70.6,122,93.2,71,7.0,6672,7.1575221238938000
70.6,122,93.2,71,18.0,6672,19.033628318584100
70.6,122,93.2,71,32.0,6672,34.14867256637170
69.3,119,91.3,71,0.0,6366,-1.7000000000000000
69.3,119,91.3,71,7.0,6366,5.6716814159292
69.3,119,91.3,71,18.0,6366,17.255752212389400
69.3,119,91.3,71,32.0,6366,31.999115044247800
68.0,117,89.6,71,0.0,6094,-3.0
68.0,117,89.6,71,7.0,6094,4.2477876106194700
68.0,117,89.6,71,18.0,6094,15.637168141592900
68.0,117,89.6,71,32.0,6094,30.13274336283190
66.5,112,87.3,71,0.0,5742,-4.5
66.5,112,87.3,71,7.0,5742,2.438053097345130
66.5,112,87.3,71,18.0,5742,13.340707964601800
66.5,112,87.3,71,32.0,5742,27.216814159292000
65.7,111,86.2,71,0.0,5566,-5.300000000000000
65.7,111,86.2,71,7.0,5566,1.5761061946902700
65.7,111,86.2,71,18.0,5566,12.381415929203500
65.7,111,86.2,71,32.0,5566,26.133628318584100
64.9,107,84.7,71,0.0,5344,-6.099999999999990
64.9,107,84.7,71,7.0,5344,0.5283185840708030
64.9,107,84.7,71,18.0,5344,10.944247787610600
64.9,107,84.7,71,32.0,5344,24.200884955752200
62.8,101,81.6,71,0.0,4956,-8.200000000000000
62.8,101,81.6,71,7.0,4956,-1.9433628318584100
62.8,101,81.6,71,18.0,4956,7.888495575221240
62.8,101,81.6,71,32.0,4956,20.401769911504400
76.7,134,108.3,75,0.0,6366,1.7000000000000000
76.7,134,108.3,75,7.0,6366,10.000884955752200
76.7,134,108.3,75,18.0,6366,23.045132743362800
76.7,134,108.3,75,32.0,6366,39.64690265486730
75.3,131,106.1,71,0.0,6094,4.300000000000000
75.3,131,106.1,71,7.0,6094,12.415044247787600
75.3,131,106.1,71,18.0,6094,25.167256637168100
75.3,131,106.1,71,32.0,6094,41.39734513274340
73.2,127,103.0,71,0.0,5742,2.200000000000000
73.2,127,103.0,71,7.0,5742,10.067256637168100
73.2,127,103.0,71,18.0,5742,22.43008849557520
73.2,127,103.0,71,32.0,5742,38.16460176991150
70.9,123,99.9,71,0.0,5344,-0.09999999999999430
70.9,123,99.9,71,7.0,5344,7.519469026548680
70.9,123,99.9,71,18.0,5344,19.4929203539823
70.9,123,99.9,71,32.0,5344,34.73185840707960
68.7,118,96.4,71,0.0,4956,-2.300000000000000
68.7,118,96.4,71,7.0,4956,5.0097345132743400
68.7,118,96.4,71,18.0,4956,16.49646017699120
68.7,118,96.4,71,32.0,4956,31.11592920353980
62.4,102,81.2,66,0.0,4922,-3.6000000000000000
62.4,102,81.2,66,7.0,4922,2.718584070796450
62.4,102,81.2,66,18.0,4922,12.647787610619500
62.4,102,81.2,66,32.0,4922,25.284955752212400
60.6,99,79.0,66,0.0,4470,-5.400000000000000
60.6,99,79.0,66,7.0,4470,0.7327433628318550
60.6,99,79.0,66,18.0,4470,10.369911504424800
60.6,99,79.0,66,32.0,4470,22.635398230088500
64.6,98,87.8,66,0.0,4368,-1.4000000000000100
64.6,98,87.8,66,7.0,4368,4.670796460176990
64.6,98,87.8,66,18.0,4368,14.21061946902650
64.6,98,87.8,66,32.0,4368,26.352212389380500
60.8,95,83.2,66,0.0,3744,-5.200000000000000
60.8,95,83.2,66,7.0,3744,0.6849557522123890
60.8,95,83.2,66,18.0,3744,9.932743362831860
60.8,95,83.2,66,32.0,3744,21.702654867256600