course_rating,slope,bogey_rating,par,handicap,total_yards,expected_score_diff
73.2,126,96.5,72,0.0,7002,1.2000000000000000
73.2,126,96.5,72,5.0,7002,6.775221238938060
73.2,126,96.5,72,14.0,7002,16.81061946902660
73.2,126,96.5,72,24.0,7002,27.96106194690270
71.9,123,94.7,72,0.0,6718,-0.09999999999999430
71.9,123,94.7,72,5.0,6718,5.3424778761062000
71.9,123,94.7,72,14.0,6718,15.138938053097300
71.9,123,94.7,72,24.0,6718,26.02389380530970
70.3,119,92.3,72,0.0,6382,-1.7000000000000000
70.3,119,92.3,72,5.0,6382,3.5654867256637200
70.3,119,92.3,72,14.0,6382,13.043362831858400
70.3,119,92.3,72,24.0,6382,23.574336283185800
68.3,114,89.5,72,0.0,5956,-3.700000000000000
68.3,114,89.5,72,5.0,5956,1.3442477876106100
68.3,114,89.5,72,14.0,5956,10.423893805309700
68.3,114,89.5,72,24.0,5956,20.512389380531000
65.1,106,84.8,72,0.0,5276,-6.900000000000010
65.1,106,84.8,72,5.0,5276,-2.2097345132743400
65.1,106,84.8,72,14.0,5276,6.2327433628318500
65.1,106,84.8,72,24.0,5276,15.613274336283200
78.6,135,110.5,74,0.0,6718,4.599999999999990
78.6,135,110.5,74,5.0,6718,10.573451327433600
78.6,135,110.5,74,14.0,6718,21.325663716814100
78.6,135,110.5,74,24.0,6718,33.27256637168140
76.7,132,107.7,74,0.0,6382,2.700000000000000
76.7,132,107.7,74,5.0,6382,8.54070796460178
76.7,132,107.7,74,14.0,6382,19.053982300885000
76.7,132,107.7,74,24.0,6382,30.735398230088500
74.1,128,104.2,73,0.0,5956,1.0999999999999900
74.1,128,104.2,73,5.0,5956,6.763716814159280
74.1,128,104.2,73,14.0,5956,16.95840707964600
74.1,128,104.2,73,24.0,5956,28.285840707964600
70.1,121,98.6,72,0.0,5276,-1.9000000000000100
70.1,121,98.6,72,5.0,5276,3.4539823008849500
70.1,121,98.6,72,14.0,5276,13.091150442477900
70.1,121,98.6,72,24.0,5276,23.799115044247800
70.8,131,95.2,72,0.0,6650,-1.2000000000000000
70.8,131,95.2,72,5.0,6650,4.596460176991140
70.8,131,95.2,72,14.0,6650,15.030088495575200
70.8,131,95.2,72,24.0,6650,26.62300884955750
66.9,122,89.5,72,0.0,5850,-5.099999999999990
66.9,122,89.5,72,5.0,5850,0.2982300884955860
66.9,122,89.5,72,14.0,5850,10.015044247787600
66.9,122,89.5,72,24.0,5850,20.81150442477880
73.3,128,103.5,72,0.0,5850,1.3000000000000000
73.3,128,103.5,72,5.0,5850,6.963716814159280
73.3,128,103.5,72,14.0,5850,17.15840707964600
73.3,128,103.5,72,24.0,5850,28.4858407079646
69.9,129,93.7,69,0.0,6053,0.9000000000000060
69.9,129,93.7,69,5.0,6053,6.607964601769920
69.9,129,93.7,69,14.0,6053,16.882300884955800
69.9,129,93.7,69,24.0,6053,28.298230088495600
67.7,124,90.6,68,0.0,5596,-0.29999999999999700
67.7,124,90.6,68,5.0,5596,5.186725663716810
67.7,124,90.6,68,14.0,5596,15.06283185840710
67.7,124,90.6,68,24.0,5596,26.036283185840700
63.7,111,84.3,66,0.0,4689,-2.300000000000000
63.7,111,84.3,66,5.0,4689,2.611504424778760
63.7,111,84.3,66,14.0,4689,11.452212389380500
63.7,111,84.3,66,24.0,4689,21.27522123893810
73.1,135,105.0,71,0.0,5596,2.0999999999999900
73.1,135,105.0,71,5.0,5596,8.073451327433620
73.1,135,105.0,71,14.0,5596,18.825663716814100
73.1,135,105.0,71,24.0,5596,30.77256637168140
68.0,120,96.4,69,0.0,4689,-1.0
68.0,120,96.4,69,5.0,4689,4.309734513274340
68.0,120,96.4,69,14.0,4689,13.86725663716810
68.0,120,96.4,69,24.0,4689,24.48672566371680
72.3,129,96.2,70,0.0,6602,2.300000000000000
72.3,129,96.2,70,5.0,6602,8.007964601769910
72.3,129,96.2,70,14.0,6602,18.282300884955700
72.3,129,96.2,70,24.0,6602,29.698230088495600
71.3,127,94.8,70,0.0,6387,1.3000000000000000
71.3,127,94.8,70,5.0,6387,6.9194690265486700
71.3,127,94.8,70,14.0,6387,17.034513274336300
71.3,127,94.8,70,24.0,6387,28.273451327433600
70.4,125,93.5,70,0.0,6191,0.4000000000000060
70.4,125,93.5,70,5.0,6191,5.930973451327450
70.4,125,93.5,70,14.0,6191,15.886725663716800
70.4,125,93.5,70,24.0,6191,26.948672566371700
68.7,121,91.2,70,0.0,5848,-1.3000000000000000
68.7,121,91.2,70,5.0,5848,4.053982300884950
68.7,121,91.2,70,14.0,5848,13.691150442477900
68.7,121,91.2,70,24.0,5848,24.399115044247800
67.7,119,89.7,70,0.0,5657,-2.300000000000000
67.7,119,89.7,70,5.0,5657,2.965486725663720
67.7,119,89.7,70,14.0,5657,12.443362831858400
67.7,119,89.7,70,24.0,5657,22.97433628318590
66.4,115,87.7,72,0.0,5419,-5.599999999999990
66.4,115,87.7,72,5.0,5419,-0.5115044247787500
66.4,115,87.7,72,14.0,5419,8.647787610619470
66.4,115,87.7,72,24.0,5419,18.82477876106200
65.7,113,86.7,70,0.0,5309,-4.300000000000000
65.7,113,86.7,70,5.0,5309,0.7000000000000030
65.7,113,86.7,70,14.0,5309,9.700000000000000
65.7,113,86.7,70,24.0,5309,19.700000000000000
64.9,110,85.3,70,0.0,5041,-5.099999999999990
64.9,110,85.3,70,5.0,5041,-0.23274336283185400
64.9,110,85.3,70,14.0,5041,8.528318584070800
64.9,110,85.3,70,24.0,5041,18.262831858407100
62.0,102,81.0,72,0.0,4354,-10.0
62.0,102,81.0,72,5.0,4354,-5.486725663716810
62.0,102,81.0,72,14.0,4354,2.637168141592920
62.0,102,81.0,72,24.0,4354,11.663716814159300
59.3,96,77.1,72,0.0,3765,-12.700000000000000
59.3,96,77.1,72,5.0,3765,-8.452212389380530
59.3,96,77.1,72,14.0,3765,-0.8061946902654850
59.3,96,77.1,72,24.0,3765,7.689380530973450
78.9,142,112.4,72,0.0,6602,6.900000000000010
78.9,142,112.4,72,5.0,6602,13.183185840708000
78.9,142,112.4,72,14.0,6602,24.4929203539823
78.9,142,112.4,72,24.0,6602,37.059292035398200
76.5,136,108.4,72,0.0,6191,4.5
76.5,136,108.4,72,5.0,6191,10.517699115044300
76.5,136,108.4,72,14.0,6191,21.349557522123900
76.5,136,108.4,72,24.0,6191,33.38495575221240
75.1,134,106.6,72,0.0,5922,3.0999999999999900
75.1,134,106.6,72,5.0,5922,9.029203539823000
75.1,134,106.6,72,14.0,5922,19.701769911504400
75.1,134,106.6,72,24.0,5922,31.560176991150400
74.1,132,105.1,72,0.0,5731,2.0999999999999900
74.1,132,105.1,72,5.0,5731,7.940707964601770
74.1,132,105.1,72,14.0,5731,18.453982300884900
74.1,132,105.1,72,24.0,5731,30.135398230088500
72.3,128,102.5,72,0.0,5419,0.29999999999999700
72.3,128,102.5,72,5.0,5419,5.963716814159280
72.3,128,102.5,72,14.0,5419,16.15840707964600
72.3,128,102.5,72,24.0,5419,27.4858407079646
71.5,127,101.4,70,0.0,5309,1.5
71.5,127,101.4,70,5.0,5309,7.119469026548670
71.5,127,101.4,70,14.0,5309,17.23451327433630
71.5,127,101.4,70,24.0,5309,28.473451327433600
70.2,124,99.4,70,0.0,5041,0.20000000000000300
70.2,124,99.4,70,5.0,5041,5.686725663716810
70.2,124,99.4,70,14.0,5041,15.56283185840710
70.2,124,99.4,70,24.0,5041,26.536283185840700
66.3,113,92.9,72,0.0,4354,-5.700000000000000
66.3,113,92.9,72,5.0,4354,-0.7000000000000030
66.3,113,92.9,72,14.0,4354,8.300000000000000
66.3,113,92.9,72,24.0,4354,18.300000000000000
62.7,105,87.5,72,0.0,3765,-9.300000000000000
62.7,105,87.5,72,5.0,3765,-4.653982300884950
62.7,105,87.5,72,14.0,3765,3.7088495575221300
62.7,105,87.5,72,24.0,3765,13.000884955752200
54.8,86,70.8,60,0.0,3004,-5.200000000000000
54.8,86,70.8,60,5.0,3004,-1.3946902654867300
54.8,86,70.8,60,14.0,3004,5.454867256637160
54.8,86,70.8,60,24.0,3004,13.065486725663700
57.1,91,78.4,60,0.0,3004,-2.9000000000000000
57.1,91,78.4,60,5.0,3004,1.126548672566370
57.1,91,78.4,60,14.0,3004,8.37433628318584
57.1,91,78.4,60,24.0,3004,16.427433628318600
66.2,116,87.7,71,0.0,5447,-4.800000000000000
66.2,116,87.7,71,5.0,5447,0.332743362831863
66.2,116,87.7,71,14.0,5447,9.571681415929210
66.2,116,87.7,71,24.0,5447,19.837168141592900
65.1,114,86.2,71,0.0,5262,-5.900000000000010
65.1,114,86.2,71,5.0,5262,-0.8557522123893900
65.1,114,86.2,71,14.0,5262,8.223893805309730
65.1,114,86.2,71,24.0,5262,18.31238938053100
63.3,110,83.6,71,0.0,4902,-7.700000000000000
63.3,110,83.6,71,5.0,4902,-2.832743362831860
63.3,110,83.6,71,14.0,4902,5.928318584070790
63.3,110,83.6,71,24.0,4902,15.662831858407100
61.9,104,81.2,71,0.0,4578,-9.100000000000000
61.9,104,81.2,71,5.0,4578,-4.498230088495580
61.9,104,81.2,71,14.0,4578,3.784955752212380
61.9,104,81.2,71,24.0,4578,12.988495575221200
57.9,92,75.0,71,0.0,3610,-13.100000000000000
57.9,92,75.0,71,5.0,3610,-9.029203539823010
57.9,92,75.0,71,14.0,3610,-1.701769911504430
57.9,92,75.0,71,24.0,3610,6.439823008849560
70.7,122,99.5,71,0.0,5447,-0.29999999999999700
70.7,122,99.5,71,5.0,5447,5.098230088495580
70.7,122,99.5,71,14.0,5447,14.815044247787600
70.7,122,99.5,71,24.0,5447,25.611504424778800
69.7,120,97.9,71,0.0,5262,-1.3000000000000000
69.7,120,97.9,71,5.0,5262,4.0097345132743400
69.7,120,97.9,71,14.0,5262,13.567256637168100
69.7,120,97.9,71,24.0,5262,24.186725663716800
67.8,115,94.9,71,0.0,4902,-3.200000000000000
67.8,115,94.9,71,5.0,4902,1.888495575221240
67.8,115,94.9,71,14.0,4902,11.047787610619500
67.8,115,94.9,71,24.0,4902,21.22477876106190
65.8,111,91.9,71,0.0,4578,-5.200000000000000
65.8,111,91.9,71,5.0,4578,-0.2884955752212480
65.8,111,91.9,71,14.0,4578,8.552212389380530
65.8,111,91.9,71,24.0,4578,18.375221238938100
60.6,97,83.5,71,0.0,3610,-10.400000000000000
60.6,97,83.5,71,5.0,3610,-6.107964601769910
60.6,97,83.5,71,14.0,3610,1.6176991150442500
60.6,97,83.5,71,24.0,3610,10.201769911504400
73.8,131,98.2,70,0.0,6803,3.800000000000000
73.8,131,98.2,70,5.0,6803,9.596460176991140
73.8,131,98.2,70,14.0,6803,20.030088495575200
73.8,131,98.2,70,24.0,6803,31.62300884955750
72.7,129,96.7,70,0.0,6602,2.700000000000000
72.7,129,96.7,70,5.0,6602,8.407964601769920
72.7,129,96.7,70,14.0,6602,18.68230088495580
72.7,129,96.7,70,24.0,6602,30.09823008849560
70.8,124,93.7,70,0.0,6257,0.7999999999999970
70.8,124,93.7,70,5.0,6257,6.286725663716810
70.8,124,93.7,70,14.0,6257,16.162831858407100
70.8,124,93.7,70,24.0,6257,27.13628318584070
65.2,115,86.5,70,0.0,6257,-4.800000000000000
65.2,115,86.5,70,5.0,6257,0.2884955752212480
65.2,115,86.5,70,14.0,6257,9.447787610619470
65.2,115,86.5,70,24.0,6257,19.624778761061900
68.0,122,90.6,70,0.0,5730,-2.0
68.0,122,90.6,70,5.0,5730,3.3982300884955800
68.0,122,90.6,70,14.0,5730,13.115044247787600
68.0,122,90.6,70,24.0,5730,23.911504424778800
60.1,103,79.2,66,0.0,3958,-5.900000000000000
60.1,103,79.2,66,5.0,3958,-1.3424778761061900
60.1,103,79.2,66,14.0,3958,6.861061946902650
60.1,103,79.2,66,24.0,3958,15.97610619469030
77.5,137,109.8,73,0.0,6273,4.5
77.5,137,109.8,73,5.0,6273,10.561946902654900
77.5,137,109.8,73,14.0,6273,21.473451327433600
77.5,137,109.8,73,24.0,6273,33.59734513274340
72.3,125,101.6,70,0.0,5422,2.300000000000000
72.3,125,101.6,70,5.0,5422,7.830973451327420
72.3,125,101.6,70,14.0,5422,17.78672566371680
72.3,125,101.6,70,24.0,5422,28.848672566371700
74.0,129,104.3,70,0.0,5422,4.0
74.0,129,104.3,70,5.0,5422,9.707964601769920
74.0,129,104.3,70,14.0,5422,19.982300884955700
74.0,129,104.3,70,24.0,5422,31.39823008849560
70.5,121,98.9,70,0.0,5083,0.5
70.5,121,98.9,70,5.0,5083,5.853982300884950
70.5,121,98.9,70,14.0,5083,15.491150442477900
70.5,121,98.9,70,24.0,5083,26.19911504424780
63.1,105,87.7,66,0.0,3958,-2.9000000000000000
63.1,105,87.7,66,5.0,3958,1.7460176991150400
63.1,105,87.7,66,14.0,3958,10.10884955752210
63.1,105,87.7,66,24.0,3958,19.40088495575220
70.9,125,94.0,71,0.0,6354,-0.09999999999999430
70.9,125,94.0,71,5.0,6354,5.430973451327450
70.9,125,94.0,71,14.0,6354,15.386725663716800
70.9,125,94.0,71,24.0,6354,26.448672566371700
70.0,123,92.7,71,0.0,6177,-1.0
70.0,123,92.7,71,5.0,6177,4.442477876106200
70.0,123,92.7,71,14.0,6177,14.238938053097300
70.0,123,92.7,71,24.0,6177,25.123893805309700
69.3,121,91.7,71,0.0,6024,-1.7000000000000000
69.3,121,91.7,71,5.0,6024,3.653982300884950
69.3,121,91.7,71,14.0,6024,13.291150442477900
69.3,121,91.7,71,24.0,6024,23.999115044247800
67.4,117,89.1,71,0.0,5659,-3.5999999999999900
67.4,117,89.1,71,5.0,5659,1.5769911504424800
67.4,117,89.1,71,14.0,5659,10.895575221238900
67.4,117,89.1,71,24.0,5659,21.249557522123900
65.6,112,86.4,71,0.0,5297,-5.400000000000010
65.6,112,86.4,71,5.0,5297,-0.444247787610621
65.6,112,86.4,71,14.0,5297,8.47610619469026
65.6,112,86.4,71,24.0,5297,18.38761061946900
64.6,109,84.9,71,0.0,5066,-6.400000000000010
64.6,109,84.9,71,5.0,5066,-1.5769911504424800
64.6,109,84.9,71,14.0,5066,7.104424778761060
64.6,109,84.9,71,24.0,5066,16.750442477876100
76.8,136,108.8,71,0.0,6354,5.800000000000000
76.8,136,108.8,71,5.0,6354,11.817699115044200
76.8,136,108.8,71,14.0,6354,22.6495575221239
76.8,136,108.8,71,24.0,6354,34.68495575221240
75.8,134,107.4,71,0.0,6177,4.800000000000000
75.8,134,107.4,71,5.0,6177,10.729203539823000
75.8,134,107.4,71,14.0,6177,21.40176991150440
75.8,134,107.4,71,24.0,6177,33.260176991150400
74.9,132,106.0,71,0.0,6024,3.9000000000000100
74.9,132,106.0,71,5.0,6024,9.740707964601780
74.9,132,106.0,71,14.0,6024,20.253982300885000
74.9,132,106.0,71,24.0,6024,31.93539823008850
72.8,128,102.9,71,0.0,5659,1.8000000000000000
72.8,128,102.9,71,5.0,5659,7.463716814159280
72.8,128,102.9,71,14.0,5659,17.65840707964600
72.8,128,102.9,71,24.0,5659,28.9858407079646
70.8,124,100.0,71,0.0,5297,-0.20000000000000300
70.8,124,100.0,71,5.0,5297,5.286725663716810
70.8,124,100.0,71,14.0,5297,15.162831858407100
70.8,124,100.0,71,24.0,5297,26.13628318584070
69.6,121,98.1,71,0.0,5066,-1.4000000000000100
69.6,121,98.1,71,5.0,5066,3.9539823008849500
69.6,121,98.1,71,14.0,5066,13.591150442477900
69.6,121,98.1,71,24.0,5066,24.299115044247800
73.7,129,97.6,72,0.0,7145,1.7000000000000000
73.7,129,97.6,72,5.0,7145,7.407964601769920
73.7,129,97.6,72,14.0,7145,17.68230088495580
73.7,129,97.6,72,24.0,7145,29.09823008849560
71.3,122,93.9,72,0.0,6660,-0.7000000000000030
71.3,122,93.9,72,5.0,6660,4.698230088495580
71.3,122,93.9,72,14.0,6660,14.415044247787600
71.3,122,93.9,72,24.0,6660,25.211504424778800
68.0,114,89.2,72,0.0,6030,-4.0
68.0,114,89.2,72,5.0,6030,1.0442477876106200
68.0,114,89.2,72,14.0,6030,10.123893805309700
68.0,114,89.2,72,24.0,6030,20.212389380531000
64.1,109,84.3,72,0.0,5215,-7.900000000000010
64.1,109,84.3,72,5.0,5215,-3.076991150442480
64.1,109,84.3,72,14.0,5215,5.604424778761060
64.1,109,84.3,72,24.0,5215,15.250442477876100
60.6,99,79.0,72,0.0,4400,-11.400000000000000
60.6,99,79.0,72,5.0,4400,-7.019469026548680
60.6,99,79.0,72,14.0,4400,0.8654867256637150
60.6,99,79.0,72,24.0,4400,9.626548672566370
80.2,135,112.0,72,0.0,7145,8.200000000000000
80.2,135,112.0,72,5.0,7145,14.173451327433600
80.2,135,112.0,72,14.0,7145,24.92566371681420
80.2,135,112.0,72,24.0,7145,36.872566371681400
77.4,126,107.0,72,0.0,6660,5.400000000000010
77.4,126,107.0,72,5.0,6660,10.975221238938100
77.4,126,107.0,72,14.0,6660,21.01061946902660
77.4,126,107.0,72,24.0,6660,32.16106194690270
73.5,117,101.0,72,0.0,6030,1.5
73.5,117,101.0,72,5.0,6030,6.6769911504424800
73.5,117,101.0,72,14.0,6030,15.995575221238900
73.5,117,101.0,72,24.0,6030,26.349557522123900
68.8,112,94.8,72,0.0,5215,-3.200000000000000
68.8,112,94.8,72,5.0,5215,1.7557522123893800
68.8,112,94.8,72,14.0,5215,10.676106194690300
68.8,112,94.8,72,24.0,5215,20.587610619469000
64.0,99,87.2,72,0.0,4400,-8.0
64.0,99,87.2,72,5.0,4400,-3.6194690265486700
64.0,99,87.2,72,14.0,4400,4.26548672566372
64.0,99,87.2,72,24.0,4400,13.026548672566400
66.7,106,86.3,70,0.0,5336,-3.300000000000000
66.7,106,86.3,70,5.0,5336,1.3902654867256700
66.7,106,86.3,70,14.0,5336,9.832743362831860
66.7,106,86.3,70,24.0,5336,19.21327433628320
66.6,99,85.0,69,0.0,5336,-2.4000000000000100
66.6,99,85.0,69,5.0,5336,1.980530973451320
66.6,99,85.0,69,14.0,5336,9.865486725663720
66.6,99,85.0,69,24.0,5336,18.626548672566400
65.8,105,85.3,70,0.0,5176,-4.200000000000000
65.8,105,85.3,70,5.0,5176,0.4460176991150460
65.8,105,85.3,70,14.0,5176,8.808849557522120
65.8,105,85.3,70,24.0,5176,18.100884955752200
65.1,103,84.3,70,0.0,5016,-4.900000000000010
65.1,103,84.3,70,5.0,5016,-0.3424778761062020
65.1,103,84.3,70,14.0,5016,7.861061946902650
65.1,103,84.3,70,24.0,5016,16.97610619469030
71.0,115,98.2,72,0.0,5248,-1.0
71.0,115,98.2,72,5.0,5248,4.088495575221250
71.0,115,98.2,72,14.0,5248,13.247787610619500
71.0,115,98.2,72,24.0,5248,23.424778761061900
70.2,114,97.1,71,0.0,5110,-0.7999999999999970
70.2,114,97.1,71,5.0,5110,4.244247787610620
70.2,114,97.1,71,14.0,5110,13.323893805309700
70.2,114,97.1,71,24.0,5110,23.412389380531000
69.2,112,95.6,70,0.0,4972,-0.7999999999999970
69.2,112,95.6,70,5.0,4972,4.1557522123893900
69.2,112,95.6,70,14.0,4972,13.076106194690300
69.2,112,95.6,70,24.0,4972,22.987610619469000
66.4,107,86.2,70,0.0,5612,-3.5999999999999900
66.4,107,86.2,70,5.0,5612,1.1345132743362900
66.4,107,86.2,70,14.0,5612,9.6566371681416
66.4,107,86.2,70,24.0,5612,19.12566371681420
64.0,101,82.8,70,0.0,5056,-6.0
64.0,101,82.8,70,5.0,5056,-1.5309734513274400
64.0,101,82.8,70,14.0,5056,6.513274336283190
64.0,101,82.8,70,24.0,5056,15.451327433628300
58.8,90,75.6,70,0.0,3660,-11.200000000000000
58.8,90,75.6,70,5.0,3660,-7.2176991150442500
58.8,90,75.6,70,14.0,3660,-0.04955752212389090
58.8,90,75.6,70,24.0,3660,7.9150442477876100
71.6,114,98.6,70,0.0,5612,1.5999999999999900
71.6,114,98.6,70,5.0,5612,6.64424778761061
71.6,114,98.6,70,14.0,5612,15.723893805309700
71.6,114,98.6,70,24.0,5612,25.81238938053100
68.6,108,94.0,70,0.0,5056,-1.4000000000000100
68.6,108,94.0,70,5.0,5056,3.3787610619469000
68.6,108,94.0,70,14.0,5056,11.980530973451300
68.6,108,94.0,70,24.0,5056,21.538053097345100
60.6,92,82.2,70,0.0,3660,-9.400000000000000
60.6,92,82.2,70,5.0,3660,-5.329203539823010
60.6,92,82.2,70,14.0,3660,1.9982300884955700
60.6,92,82.2,70,24.0,3660,10.139823008849600
70.8,131,95.2,72,0.0,6650,-1.2000000000000000
70.8,131,95.2,72,5.0,6650,4.596460176991140
70.8,131,95.2,72,14.0,6650,15.030088495575200
70.8,131,95.2,72,24.0,6650,26.62300884955750
66.9,122,89.5,72,0.0,5850,-5.099999999999990
66.9,122,89.5,72,5.0,5850,0.2982300884955860
66.9,122,89.5,72,14.0,5850,10.015044247787600
66.9,122,89.5,72,24.0,5850,20.81150442477880
73.3,128,103.5,72,0.0,5850,1.3000000000000000
73.3,128,103.5,72,5.0,5850,6.963716814159280
73.3,128,103.5,72,14.0,5850,17.15840707964600
73.3,128,103.5,72,24.0,5850,28.4858407079646
61.0,94,78.4,60,0.0,4284,1.0
61.0,94,78.4,60,5.0,4284,5.159292035398220
61.0,94,78.4,60,14.0,4284,12.646017699115000
61.0,94,78.4,60,24.0,4284,20.964601769911500
59.6,90,76.4,60,0.0,3736,-0.3999999999999990
59.6,90,76.4,60,5.0,3736,3.5823008849557600
59.6,90,76.4,60,14.0,3736,10.750442477876100
59.6,90,76.4,60,24.0,3736,18.715044247787600
60.6,92,82.2,60,0.0,3722,0.6000000000000010
60.6,92,82.2,60,5.0,3722,4.670796460176990
60.6,92,82.2,60,14.0,3722,11.998230088495600
60.6,92,82.2,60,24.0,3722,20.13982300884960
71.6,139,97.3,72,0.0,6553,-0.4000000000000060
71.6,139,97.3,72,5.0,6553,5.750442477876110
71.6,139,97.3,72,14.0,6553,16.821238938053100
71.6,139,97.3,72,24.0,6553,29.12212389380530
69.1,131,93.4,72,0.0,6088,-2.9000000000000100
69.1,131,93.4,72,5.0,6088,2.896460176991140
69.1,131,93.4,72,14.0,6088,13.330088495575200
69.1,131,93.4,72,24.0,6088,24.92300884955750
66.4,119,88.5,72,0.0,5365,-5.599999999999990
66.4,119,88.5,72,5.0,5365,-0.334513274336274
66.4,119,88.5,72,14.0,5365,9.143362831858410
66.4,119,88.5,72,24.0,5365,19.674336283185900
69.8,135,101.5,72,0.0,5156,-2.200000000000000
69.8,135,101.5,72,5.0,5156,3.7734513274336200
69.8,135,101.5,72,14.0,5156,14.525663716814200
69.8,135,101.5,72,24.0,5156,26.47256637168140
68.5,123,91.4,69,0.0,5865,-0.5
68.5,123,91.4,69,5.0,5865,4.942477876106200
68.5,123,91.4,69,14.0,5865,14.738938053097300
68.5,123,91.4,69,24.0,5865,25.623893805309700
67.9,122,90.5,69,0.0,5745,-1.0999999999999900
67.9,122,90.5,69,5.0,5745,4.298230088495590
67.9,122,90.5,69,14.0,5745,14.015044247787600
67.9,122,90.5,69,24.0,5745,24.81150442477880
66.5,112,87.3,67,0.0,5456,-0.5
66.5,112,87.3,67,5.0,5456,4.455752212389390
66.5,112,87.3,67,14.0,5456,13.376106194690300
66.5,112,87.3,67,24.0,5456,23.287610619469000
62.6,100,81.2,66,0.0,4420,-3.4000000000000000
62.6,100,81.2,66,5.0,4420,1.0247787610619500
62.6,100,81.2,66,14.0,4420,8.989380530973450
62.6,100,81.2,66,24.0,4420,17.83893805309740
74.1,126,103.6,72,0.0,5749,2.0999999999999900
74.1,126,103.6,72,5.0,5749,7.67522123893805
74.1,126,103.6,72,14.0,5749,17.71061946902650
74.1,126,103.6,72,24.0,5749,28.86106194690270
71.9,120,100.1,72,0.0,5461,-0.09999999999999430
71.9,120,100.1,72,5.0,5461,5.209734513274340
71.9,120,100.1,72,14.0,5461,14.767256637168100
71.9,120,100.1,72,24.0,5461,25.386725663716800
66.0,103,90.2,66,0.0,4420,0.0
66.0,103,90.2,66,5.0,4420,4.557522123893800
66.0,103,90.2,66,14.0,4420,12.761061946902700
66.0,103,90.2,66,24.0,4420,21.876106194690300
70.5,121,93.0,71,0.0,6500,-0.5
70.5,121,93.0,71,5.0,6500,4.853982300884950
70.5,121,93.0,71,14.0,6500,14.491150442477900
70.5,121,93.0,71,24.0,6500,25.19911504424780
67.9,119,89.9,71,0.0,5927,-3.0999999999999900
67.9,119,89.9,71,5.0,5927,2.165486725663730
67.9,119,89.9,71,14.0,5927,11.643362831858400
67.9,119,89.9,71,24.0,5927,22.174336283185900
63.6,106,83.2,71,0.0,4934,-7.400000000000000
63.6,106,83.2,71,5.0,4934,-2.7097345132743400
63.6,106,83.2,71,14.0,4934,5.7327433628318500
63.6,106,83.2,71,24.0,4934,15.113274336283200
67.4,109,93.0,71,0.0,4788,-3.5999999999999900
67.4,109,93.0,71,5.0,4788,1.2230088495575300
67.4,109,93.0,71,14.0,4788,9.904424778761070
67.4,109,93.0,71,24.0,4788,19.550442477876100
70.7,132,95.2,71,0.0,6157,-0.29999999999999700
70.7,132,95.2,71,5.0,6157,5.540707964601780
70.7,132,95.2,71,14.0,6157,16.053982300885000
70.7,132,95.2,71,24.0,6157,27.735398230088500
69.5,129,93.4,71,0.0,5924,-1.5
69.5,129,93.4,71,5.0,5924,4.207964601769920
69.5,129,93.4,71,14.0,5924,14.482300884955700
69.5,129,93.4,71,24.0,5924,25.89823008849560
71.4,127,101.3,70,0.0,5236,1.4000000000000100
71.4,127,101.3,70,5.0,5236,7.019469026548680
71.4,127,101.3,70,14.0,5236,17.134513274336300
71.4,127,101.3,70,24.0,5236,28.373451327433600
70.9,122,93.5,71,0.0,6592,-0.09999999999999430
70.9,122,93.5,71,5.0,6592,5.298230088495590
70.9,122,93.5,71,14.0,6592,15.015044247787600
70.9,122,93.5,71,24.0,6592,25.81150442477880
68.0,114,89.2,71,0.0,5876,-3.0
68.0,114,89.2,71,5.0,5876,2.0442477876106200
68.0,114,89.2,71,14.0,5876,11.123893805309700
68.0,114,89.2,71,24.0,5876,21.212389380531000
65.7,110,86.0,71,0.0,5440,-5.300000000000000
65.7,110,86.0,71,5.0,5440,-0.4327433628318570
65.7,110,86.0,71,14.0,5440,8.3283185840708
65.7,110,86.0,71,24.0,5440,18.06283185840710
64.7,107,84.5,71,0.0,5190,-6.300000000000000
64.7,107,84.5,71,5.0,5190,-1.5654867256637200
64.7,107,84.5,71,14.0,5190,6.956637168141600
64.7,107,84.5,71,24.0,5190,16.42566371681420
73.0,122,101.7,71,0.0,5876,2.0
73.0,122,101.7,71,5.0,5876,7.3982300884955800
73.0,122,101.7,71,14.0,5876,17.11504424778760
73.0,122,101.7,71,24.0,5876,27.911504424778800
70.3,117,97.8,71,0.0,5440,-0.7000000000000030
70.3,117,97.8,71,5.0,5440,4.476991150442470
70.3,117,97.8,71,14.0,5440,13.795575221238900
70.3,117,97.8,71,24.0,5440,24.1495575221239
69.0,113,95.7,71,0.0,5190,-2.0
69.0,113,95.7,71,5.0,5190,3.0
69.0,113,95.7,71,14.0,5190,12.0
69.0,113,95.7,71,24.0,5190,22.0
72.4,136,97.7,72,0.0,6875,0.4000000000000060
72.4,136,97.7,72,5.0,6875,6.4176991150442600
72.4,136,97.7,72,14.0,6875,17.249557522123900
72.4,136,97.7,72,24.0,6875,29.284955752212400
71.9,134,96.7,72,0.0,6672,-0.09999999999999430
71.9,134,96.7,72,5.0,6672,5.829203539823010
71.9,134,96.7,72,14.0,6672,16.501769911504400
71.9,134,96.7,72,24.0,6672,28.360176991150500
69.6,130,93.8,72,0.0,6301,-2.4000000000000100
69.6,130,93.8,72,5.0,6301,3.352212389380530
69.6,130,93.8,72,14.0,6301,13.706194690265500
69.6,130,93.8,72,24.0,6301,25.21061946902650
68.6,128,92.3,72,0.0,6035,-3.4000000000000100
68.6,128,92.3,72,5.0,6035,2.263716814159280
68.6,128,92.3,72,14.0,6035,12.458407079646000
68.6,128,92.3,72,24.0,6035,23.785840707964600
67.1,123,90.0,72,0.0,5761,-4.900000000000010
67.1,123,90.0,72,5.0,5761,0.5424778761061900
67.1,123,90.0,72,14.0,5761,10.338938053097300
67.1,123,90.0,72,24.0,5761,21.22389380530970
66.0,117,87.7,72,0.0,5429,-6.0
66.0,117,87.7,72,5.0,5429,-0.8230088495575250
66.0,117,87.7,72,14.0,5429,8.495575221238940
66.0,117,87.7,72,24.0,5429,18.849557522123900
65.3,114,86.5,72,0.0,5225,-6.700000000000000
65.3,114,86.5,72,5.0,5225,-1.6557522123893900
65.3,114,86.5,72,14.0,5225,7.423893805309730
65.3,114,86.5,72,24.0,5225,17.512389380531000
59.4,100,78.0,72,0.0,4111,-12.600000000000000
59.4,100,78.0,72,5.0,4111,-8.17522123893805
59.4,100,78.0,72,14.0,4111,-0.21061946902655400
59.4,100,78.0,72,24.0,4111,8.638938053097350
78.7,153,115.1,72,0.0,6875,6.700000000000000
78.7,153,115.1,72,5.0,6875,13.469911504424800
78.7,153,115.1,72,14.0,6875,25.655752212389400
78.7,153,115.1,72,24.0,6875,39.19557522123890
77.6,152,113.4,72,0.0,6672,5.599999999999990
77.6,152,113.4,72,5.0,6672,12.325663716814100
77.6,152,113.4,72,14.0,6672,24.431858407079600
77.6,152,113.4,72,24.0,6672,37.88318584070800
75.6,148,110.3,72,0.0,6301,3.5999999999999900
75.6,148,110.3,72,5.0,6301,10.148672566371700
75.6,148,110.3,72,14.0,6301,21.936283185840700
75.6,148,110.3,72,24.0,6301,35.033628318584100
74.1,145,108.2,72,0.0,6035,2.0999999999999900
74.1,145,108.2,72,5.0,6035,8.515929203539810
74.1,145,108.2,72,14.0,6035,20.06460176991150
74.1,145,108.2,72,24.0,6035,32.89646017699110
72.5,139,105.2,72,0.0,5761,0.5
72.5,139,105.2,72,5.0,5761,6.650442477876110
72.5,139,105.2,72,14.0,5761,17.72123893805310
72.5,139,105.2,72,24.0,5761,30.022123893805300
70.4,134,101.8,72,0.0,5429,-1.5999999999999900
70.4,134,101.8,72,5.0,5429,4.329203539823010
70.4,134,101.8,72,14.0,5429,15.001769911504400
70.4,134,101.8,72,24.0,5429,26.860176991150500
69.1,132,100.3,72,0.0,5225,-2.9000000000000100
69.1,132,100.3,72,5.0,5225,2.9407079646017700
69.1,132,100.3,72,14.0,5225,13.453982300884900
69.1,132,100.3,72,24.0,5225,25.135398230088500
62.8,125,92.2,72,0.0,4111,-9.200000000000000
62.8,125,92.2,72,5.0,4111,-3.6690265486725800
62.8,125,92.2,72,14.0,4111,6.286725663716810
62.8,125,92.2,72,24.0,4111,17.348672566371700
74.7,129,98.6,72,0.0,7317,2.700000000000000
74.7,129,98.6,72,5.0,7317,8.407964601769920
74.7,129,98.6,72,14.0,7317,18.68230088495580
74.7,129,98.6,72,24.0,7317,30.09823008849560
73.0,126,96.3,72,0.0,7048,1.0
73.0,126,96.3,72,5.0,7048,6.575221238938060
73.0,126,96.3,72,14.0,7048,16.610619469026500
73.0,126,96.3,72,24.0,7048,27.761061946902700
71.7,124,94.7,72,0.0,6771,-0.29999999999999700
71.7,124,94.7,72,5.0,6771,5.186725663716810
71.7,124,94.7,72,14.0,6771,15.06283185840710
71.7,124,94.7,72,24.0,6771,26.036283185840700
70.6,121,93.0,72,0.0,6530,-1.4000000000000100
70.6,121,93.0,72,5.0,6530,3.9539823008849500
70.6,121,93.0,72,14.0,6530,13.591150442477900
70.6,121,93.0,72,24.0,6530,24.299115044247800
69.9,119,92.1,72,0.0,6382,-2.0999999999999900
69.9,119,92.1,72,5.0,6382,3.165486725663730
69.9,119,92.1,72,14.0,6382,12.643362831858400
69.9,119,92.1,72,24.0,6382,23.174336283185900
68.3,118,90.2,72,0.0,6087,-3.700000000000000
68.3,118,90.2,72,5.0,6087,1.5212389380531000
68.3,118,90.2,72,14.0,6087,10.919469026548700
68.3,118,90.2,72,24.0,6087,21.361946902654900
66.8,114,88.0,72,0.0,5775,-5.200000000000000
66.8,114,88.0,72,5.0,5775,-0.15575221238938800
66.8,114,88.0,72,14.0,5775,8.923893805309730
66.8,114,88.0,72,24.0,5775,19.012389380531000
65.3,111,85.8,72,0.0,5404,-6.700000000000000
65.3,111,85.8,72,5.0,5404,-1.7884955752212500
65.3,111,85.8,72,14.0,5404,7.052212389380530
65.3,111,85.8,72,24.0,5404,16.875221238938100
78.5,134,110.0,72,0.0,6856,6.5
78.5,134,110.0,72,5.0,6856,12.429203539823000
78.5,134,110.0,72,14.0,6856,23.10176991150440
78.5,134,110.0,72,24.0,6856,34.96017699115050
76.9,130,107.5,72,0.0,6565,4.900000000000010
76.9,130,107.5,72,5.0,6565,10.652212389380500
76.9,130,107.5,72,14.0,6565,21.006194690265500
76.9,130,107.5,72,24.0,6565,32.51061946902660
76.1,131,106.6,72,0.0,6382,4.099999999999990
76.1,131,106.6,72,5.0,6382,9.896460176991140
76.1,131,106.6,72,14.0,6382,20.33008849557520
76.1,131,106.6,72,24.0,6382,31.92300884955750
72.1,120,100.4,72,0.0,5738,0.09999999999999430
72.1,120,100.4,72,5.0,5738,5.40973451327433
72.1,120,100.4,72,14.0,5738,14.967256637168100
72.1,120,100.4,72,24.0,5738,25.586725663716800
70.0,118,97.8,72,0.0,5404,-2.0
70.0,118,97.8,72,5.0,5404,3.221238938053090
70.0,118,97.8,72,14.0,5404,12.619469026548700
70.0,118,97.8,72,24.0,5404,23.061946902654900
73.6,144,100.4,72,0.0,7098,1.5999999999999900
73.6,144,100.4,72,5.0,7098,7.971681415929200
73.6,144,100.4,72,14.0,7098,19.440707964601800
73.6,144,100.4,72,24.0,7098,32.18407079646020
72.3,142,98.6,72,0.0,6824,0.29999999999999700
72.3,142,98.6,72,5.0,6824,6.583185840707960
72.3,142,98.6,72,14.0,6824,17.892920353982300
72.3,142,98.6,72,24.0,6824,30.45929203539820
71.9,139,97.7,72,0.0,6675,-0.09999999999999430
71.9,139,97.7,72,5.0,6675,6.050442477876120
71.9,139,97.7,72,14.0,6675,17.121238938053100
71.9,139,97.7,72,24.0,6675,29.42212389380530
70.3,131,94.7,72,0.0,6314,-1.7000000000000000
70.3,131,94.7,72,5.0,6314,4.096460176991140
70.3,131,94.7,72,14.0,6314,14.530088495575200
70.3,131,94.7,72,24.0,6314,26.12300884955750
69.2,126,92.6,72,0.0,6065,-2.800000000000000
69.2,126,92.6,72,5.0,6065,2.775221238938060
69.2,126,92.6,72,14.0,6065,12.810619469026500
69.2,126,92.6,72,24.0,6065,23.96106194690270
67.9,121,90.4,72,0.0,5711,-4.099999999999990
67.9,121,90.4,72,5.0,5711,1.2539823008849600
67.9,121,90.4,72,14.0,5711,10.89115044247790
67.9,121,90.4,72,24.0,5711,21.599115044247800
66.7,120,89.0,72,0.0,5423,-5.300000000000000
66.7,120,89.0,72,5.0,5423,0.009734513274338500
66.7,120,89.0,72,14.0,5423,9.567256637168140
66.7,120,89.0,72,24.0,5423,20.186725663716800
65.6,119,87.7,72,0.0,5202,-6.400000000000010
65.6,119,87.7,72,5.0,5202,-1.1345132743362900
65.6,119,87.7,72,14.0,5202,8.3433628318584
65.6,119,87.7,72,24.0,5202,18.87433628318580
78.1,153,114.0,72,0.0,6640,6.099999999999990
78.1,153,114.0,72,5.0,6640,12.869911504424800
78.1,153,114.0,72,14.0,6640,25.05575221238940
78.1,153,114.0,72,24.0,6640,38.59557522123890
74.2,145,108.4,72,0.0,6004,2.200000000000000
74.2,145,108.4,72,5.0,6004,8.615929203539820
74.2,145,108.4,72,14.0,6004,20.164601769911500
74.2,145,108.4,72,24.0,6004,32.99646017699120
72.4,141,105.6,72,0.0,5667,0.4000000000000060
72.4,141,105.6,72,5.0,5667,6.638938053097350
72.4,141,105.6,72,14.0,5667,17.869026548672600
72.4,141,105.6,72,24.0,5667,30.346902654867300
71.1,142,104.7,72,0.0,5424,-0.9000000000000060
71.1,142,104.7,72,5.0,5424,5.383185840707950
71.1,142,104.7,72,14.0,5424,16.692920353982300
71.1,142,104.7,72,24.0,5424,29.259292035398200
70.8,140,103.7,72,0.0,5208,-1.2000000000000000
70.8,140,103.7,72,5.0,5208,4.9946902654867200
70.8,140,103.7,72,14.0,5208,16.145132743362800
70.8,140,103.7,72,24.0,5208,28.534513274336300
67.5,134,99.0,72,0.0,4745,-4.5
67.5,134,99.0,72,5.0,4745,1.429203539823010
67.5,134,99.0,72,14.0,4745,12.10176991150440
67.5,134,99.0,72,24.0,4745,23.960176991150400
64.6,130,95.1,72,0.0,4324,-7.400000000000010
64.6,130,95.1,72,5.0,4324,-1.6477876106194700
64.6,130,95.1,72,14.0,4324,8.706194690265480
64.6,130,95.1,72,24.0,4324,20.21061946902650
74.3,135,99.3,71,0.0,7215,3.300000000000000
74.3,135,99.3,71,5.0,7215,9.27345132743362
74.3,135,99.3,71,14.0,7215,20.025663716814200
74.3,135,99.3,71,24.0,7215,31.97256637168140
71.5,128,95.2,71,0.0,6658,0.5
71.5,128,95.2,71,5.0,6658,6.163716814159290
71.5,128,95.2,71,14.0,6658,16.358407079646000
71.5,128,95.2,71,24.0,6658,27.6858407079646
69.8,123,92.6,71,0.0,6329,-1.2000000000000000
69.8,123,92.6,71,5.0,6329,4.242477876106190
69.8,123,92.6,71,14.0,6329,14.03893805309730
69.8,123,92.6,71,24.0,6329,24.92389380530970
68.4,120,90.7,71,0.0,6089,-2.5999999999999900
68.4,120,90.7,71,5.0,6089,2.7097345132743400
68.4,120,90.7,71,14.0,6089,12.267256637168100
68.4,120,90.7,71,24.0,6089,22.886725663716800
66.5,115,87.9,71,0.0,5661,-4.5
66.5,115,87.9,71,5.0,5661,0.5884955752212450
66.5,115,87.9,71,14.0,5661,9.747787610619470
66.5,115,87.9,71,24.0,5661,19.924778761061900
63.6,107,83.5,71,0.0,5079,-7.400000000000000
63.6,107,83.5,71,5.0,5079,-2.665486725663710
63.6,107,83.5,71,14.0,5079,5.856637168141590
63.6,107,83.5,71,24.0,5079,15.325663716814200
74.0,129,104.3,71,0.0,6089,3.0
74.0,129,104.3,71,5.0,6089,8.707964601769920
74.0,129,104.3,71,14.0,6089,18.982300884955700
74.0,129,104.3,71,24.0,6089,30.39823008849560
71.7,123,100.7,71,0.0,5661,0.7000000000000030
71.7,123,100.7,71,5.0,5661,6.142477876106200
71.7,123,100.7,71,14.0,5661,15.938938053097300
71.7,123,100.7,71,24.0,5661,26.823893805309700
68.2,115,95.2,71,0.0,5079,-2.800000000000000
68.2,115,95.2,71,5.0,5079,2.2884955752212500
68.2,115,95.2,71,14.0,5079,11.447787610619500
68.2,115,95.2,71,24.0,5079,21.624778761061900
70.2,122,92.9,72,0.0,6551,-1.8000000000000000
70.2,122,92.9,72,5.0,6551,3.5982300884955800
70.2,122,92.9,72,14.0,6551,13.315044247787600
70.2,122,92.9,72,24.0,6551,24.111504424778800
68.6,120,90.8,72,0.0,6186,-3.4000000000000100
68.6,120,90.8,72,5.0,6186,1.90973451327433
68.6,120,90.8,72,14.0,6186,11.467256637168100
68.6,120,90.8,72,24.0,6186,22.086725663716800
66.1,115,87.4,72,0.0,5612,-5.900000000000010
66.1,115,87.4,72,5.0,5612,-0.8115044247787610
66.1,115,87.4,72,14.0,5612,8.347787610619460
66.1,115,87.4,72,24.0,5612,18.52477876106190
63.2,108,83.3,72,0.0,4965,-8.800000000000000
63.2,108,83.3,72,5.0,4965,-4.021238938053090
63.2,108,83.3,72,14.0,4965,4.5805309734513300
63.2,108,83.3,72,24.0,4965,14.138053097345100
70.9,122,99.6,72,0.0,5612,-1.0999999999999900
70.9,122,99.6,72,5.0,5612,4.298230088495590
70.9,122,99.6,72,14.0,5612,14.015044247787600
70.9,122,99.6,72,24.0,5612,24.81150442477880
67.2,114,94.1,72,0.0,4965,-4.800000000000000
67.2,114,94.1,72,5.0,4965,0.24424778761061800
67.2,114,94.1,72,14.0,4965,9.323893805309740
67.2,114,94.1,72,24.0,4965,19.412389380531000
68.2,123,91.0,71,0.0,5945,-2.800000000000000
68.2,123,91.0,71,5.0,5945,2.6424778761062000
68.2,123,91.0,71,14.0,5945,12.438938053097300
68.2,123,91.0,71,24.0,5945,23.323893805309700
66.9,117,88.5,71,0.0,5623,-4.099999999999990
66.9,117,88.5,71,5.0,5623,1.0769911504424800
66.9,117,88.5,71,14.0,5623,10.395575221238900
66.9,117,88.5,71,24.0,5623,20.749557522123900
65.0,112,85.8,71,0.0,5146,-6.0
65.0,112,85.8,71,5.0,5146,-1.0442477876106200
65.0,112,85.8,71,14.0,5146,7.876106194690270
65.0,112,85.8,71,24.0,5146,17.787610619469000
69.9,125,99.4,71,0.0,5185,-1.0999999999999900
69.9,125,99.4,71,5.0,5185,4.430973451327450
69.9,125,99.4,71,14.0,5185,14.386725663716800
69.9,125,99.4,71,24.0,5185,25.448672566371700
67.0,110,92.9,69,0.0,4510,-2.0
67.0,110,92.9,69,5.0,4510,2.86725663716814
67.0,110,92.9,69,14.0,4510,11.628318584070800
67.0,110,92.9,69,24.0,4510,21.362831858407100
72.8,123,101.6,72,0.0,5780,0.7999999999999970
72.8,123,101.6,72,5.0,5780,6.242477876106190
72.8,123,101.6,72,14.0,5780,16.03893805309730
72.8,123,101.6,72,24.0,5780,26.92389380530970
66.8,109,92.4,70,0.0,4769,-3.200000000000000
66.8,109,92.4,70,5.0,4769,1.6230088495575200
66.8,109,92.4,70,14.0,4769,10.30442477876110
66.8,109,92.4,70,24.0,4769,19.950442477876100
70.2,120,92.5,70,0.0,6492,0.20000000000000300
70.2,120,92.5,70,5.0,6492,5.5097345132743400
70.2,120,92.5,70,14.0,6492,15.067256637168100
70.2,120,92.5,70,24.0,6492,25.686725663716800
68.9,118,90.7,70,0.0,6243,-1.0999999999999900
68.9,118,90.7,70,5.0,6243,4.1212389380531000
68.9,118,90.7,70,14.0,6243,13.519469026548700
68.9,118,90.7,70,24.0,6243,23.961946902654900
67.8,116,89.3,70,0.0,6021,-2.200000000000000
67.8,116,89.3,70,5.0,6021,2.9327433628318600
67.8,116,89.3,70,14.0,6021,12.1716814159292
67.8,116,89.3,70,24.0,6021,22.43716814159290
67.0,114,88.2,70,0.0,5848,-3.0
67.0,114,88.2,70,5.0,5848,2.0442477876106200
67.0,114,88.2,70,14.0,5848,11.123893805309700
67.0,114,88.2,70,24.0,5848,21.212389380531000
65.9,113,86.9,70,0.0,5659,-4.099999999999990
65.9,113,86.9,70,5.0,5659,0.9000000000000060
65.9,113,86.9,70,14.0,5659,9.900000000000010
65.9,113,86.9,70,24.0,5659,19.900000000000000
64.5,108,84.6,70,0.0,5388,-5.5
64.5,108,84.6,70,5.0,5388,-0.7212389380530910
64.5,108,84.6,70,14.0,5388,7.880530973451330
64.5,108,84.6,70,24.0,5388,17.438053097345100
63.3,104,82.5,70,0.0,5111,-6.700000000000000
63.3,104,82.5,70,5.0,5111,-2.0982300884955800
63.3,104,82.5,70,14.0,5111,6.184955752212390
63.3,104,82.5,70,24.0,5111,15.388495575221200
60.3,85,76.1,65,0.0,4124,-4.700000000000000
60.3,85,76.1,65,5.0,4124,-0.9389380530973460
60.3,85,76.1,65,14.0,4124,5.830973451327420
60.3,85,76.1,65,24.0,4124,13.353097345132700
73.6,133,104.9,72,0.0,6021,1.5999999999999900
73.6,133,104.9,72,5.0,6021,7.484955752212390
73.6,133,104.9,72,14.0,6021,18.07787610619470
73.6,133,104.9,72,24.0,6021,29.847787610619500
72.5,130,103.0,72,0.0,5848,0.5
72.5,130,103.0,72,5.0,5848,6.2522123893805300
72.5,130,103.0,72,14.0,5848,16.606194690265500
72.5,130,103.0,72,24.0,5848,28.110619469026500
71.3,127,101.2,72,0.0,5659,-0.7000000000000030
71.3,127,101.2,72,5.0,5659,4.9194690265486700
71.3,127,101.2,72,14.0,5659,15.034513274336300
71.3,127,101.2,72,24.0,5659,26.273451327433600
69.5,123,98.4,72,0.0,5388,-2.5
69.5,123,98.4,72,5.0,5388,2.942477876106200
69.5,123,98.4,72,14.0,5388,12.738938053097300
69.5,123,98.4,72,24.0,5388,23.623893805309700
67.9,121,96.3,72,0.0,5111,-4.099999999999990
67.9,121,96.3,72,5.0,5111,1.2539823008849600
67.9,121,96.3,72,14.0,5111,10.89115044247790
67.9,121,96.3,72,24.0,5111,21.599115044247800
61.7,109,87.4,67,0.0,4124,-5.300000000000000
61.7,109,87.4,67,5.0,4124,-0.47699115044247300
61.7,109,87.4,67,14.0,4124,8.204424778761070
61.7,109,87.4,67,24.0,4124,17.8504424778761
67.9,128,91.7,69,0.0,5617,-1.0999999999999900
67.9,128,91.7,69,5.0,5617,4.563716814159290
67.9,128,91.7,69,14.0,5617,14.75840707964600
67.9,128,91.7,69,24.0,5617,26.085840707964600
66.2,122,88.8,69,0.0,5302,-2.800000000000000
66.2,122,88.8,69,5.0,5302,2.5982300884955800
66.2,122,88.8,69,14.0,5302,12.315044247787600
66.2,122,88.8,69,24.0,5302,23.111504424778800
65.4,116,87.0,69,0.0,5124,-3.5999999999999900
65.4,116,87.0,69,5.0,5124,1.5327433628318700
65.4,116,87.0,69,14.0,5124,10.771681415929200
65.4,116,87.0,69,24.0,5124,21.03716814159290
73.8,132,104.9,70,0.0,5617,3.800000000000000
73.8,132,104.9,70,5.0,5617,9.640707964601770
73.8,132,104.9,70,14.0,5617,20.153982300885000
73.8,132,104.9,70,24.0,5617,31.835398230088500
71.4,127,101.3,70,0.0,5302,1.4000000000000100
71.4,127,101.3,70,5.0,5302,7.019469026548680
71.4,127,101.3,70,14.0,5302,17.134513274336300
71.4,127,101.3,70,24.0,5302,28.373451327433600
70.2,123,99.1,70,0.0,5124,0.20000000000000300
70.2,123,99.1,70,5.0,5124,5.642477876106200
70.2,123,99.1,70,14.0,5124,15.438938053097300
70.2,123,99.1,70,24.0,5124,26.323893805309700
71.4,122,94.0,72,0.0,6651,-0.5999999999999940
71.4,122,94.0,72,5.0,6651,4.798230088495590
71.4,122,94.0,72,14.0,6651,14.515044247787600
71.4,122,94.0,72,24.0,6651,25.31150442477880
70.3,119,92.4,72,0.0,6402,-1.7000000000000000
70.3,119,92.4,72,5.0,6402,3.5654867256637200
70.3,119,92.4,72,14.0,6402,13.043362831858400
70.3,119,92.4,72,24.0,6402,23.574336283185800
69.2,118,91.2,72,0.0,6239,-2.800000000000000
69.2,118,91.2,72,5.0,6239,2.421238938053110
69.2,118,91.2,72,14.0,6239,11.819469026548700
69.2,118,91.2,72,24.0,6239,22.26194690265490
68.3,116,89.9,72,0.0,6081,-3.700000000000000
68.3,116,89.9,72,5.0,6081,1.4327433628318600
68.3,116,89.9,72,14.0,6081,10.6716814159292
68.3,116,89.9,72,24.0,6081,20.93716814159290
67.3,115,88.5,72,0.0,5876,-4.700000000000000
67.3,115,88.5,72,5.0,5876,0.388495575221242
67.3,115,88.5,72,14.0,5876,9.547787610619470
67.3,115,88.5,72,24.0,5876,19.72477876106190
66.4,111,87.0,72,0.0,5658,-5.599999999999990
66.4,111,87.0,72,5.0,5658,-0.6884955752212390
66.4,111,87.0,72,14.0,5658,8.152212389380540
66.4,111,87.0,72,24.0,5658,17.97522123893810
75.2,133,106.6,72,0.0,6239,3.200000000000000
75.2,133,106.6,72,5.0,6239,9.084955752212390
75.2,133,106.6,72,14.0,6239,19.677876106194700
75.2,133,106.6,72,24.0,6239,31.44778761061950
74.3,132,105.4,72,0.0,6081,2.300000000000000
74.3,132,105.4,72,5.0,6081,8.140707964601770
74.3,132,105.4,72,14.0,6081,18.653982300885000
74.3,132,105.4,72,24.0,6081,30.335398230088500
73.5,128,103.5,72,0.0,5876,1.5
73.5,128,103.5,72,5.0,5876,7.163716814159290
73.5,128,103.5,72,14.0,5876,17.358407079646000
73.5,128,103.5,72,24.0,5876,28.6858407079646
72.2,122,100.9,72,0.0,5658,0.20000000000000300
72.2,122,100.9,72,5.0,5658,5.598230088495580
72.2,122,100.9,72,14.0,5658,15.315044247787600
72.2,122,100.9,72,24.0,5658,26.111504424778800
71.4,119,99.4,72,0.0,5364,-0.5999999999999940
71.4,119,99.4,72,5.0,5364,4.665486725663730
71.4,119,99.4,72,14.0,5364,14.143362831858400
71.4,119,99.4,72,24.0,5364,24.674336283185900
69.0,121,91.4,70,0.0,6323,-1.0
69.0,121,91.4,70,5.0,6323,4.353982300884950
69.0,121,91.4,70,14.0,6323,13.991150442477900
69.0,121,91.4,70,24.0,6323,24.69911504424780
68.4,119,90.5,70,0.0,6173,-1.5999999999999900
68.4,119,90.5,70,5.0,6173,3.665486725663730
68.4,119,90.5,70,14.0,6173,13.143362831858400
68.4,119,90.5,70,24.0,6173,23.674336283185900
67.7,118,89.6,70,0.0,6039,-2.300000000000000
67.7,118,89.6,70,5.0,6039,2.921238938053110
67.7,118,89.6,70,14.0,6039,12.319469026548700
67.7,118,89.6,70,24.0,6039,22.76194690265490
66.2,115,87.5,70,0.0,5739,-3.800000000000000
66.2,115,87.5,70,5.0,5739,1.2884955752212500
66.2,115,87.5,70,14.0,5739,10.447787610619500
66.2,115,87.5,70,24.0,5739,20.624778761061900
64.7,113,85.6,70,0.0,5455,-5.300000000000000
64.7,113,85.6,70,5.0,5455,-0.29999999999999700
64.7,113,85.6,70,14.0,5455,8.700000000000000
64.7,113,85.6,70,24.0,5455,18.700000000000000
64.2,111,84.8,70,0.0,5344,-5.800000000000000
64.2,111,84.8,70,5.0,5344,-0.888495575221242
64.2,111,84.8,70,14.0,5344,7.952212389380530
64.2,111,84.8,70,24.0,5344,17.77522123893810
63.8,106,83.5,70,0.0,5166,-6.200000000000000
63.8,106,83.5,70,5.0,5166,-1.5097345132743400
63.8,106,83.5,70,14.0,5166,6.932743362831860
63.8,106,83.5,70,24.0,5166,16.313274336283200
75.2,132,106.2,71,0.0,6323,4.200000000000000
75.2,132,106.2,71,5.0,6323,10.04070796460180
75.2,132,106.2,71,14.0,6323,20.553982300885000
75.2,132,106.2,71,24.0,6323,32.23539823008850
74.3,131,105.2,71,0.0,6173,3.300000000000000
74.3,131,105.2,71,5.0,6173,9.096460176991140
74.3,131,105.2,71,14.0,6173,19.530088495575200
74.3,131,105.2,71,24.0,6173,31.12300884955750
73.5,130,104.2,71,0.0,6039,2.5
73.5,130,104.2,71,5.0,6039,8.252212389380530
73.5,130,104.2,71,14.0,6039,18.606194690265500
73.5,130,104.2,71,24.0,6039,30.110619469026500
71.5,126,101.2,71,0.0,5719,0.5
71.5,126,101.2,71,5.0,5719,6.075221238938060
71.5,126,101.2,71,14.0,5719,16.110619469026500
71.5,126,101.2,71,24.0,5719,27.261061946902700
70.0,124,99.1,71,0.0,5455,-1.0
70.0,124,99.1,71,5.0,5455,4.486725663716810
70.0,124,99.1,71,14.0,5455,14.362831858407100
70.0,124,99.1,71,24.0,5455,25.3362831858407
69.1,123,98.2,71,0.0,5344,-1.9000000000000100
69.1,123,98.2,71,5.0,5344,3.54247787610619
69.1,123,98.2,71,14.0,5344,13.338938053097300
69.1,123,98.2,71,24.0,5344,24.22389380530970
68.3,120,96.6,71,0.0,5166,-2.700000000000000
68.3,120,96.6,71,5.0,5166,2.609734513274330
68.3,120,96.6,71,14.0,5166,12.167256637168100
68.3,120,96.6,71,24.0,5166,22.786725663716800
71.0,130,95.2,72,0.0,6517,-1.0
71.0,130,95.2,72,5.0,6517,4.7522123893805300
71.0,130,95.2,72,14.0,6517,15.106194690265500
71.0,130,95.2,72,24.0,6517,26.610619469026500
68.2,124,91.1,72,0.0,6000,-3.800000000000000
68.2,124,91.1,72,5.0,6000,1.686725663716810
68.2,124,91.1,72,14.0,6000,11.56283185840710
68.2,124,91.1,72,24.0,6000,22.536283185840700
66.0,112,86.7,72,0.0,5394,-6.0
66.0,112,86.7,72,5.0,5394,-1.0442477876106200
66.0,112,86.7,72,14.0,5394,7.876106194690270
66.0,112,86.7,72,24.0,5394,17.787610619469000
69.1,115,96.3,72,0.0,5134,-2.9000000000000100
69.1,115,96.3,72,5.0,5134,2.188495575221240
69.1,115,96.3,72,14.0,5134,11.347787610619500
69.1,115,96.3,72,24.0,5134,21.52477876106190
70.7,128,94.5,70,0.0,6483,0.7000000000000030
70.7,128,94.5,70,5.0,6483,6.3637168141592900
70.7,128,94.5,70,14.0,6483,16.558407079646000
70.7,128,94.5,70,24.0,6483,27.885840707964600
69.7,128,93.4,70,0.0,6352,-0.29999999999999700
69.7,128,93.4,70,5.0,6352,5.3637168141592900
69.7,128,93.4,70,14.0,6352,15.558407079646000
69.7,128,93.4,70,24.0,6352,26.885840707964600
69.1,126,92.5,70,0.0,6249,-0.9000000000000060
69.1,126,92.5,70,5.0,6249,4.67522123893805
69.1,126,92.5,70,14.0,6249,14.71061946902650
69.1,126,92.5,70,24.0,6249,25.86106194690270
67.3,123,90.1,70,0.0,5854,-2.700000000000000
67.3,123,90.1,70,5.0,5854,2.742477876106190
67.3,123,90.1,70,14.0,5854,12.53893805309730
67.3,123,90.1,70,24.0,5854,23.42389380530970
66.1,119,88.3,70,0.0,5621,-3.9000000000000100
66.1,119,88.3,70,5.0,5621,1.3654867256637100
66.1,119,88.3,70,14.0,5621,10.8433628318584
66.1,119,88.3,70,24.0,5621,21.37433628318580
63.7,117,85.4,70,0.0,5165,-6.300000000000000
63.7,117,85.4,70,5.0,5165,-1.1230088495575200
63.7,117,85.4,70,14.0,5165,8.19557522123894
63.7,117,85.4,70,24.0,5165,18.549557522123900
62.3,114,83.4,70,0.0,4769,-7.700000000000000
62.3,114,83.4,70,5.0,4769,-2.6557522123893900
62.3,114,83.4,70,14.0,4769,6.423893805309730
62.3,114,83.4,70,24.0,4769,16.512389380531000
75.3,140,108.3,71,0.0,6249,4.300000000000000
75.3,140,108.3,71,5.0,6249,10.494690265486700
75.3,140,108.3,71,14.0,6249,21.645132743362800
75.3,140,108.3,71,24.0,6249,34.03451327433630
73.2,134,104.8,71,0.0,5854,2.200000000000000
73.2,134,104.8,71,5.0,5854,8.12920353982301
73.2,134,104.8,71,14.0,5854,18.801769911504400
73.2,134,104.8,71,24.0,5854,30.66017699115050
71.9,132,102.9,71,0.0,5607,0.9000000000000060
71.9,132,102.9,71,5.0,5607,6.740707964601780
71.9,132,102.9,71,14.0,5607,17.253982300885000
71.9,132,102.9,71,24.0,5607,28.93539823008850
69.1,124,98.2,71,0.0,5151,-1.9000000000000100
69.1,124,98.2,71,5.0,5151,3.5867256637168100
69.1,124,98.2,71,14.0,5151,13.462831858407100
69.1,124,98.2,71,24.0,5151,24.436283185840700
66.8,115,94.0,71,0.0,4769,-4.200000000000000
66.8,115,94.0,71,5.0,4769,0.888495575221242
66.8,115,94.0,71,14.0,4769,10.047787610619500
66.8,115,94.0,71,24.0,4769,20.22477876106190
73.2,131,97.5,71,0.0,7145,2.200000000000000
73.2,131,97.5,71,5.0,7145,7.99646017699115
73.2,131,97.5,71,14.0,7145,18.43008849557520
73.2,131,97.5,71,24.0,7145,30.023008849557500
71.4,130,95.6,71,0.0,6842,0.4000000000000060
71.4,130,95.6,71,5.0,6842,6.152212389380540
71.4,130,95.6,71,14.0,6842,16.506194690265500
71.4,130,95.6,71,24.0,6842,28.01061946902660
70.6,128,94.4,71,0.0,6619,-0.4000000000000060
70.6,128,94.4,71,5.0,6619,5.263716814159280
70.6,128,94.4,71,14.0,6619,15.458407079646000
70.6,128,94.4,71,24.0,6619,26.785840707964600
69.4,125,92.6,71,0.0,6420,-1.5999999999999900
69.4,125,92.6,71,5.0,6420,3.9309734513274500
69.4,125,92.6,71,14.0,6420,13.886725663716800
69.4,125,92.6,71,24.0,6420,24.948672566371700
68.9,122,91.5,71,0.0,6291,-2.0999999999999900
68.9,122,91.5,71,5.0,6291,3.298230088495590
68.9,122,91.5,71,14.0,6291,13.015044247787600
68.9,122,91.5,71,24.0,6291,23.81150442477880
67.1,118,89.0,71,0.0,5871,-3.9000000000000100
67.1,118,89.0,71,5.0,5871,1.3212389380530900
67.1,118,89.0,71,14.0,5871,10.719469026548700
67.1,118,89.0,71,24.0,5871,21.16194690265490
65.3,111,85.9,71,0.0,5487,-5.700000000000000
65.3,111,85.9,71,5.0,5487,-0.7884955752212480
65.3,111,85.9,71,14.0,5487,8.052212389380530
65.3,111,85.9,71,24.0,5487,17.875221238938100
76.7,139,109.5,71,0.0,6619,5.700000000000000
76.7,139,109.5,71,5.0,6619,11.850442477876100
76.7,139,109.5,71,14.0,6619,22.921238938053100
76.7,139,109.5,71,24.0,6619,35.2221238938053
75.6,137,107.9,71,0.0,6420,4.599999999999990
75.6,137,107.9,71,5.0,6420,10.661946902654900
75.6,137,107.9,71,14.0,6420,21.573451327433600
75.6,137,107.9,71,24.0,6420,33.69734513274340
74.9,136,107.0,71,0.0,6291,3.9000000000000100
74.9,136,107.0,71,5.0,6291,9.917699115044260
74.9,136,107.0,71,14.0,6291,20.749557522123900
74.9,136,107.0,71,24.0,6291,32.7849557522124
72.6,131,103.3,71,0.0,5871,1.5999999999999900
72.6,131,103.3,71,5.0,5871,7.396460176991140
72.6,131,103.3,71,14.0,5871,17.83008849557520
72.6,131,103.3,71,24.0,5871,29.42300884955750
70.1,125,99.6,71,0.0,5487,-0.9000000000000060
70.1,125,99.6,71,5.0,5487,4.630973451327440
70.1,125,99.6,71,14.0,5487,14.586725663716800
70.1,125,99.6,71,24.0,5487,25.648672566371700
73.3,142,99.7,72,0.0,6777,1.3000000000000000
73.3,142,99.7,72,5.0,6777,7.583185840707960
73.3,142,99.7,72,14.0,6777,18.892920353982300
73.3,142,99.7,72,24.0,6777,31.45929203539820
71.0,136,96.2,72,0.0,6294,-1.0
71.0,136,96.2,72,5.0,6294,5.017699115044250
71.0,136,96.2,72,14.0,6294,15.849557522123900
71.0,136,96.2,72,24.0,6294,27.88495575221240
69.5,131,93.9,72,0.0,6003,-2.5
69.5,131,93.9,72,5.0,6003,3.296460176991150
69.5,131,93.9,72,14.0,6003,13.730088495575200
69.5,131,93.9,72,24.0,6003,25.323008849557500
68.1,124,91.0,72,0.0,5642,-3.9000000000000100
68.1,124,91.0,72,5.0,5642,1.5867256637168100
68.1,124,91.0,72,14.0,5642,11.462831858407100
68.1,124,91.0,72,24.0,5642,22.436283185840700
63.5,111,84.1,72,0.0,4729,-8.5
63.5,111,84.1,72,5.0,4729,-3.588495575221250
63.5,111,84.1,72,14.0,4729,5.2522123893805300
63.5,111,84.1,72,24.0,4729,15.075221238938100
68.1,118,95.9,72,0.0,4729,-3.9000000000000100
68.1,118,95.9,72,5.0,4729,1.3212389380530900
68.1,118,95.9,72,14.0,4729,10.719469026548700
68.1,118,95.9,72,24.0,4729,21.16194690265490
33.6,115,44.3,36,0.0,2990,-2.4000000000000000
33.6,115,44.3,36,5.0,2990,2.688495575221240
33.6,115,44.3,36,14.0,2990,11.84778761061950
33.6,115,44.3,36,24.0,2990,22.024778761062000
32.9,112,43.3,36,0.0,2847,-3.1000000000000000
32.9,112,43.3,36,5.0,2847,1.8557522123893800
32.9,112,43.3,36,14.0,2847,10.776106194690300
32.9,112,43.3,36,24.0,2847,20.687610619469000
32.0,108,42.0,36,0.0,2675,-4.0
32.0,108,42.0,36,5.0,2675,0.7787610619469020
32.0,108,42.0,36,14.0,2675,9.380530973451330
32.0,108,42.0,36,24.0,2675,18.938053097345100
31.3,97,40.3,36,0.0,2469,-4.700000000000000
31.3,97,40.3,36,5.0,2469,-0.4079646017699120
31.3,97,40.3,36,14.0,2469,7.317699115044250
31.3,97,40.3,36,24.0,2469,15.90176991150440
36.3,131,51.7,36,0.0,2990,0.29999999999999700
36.3,131,51.7,36,5.0,2990,6.096460176991140
36.3,131,51.7,36,14.0,2990,16.530088495575200
36.3,131,51.7,36,24.0,2990,28.12300884955750
35.4,126,50.3,36,0.0,2847,-0.6000000000000010
35.4,126,50.3,36,5.0,2847,4.9752212389380500
35.4,126,50.3,36,14.0,2847,15.010619469026600
35.4,126,50.3,36,24.0,2847,26.16106194690270
34.6,123,49.1,36,0.0,2675,-1.4000000000000000
34.6,123,49.1,36,5.0,2675,4.042477876106200
34.6,123,49.1,36,14.0,2675,13.838938053097300
34.6,123,49.1,36,24.0,2675,24.723893805309700
33.5,120,47.7,36,0.0,2469,-2.5
33.5,120,47.7,36,5.0,2469,2.8097345132743400
33.5,120,47.7,36,14.0,2469,12.36725663716810
33.5,120,47.7,36,24.0,2469,22.98672566371680
70.5,124,93.5,72,0.0,6692,-1.5
70.5,124,93.5,72,5.0,6692,3.986725663716810
70.5,124,93.5,72,14.0,6692,13.862831858407100
70.5,124,93.5,72,24.0,6692,24.8362831858407
69.1,121,91.6,72,0.0,6444,-2.9000000000000100
69.1,121,91.6,72,5.0,6444,2.4539823008849500
69.1,121,91.6,72,14.0,6444,12.091150442477900
69.1,121,91.6,72,24.0,6444,22.799115044247800
66.2,110,86.7,72,0.0,5845,-5.800000000000000
66.2,110,86.7,72,5.0,5845,-0.9327433628318570
66.2,110,86.7,72,14.0,5845,7.8283185840708
66.2,110,86.7,72,24.0,5845,17.56283185840710
63.7,103,82.8,72,0.0,5275,-8.300000000000000
63.7,103,82.8,72,5.0,5275,-3.742477876106190
63.7,103,82.8,72,14.0,5275,4.46106194690266
63.7,103,82.8,72,24.0,5275,13.576106194690300
59.4,90,76.2,72,0.0,4036,-12.600000000000000
59.4,90,76.2,72,5.0,4036,-8.617699115044250
59.4,90,76.2,72,14.0,4036,-1.4495575221239000
59.4,90,76.2,72,24.0,4036,6.515044247787610
76.8,139,109.5,73,0.0,6692,3.800000000000000
76.8,139,109.5,73,5.0,6692,9.95044247787611
76.8,139,109.5,73,14.0,6692,21.021238938053100
76.8,139,109.5,73,24.0,6692,33.3221238938053
75.4,136,107.3,73,0.0,6444,2.4000000000000100
75.4,136,107.3,73,5.0,6444,8.417699115044260
75.4,136,107.3,73,14.0,6444,19.249557522123900
75.4,136,107.3,73,24.0,6444,31.284955752212400
72.3,130,102.9,73,0.0,5845,-0.7000000000000030
72.3,130,102.9,73,5.0,5845,5.052212389380530
72.3,130,102.9,73,14.0,5845,15.40619469026550
72.3,130,102.9,73,24.0,5845,26.910619469026500
68.9,122,97.6,72,0.0,5275,-3.0999999999999900
68.9,122,97.6,72,5.0,5275,2.298230088495590
68.9,122,97.6,72,14.0,5275,12.015044247787600
68.9,122,97.6,72,24.0,5275,22.81150442477880
61.5,101,85.3,73,0.0,4036,-11.5
61.5,101,85.3,73,5.0,4036,-7.030973451327440
61.5,101,85.3,73,14.0,4036,1.0132743362831900
61.5,101,85.3,73,24.0,4036,9.951327433628320
57.6,89,78.5,73,0.0,3158,-15.400000000000000
57.6,89,78.5,73,5.0,3158,-11.461946902654900
57.6,89,78.5,73,14.0,3158,-4.373451327433630
57.6,89,78.5,73,24.0,3158,3.5026548672566400
71.0,127,94.8,72,0.0,6530,-1.0
71.0,127,94.8,72,5.0,6530,4.619469026548670
71.0,127,94.8,72,14.0,6530,14.73451327433630
71.0,127,94.8,72,24.0,6530,25.973451327433600
68.8,122,91.4,72,0.0,6068,-3.200000000000000
68.8,122,91.4,72,5.0,6068,2.1982300884955800
68.8,122,91.4,72,14.0,6068,11.915044247787600
68.8,122,91.4,72,24.0,6068,22.711504424778800
74.2,133,105.6,72,0.0,6068,2.200000000000000
74.2,133,105.6,72,5.0,6068,8.084955752212390
74.2,133,105.6,72,14.0,6068,18.677876106194700
74.2,133,105.6,72,24.0,6068,30.44778761061950
68.2,120,96.2,72,0.0,4986,-3.800000000000000
68.2,120,96.2,72,5.0,4986,1.5097345132743400
68.2,120,96.2,72,14.0,4986,11.067256637168100
68.2,120,96.2,72,24.0,4986,21.686725663716800
65.4,105,85.0,70,0.0,5574,-4.599999999999990
65.4,105,85.0,70,5.0,5574,0.04601769911505470
65.4,105,85.0,70,14.0,5574,8.408849557522130
65.4,105,85.0,70,24.0,5574,17.700884955752200
64.4,103,83.6,70,0.0,5348,-5.599999999999990
64.4,103,83.6,70,5.0,5348,-1.0424778761061900
64.4,103,83.6,70,14.0,5348,7.161061946902660
64.4,103,83.6,70,24.0,5348,16.27610619469030
69.0,109,95.0,70,0.0,5348,-1.0
69.0,109,95.0,70,5.0,5348,3.8230088495575200
69.0,109,95.0,70,14.0,5348,12.504424778761100
69.0,109,95.0,70,24.0,5348,22.150442477876100
65.6,102,89.6,70,0.0,4720,-4.400000000000010
65.6,102,89.6,70,5.0,4720,0.11327433628318300
65.6,102,89.6,70,14.0,4720,8.237168141592920
65.6,102,89.6,70,24.0,4720,17.26371681415930
65.7,109,85.9,69,0.0,5444,-3.300000000000000
65.7,109,85.9,69,5.0,5444,1.5230088495575300
65.7,109,85.9,69,14.0,5444,10.204424778761100
65.7,109,85.9,69,24.0,5444,19.8504424778761
65.1,108,85.1,69,0.0,5327,-3.9000000000000100
65.1,108,85.1,69,5.0,5327,0.8787610619469040
65.1,108,85.1,69,14.0,5327,9.480530973451320
65.1,108,85.1,69,24.0,5327,19.038053097345100
70.4,113,97.1,69,0.0,5444,1.4000000000000100
70.4,113,97.1,69,5.0,5444,6.400000000000010
70.4,113,97.1,69,14.0,5444,15.400000000000000
70.4,113,97.1,69,24.0,5444,25.400000000000000
69.7,112,96.1,69,0.0,5327,0.7000000000000030
69.7,112,96.1,69,5.0,5327,5.6557522123893900
69.7,112,96.1,69,14.0,5327,14.576106194690300
69.7,112,96.1,69,24.0,5327,24.487610619469000
67.8,108,93.3,69,0.0,4982,-1.2000000000000000
67.8,108,93.3,69,5.0,4982,3.5787610619469100
67.8,108,93.3,69,14.0,4982,12.180530973451300
67.8,108,93.3,69,24.0,4982,21.73805309734510
71.0,119,93.2,72,0.0,6492,-1.0
71.0,119,93.2,72,5.0,6492,4.26548672566372
71.0,119,93.2,72,14.0,6492,13.743362831858400
71.0,119,93.2,72,24.0,6492,24.274336283185800
69.4,115,90.8,72,0.0,6120,-2.5999999999999900
69.4,115,90.8,72,5.0,6120,2.4884955752212500
69.4,115,90.8,72,14.0,6120,11.647787610619500
69.4,115,90.8,72,24.0,6120,21.82477876106200
66.8,109,87.0,72,0.0,5564,-5.200000000000000
66.8,109,87.0,72,5.0,5564,-0.37699115044247800
66.8,109,87.0,72,14.0,5564,8.30442477876106
66.8,109,87.0,72,24.0,5564,17.950442477876100
74.4,127,104.4,72,0.0,6120,2.4000000000000100
74.4,127,104.4,72,5.0,6120,8.019469026548680
74.4,127,104.4,72,14.0,6120,18.134513274336300
74.4,127,104.4,72,24.0,6120,29.373451327433600
71.4,120,99.8,72,0.0,5564,-0.5999999999999940
71.4,120,99.8,72,5.0,5564,4.709734513274340
71.4,120,99.8,72,14.0,5564,14.267256637168100
71.4,120,99.8,72,24.0,5564,24.886725663716800
65.8,112,86.6,66,0.0,5426,-0.20000000000000300
65.8,112,86.6,66,5.0,5426,4.755752212389380
65.8,112,86.6,66,14.0,5426,13.676106194690300
65.8,112,86.6,66,24.0,5426,23.587610619469000
64.8,110,85.2,66,0.0,5208,-1.2000000000000000
64.8,110,85.2,66,5.0,5208,3.667256637168140
64.8,110,85.2,66,14.0,5208,12.428318584070800
64.8,110,85.2,66,24.0,5208,22.162831858407100
69.2,113,95.8,68,0.0,5208,1.2000000000000000
69.2,113,95.8,68,5.0,5208,6.200000000000000
69.2,113,95.8,68,14.0,5208,15.200000000000000
69.2,113,95.8,68,24.0,5208,25.200000000000000
68.2,111,94.4,68,0.0,5006,0.20000000000000300
68.2,111,94.4,68,5.0,5006,5.111504424778760
68.2,111,94.4,68,14.0,5006,13.952212389380500
68.2,111,94.4,68,24.0,5006,23.77522123893810
63.0,104,82.2,66,0.0,4722,-3.0
63.0,104,82.2,66,5.0,4722,1.6017699115044200
63.0,104,82.2,66,14.0,4722,9.884955752212390
63.0,104,82.2,66,24.0,4722,19.08849557522120
64.4,102,88.7,66,0.0,4292,-1.5999999999999900
64.4,102,88.7,66,5.0,4292,2.9132743362831900
64.4,102,88.7,66,14.0,4292,11.037168141592900
64.4,102,88.7,66,24.0,4292,20.063716814159300
69.8,118,91.8,70,0.0,6216,-0.20000000000000300
69.8,118,91.8,70,5.0,6216,5.021238938053100
69.8,118,91.8,70,14.0,6216,14.419469026548700
69.8,118,91.8,70,24.0,6216,24.861946902654900
68.2,114,89.4,70,0.0,5882,-1.8000000000000000
68.2,114,89.4,70,5.0,5882,3.244247787610620
68.2,114,89.4,70,14.0,5882,12.323893805309700
68.2,114,89.4,70,24.0,5882,22.412389380531000
70.0,111,96.2,70,0.0,5206,0.0
70.0,111,96.2,70,5.0,5206,4.911504424778760
70.0,111,96.2,70,14.0,5206,13.752212389380500
70.0,111,96.2,70,24.0,5206,23.575221238938100
62.2,92,79.2,65,0.0,4567,-2.800000000000000
62.2,92,79.2,65,5.0,4567,1.2707964601770000
62.2,92,79.2,65,14.0,4567,8.598230088495580
62.2,92,79.2,65,24.0,4567,16.739823008849600
65.4,104,89.9,68,0.0,4567,-2.5999999999999900
65.4,104,89.9,68,5.0,4567,2.001769911504430
65.4,104,89.9,68,14.0,4567,10.284955752212400
65.4,104,89.9,68,24.0,4567,19.488495575221200
69.4,118,91.4,71,0.0,6043,-1.5999999999999900
69.4,118,91.4,71,5.0,6043,3.6212389380531000
69.4,118,91.4,71,14.0,6043,13.019469026548700
69.4,118,91.4,71,24.0,6043,23.461946902654900
66.7,112,87.4,71,0.0,5499,-4.300000000000000
66.7,112,87.4,71,5.0,5499,0.6557522123893880
66.7,112,87.4,71,14.0,5499,9.576106194690270
66.7,112,87.4,71,24.0,5499,19.487610619469000
71.6,123,100.9,71,0.0,5499,0.5999999999999940
71.6,123,100.9,71,5.0,5499,6.04247787610619
71.6,123,100.9,71,14.0,5499,15.838938053097300
71.6,123,100.9,71,24.0,5499,26.72389380530970
66.9,113,93.8,71,0.0,4653,-4.099999999999990
66.9,113,93.8,71,5.0,4653,0.9000000000000060
66.9,113,93.8,71,14.0,4653,9.900000000000010
66.9,113,93.8,71,24.0,4653,19.900000000000000
73.4,136,98.5,70,0.0,6839,3.4000000000000100
73.4,136,98.5,70,5.0,6839,9.417699115044260
73.4,136,98.5,70,14.0,6839,20.249557522123900
73.4,136,98.5,70,24.0,6839,32.2849557522124
72.3,134,97.2,70,0.0,6613,2.300000000000000
72.3,134,97.2,70,5.0,6613,8.229203539823000
72.3,134,97.2,70,14.0,6613,18.90176991150440
72.3,134,97.2,70,24.0,6613,30.760176991150400
71.7,131,95.9,70,0.0,6464,1.7000000000000000
71.7,131,95.9,70,5.0,6464,7.49646017699115
71.7,131,95.9,70,14.0,6464,17.93008849557520
71.7,131,95.9,70,24.0,6464,29.523008849557500
70.8,129,94.7,70,0.0,6261,0.7999999999999970
70.8,129,94.7,70,5.0,6261,6.507964601769910
70.8,129,94.7,70,14.0,6261,16.782300884955700
70.8,129,94.7,70,24.0,6261,28.198230088495600
69.6,126,93.0,70,0.0,6009,-0.4000000000000060
69.6,126,93.0,70,5.0,6009,5.17522123893805
69.6,126,93.0,70,14.0,6009,15.21061946902650
69.6,126,93.0,70,24.0,6009,26.36106194690270
68.3,123,91.3,70,0.0,5723,-1.7000000000000000
68.3,123,91.3,70,5.0,5723,3.742477876106190
68.3,123,91.3,70,14.0,5723,13.53893805309730
68.3,123,91.3,70,24.0,5723,24.42389380530970
66.8,119,89.0,70,0.0,5401,-3.200000000000000
66.8,119,89.0,70,5.0,5401,2.0654867256637200
66.8,119,89.0,70,14.0,5401,11.543362831858400
66.8,119,89.0,70,24.0,5401,22.074336283185800
76.4,137,108.5,76,0.0,6261,0.4000000000000060
76.4,137,108.5,76,5.0,6261,6.461946902654870
76.4,137,108.5,76,14.0,6261,17.373451327433600
76.4,137,108.5,76,24.0,6261,29.497345132743400
75.0,134,106.3,76,0.0,6009,-1.0
75.0,134,106.3,76,5.0,6009,4.929203539823010
75.0,134,106.3,76,14.0,6009,15.60176991150440
75.0,134,106.3,76,24.0,6009,27.460176991150400
73.4,130,103.8,76,0.0,5723,-2.5999999999999900
73.4,130,103.8,76,5.0,5723,3.152212389380540
73.4,130,103.8,76,14.0,5723,13.506194690265500
73.4,130,103.8,76,24.0,5723,25.01061946902660
71.7,127,101.3,76,0.0,5401,-4.300000000000000
71.7,127,101.3,76,5.0,5401,1.3194690265486700
71.7,127,101.3,76,14.0,5401,11.434513274336300
71.7,127,101.3,76,24.0,5401,22.67345132743360
73.1,131,97.5,72,0.0,6776,1.0999999999999900
73.1,131,97.5,72,5.0,6776,6.896460176991140
73.1,131,97.5,72,14.0,6776,17.33008849557520
73.1,131,97.5,72,24.0,6776,28.92300884955750
70.4,127,93.9,72,0.0,6198,-1.5999999999999900
70.4,127,93.9,72,5.0,6198,4.019469026548680
70.4,127,93.9,72,14.0,6198,14.134513274336300
70.4,127,93.9,72,24.0,6198,25.373451327433600
68.9,123,91.6,72,0.0,5833,-3.0999999999999900
68.9,123,91.6,72,5.0,5833,2.3424778761062000
68.9,123,91.6,72,14.0,5833,12.138938053097300
68.9,123,91.6,72,24.0,5833,23.02389380530970
66.4,119,88.5,72,0.0,5359,-5.599999999999990
66.4,119,88.5,72,5.0,5359,-0.334513274336274
66.4,119,88.5,72,14.0,5359,9.143362831858410
66.4,119,88.5,72,24.0,5359,19.674336283185900
60.5,103,79.6,72,0.0,3842,-11.5
60.5,103,79.6,72,5.0,3842,-6.942477876106200
60.5,103,79.6,72,14.0,3842,1.2610619469026600
60.5,103,79.6,72,24.0,3842,10.376106194690300
76.0,130,106.5,72,0.0,6198,4.0
76.0,130,106.5,72,5.0,6198,9.752212389380530
76.0,130,106.5,72,14.0,6198,20.106194690265500
76.0,130,106.5,72,24.0,6198,31.610619469026500
73.9,126,103.4,72,0.0,5833,1.9000000000000100
73.9,126,103.4,72,5.0,5833,7.475221238938060
73.9,126,103.4,72,14.0,5833,17.51061946902660
73.9,126,103.4,72,24.0,5833,28.661061946902700
71.3,120,99.5,72,0.0,5359,-0.7000000000000030
71.3,120,99.5,72,5.0,5359,4.609734513274330
71.3,120,99.5,72,14.0,5359,14.167256637168100
71.3,120,99.5,72,24.0,5359,24.786725663716800
62.8,107,88.0,72,0.0,3841,-9.200000000000000
62.8,107,88.0,72,5.0,3841,-4.465486725663720
62.8,107,88.0,72,14.0,3841,4.056637168141590
62.8,107,88.0,72,24.0,3841,13.525663716814200
59.6,93,76.9,60,0.0,3612,-0.3999999999999990
59.6,93,76.9,60,5.0,3612,3.7150442477876100
59.6,93,76.9,60,14.0,3612,11.122123893805300
59.6,93,76.9,60,24.0,3612,19.352212389380500
60.6,96,83.1,60,0.0,3612,0.6000000000000010
60.6,96,83.1,60,5.0,3612,4.847787610619460
60.6,96,83.1,60,14.0,3612,12.493805309734500
60.6,96,83.1,60,24.0,3612,20.98938053097350
58.5,90,79.7,60,0.0,3099,-1.5
58.5,90,79.7,60,5.0,3099,2.4823008849557600
58.5,90,79.7,60,14.0,3099,9.650442477876110
58.5,90,79.7,60,24.0,3099,17.61504424778760
68.2,120,90.4,72,0.0,5813,-3.800000000000000
68.2,120,90.4,72,5.0,5813,1.5097345132743400
68.2,120,90.4,72,14.0,5813,11.067256637168100
68.2,120,90.4,72,24.0,5813,21.686725663716800
66.5,117,88.3,72,0.0,5478,-5.5
66.5,117,88.3,72,5.0,5478,-0.3230088495575250
66.5,117,88.3,72,14.0,5478,8.995575221238940
66.5,117,88.3,72,24.0,5478,19.349557522123900
63.9,109,84.0,72,0.0,4961,-8.100000000000000
63.9,109,84.0,72,5.0,4961,-3.276991150442480
63.9,109,84.0,72,14.0,4961,5.404424778761050
63.9,109,84.0,72,24.0,4961,15.050442477876100
73.4,131,104.3,71,0.0,5813,2.4000000000000100
73.4,131,104.3,71,5.0,5813,8.196460176991150
73.4,131,104.3,71,14.0,5813,18.630088495575200
73.4,131,104.3,71,24.0,5813,30.22300884955750
71.5,127,101.5,71,0.0,5478,0.5
71.5,127,101.5,71,5.0,5478,6.119469026548670
71.5,127,101.5,71,14.0,5478,16.23451327433630
71.5,127,101.5,71,24.0,5478,27.473451327433600
68.1,118,95.9,71,0.0,4961,-2.9000000000000100
68.1,118,95.9,71,5.0,4961,2.321238938053090
68.1,118,95.9,71,14.0,4961,11.719469026548700
68.1,118,95.9,71,24.0,4961,22.16194690265490
72.0,130,96.1,72,0.0,6475,0.0
72.0,130,96.1,72,5.0,6475,5.7522123893805300
72.0,130,96.1,72,14.0,6475,16.106194690265500
72.0,130,96.1,72,24.0,6475,27.610619469026500
70.6,127,94.1,72,0.0,6164,-1.4000000000000100
70.6,127,94.1,72,5.0,6164,4.219469026548670
70.6,127,94.1,72,14.0,6164,14.334513274336300
70.6,127,94.1,72,24.0,6164,25.573451327433600
67.1,121,89.5,72,0.0,5414,-4.900000000000010
67.1,121,89.5,72,5.0,5414,0.4539823008849450
67.1,121,89.5,72,14.0,5414,10.091150442477900
67.1,121,89.5,72,24.0,5414,20.799115044247800
65.5,118,87.3,72,0.0,5053,-6.5
65.5,118,87.3,72,5.0,5053,-1.2787610619469100
65.5,118,87.3,72,14.0,5053,8.119469026548670
65.5,118,87.3,72,24.0,5053,18.561946902654900
76.4,128,106.6,72,0.0,6164,4.400000000000010
76.4,128,106.6,72,5.0,6164,10.063716814159300
76.4,128,106.6,72,14.0,6164,20.25840707964600
76.4,128,106.6,72,24.0,6164,31.585840707964600
72.2,119,100.3,72,0.0,5414,0.20000000000000300
72.2,119,100.3,72,5.0,5414,5.465486725663720
72.2,119,100.3,72,14.0,5414,14.943362831858400
72.2,119,100.3,72,24.0,5414,25.47433628318590
70.2,115,97.4,72,0.0,5053,-1.8000000000000000
70.2,115,97.4,72,5.0,5053,3.2884955752212500
70.2,115,97.4,72,14.0,5053,12.447787610619500
70.2,115,97.4,72,24.0,5053,22.624778761061900
70.4,126,93.8,71,0.0,6259,-0.5999999999999940
70.4,126,93.8,71,5.0,6259,4.975221238938060
70.4,126,93.8,71,14.0,6259,15.010619469026600
70.4,126,93.8,71,24.0,6259,26.161061946902700
69.3,123,92.1,71,0.0,6059,-1.7000000000000000
69.3,123,92.1,71,5.0,6059,3.742477876106190
69.3,123,92.1,71,14.0,6059,13.53893805309730
69.3,123,92.1,71,24.0,6059,24.42389380530970
66.3,117,88.1,71,0.0,5411,-4.700000000000000
66.3,117,88.1,71,5.0,5411,0.47699115044247300
66.3,117,88.1,71,14.0,5411,9.795575221238930
66.3,117,88.1,71,24.0,5411,20.1495575221239
76.4,131,107.2,71,0.0,6259,5.400000000000010
76.4,131,107.2,71,5.0,6259,11.196460176991200
76.4,131,107.2,71,14.0,6259,21.630088495575200
76.4,131,107.2,71,24.0,6259,33.22300884955750
75.3,128,105.5,71,0.0,6059,4.300000000000000
75.3,128,105.5,71,5.0,6059,9.963716814159280
75.3,128,105.5,71,14.0,6059,20.15840707964600
75.3,128,105.5,71,24.0,6059,31.4858407079646
71.6,121,100.0,71,0.0,5411,0.5999999999999940
71.6,121,100.0,71,5.0,5411,5.953982300884950
71.6,121,100.0,71,14.0,5411,15.591150442477900
71.6,121,100.0,71,24.0,5411,26.299115044247800
69.5,120,91.8,70,0.0,6229,-0.5
69.5,120,91.8,70,5.0,6229,4.809734513274340
69.5,120,91.8,70,14.0,6229,14.36725663716810
69.5,120,91.8,70,24.0,6229,24.98672566371680
68.4,118,90.3,70,0.0,5969,-1.5999999999999900
68.4,118,90.3,70,5.0,5969,3.6212389380531000
68.4,118,90.3,70,14.0,5969,13.019469026548700
68.4,118,90.3,70,24.0,5969,23.461946902654900
64.9,112,85.6,70,0.0,5222,-5.099999999999990
64.9,112,85.6,70,5.0,5222,-0.14424778761061000
64.9,112,85.6,70,14.0,5222,8.776106194690270
64.9,112,85.6,70,24.0,5222,18.68761061946900
63.2,107,83.1,70,0.0,4775,-6.800000000000000
63.2,107,83.1,70,5.0,4775,-2.0654867256637200
63.2,107,83.1,70,14.0,4775,6.456637168141600
63.2,107,83.1,70,24.0,4775,15.92566371681420
75.4,129,105.8,70,0.0,6229,5.400000000000010
75.4,129,105.8,70,5.0,6229,11.107964601769900
75.4,129,105.8,70,14.0,6229,21.382300884955800
75.4,129,105.8,70,24.0,6229,32.798230088495600
73.9,127,103.7,70,0.0,5969,3.9000000000000100
73.9,127,103.7,70,5.0,5969,9.519469026548680
73.9,127,103.7,70,14.0,5969,19.634513274336300
73.9,127,103.7,70,24.0,5969,30.873451327433600
69.7,118,97.4,70,0.0,5222,-0.29999999999999700
69.7,118,97.4,70,5.0,5222,4.921238938053110
69.7,118,97.4,70,14.0,5222,14.319469026548700
69.7,118,97.4,70,24.0,5222,24.76194690265490
67.3,112,93.7,70,0.0,4775,-2.700000000000000
67.3,112,93.7,70,5.0,4775,2.255752212389380
67.3,112,93.7,70,14.0,4775,11.176106194690300
67.3,112,93.7,70,24.0,4775,21.087610619469000
72.3,132,96.8,72,0.0,6548,0.29999999999999700
72.3,132,96.8,72,5.0,6548,6.1407079646017700
72.3,132,96.8,72,14.0,6548,16.653982300885000
72.3,132,96.8,72,24.0,6548,28.335398230088500
70.7,131,94.9,72,0.0,6239,-1.3000000000000000
70.7,131,94.9,72,5.0,6239,4.49646017699115
70.7,131,94.9,72,14.0,6239,14.93008849557520
70.7,131,94.9,72,24.0,6239,26.523008849557500
69.2,125,92.4,72,0.0,5879,-2.800000000000000
69.2,125,92.4,72,5.0,5879,2.7309734513274300
69.2,125,92.4,72,14.0,5879,12.686725663716800
69.2,125,92.4,72,24.0,5879,23.74867256637170
67.2,121,89.6,72,0.0,5528,-4.800000000000000
67.2,121,89.6,72,5.0,5528,0.5539823008849540
67.2,121,89.6,72,14.0,5528,10.191150442477900
67.2,121,89.6,72,24.0,5528,20.899115044247800
65.2,111,85.9,72,0.0,5092,-6.800000000000000
65.2,111,85.9,72,5.0,5092,-1.888495575221240
65.2,111,85.9,72,14.0,5092,6.952212389380530
65.2,111,85.9,72,24.0,5092,16.77522123893810
64.9,111,85.6,72,0.0,5034,-7.099999999999990
64.9,111,85.6,72,5.0,5034,-2.188495575221240
64.9,111,85.6,72,14.0,5034,6.652212389380540
64.9,111,85.6,72,24.0,5034,16.47522123893810
76.8,136,108.9,72,0.0,6239,4.800000000000000
76.8,136,108.9,72,5.0,6239,10.817699115044200
76.8,136,108.9,72,14.0,6239,21.6495575221239
76.8,136,108.9,72,24.0,6239,33.68495575221240
74.8,130,105.5,72,0.0,5879,2.800000000000000
74.8,130,105.5,72,5.0,5879,8.552212389380530
74.8,130,105.5,72,14.0,5879,18.90619469026550
74.8,130,105.5,72,24.0,5879,30.410619469026500
72.6,128,102.6,72,0.0,5528,0.5999999999999940
72.6,128,102.6,72,5.0,5528,6.263716814159280
72.6,128,102.6,72,14.0,5528,16.45840707964600
72.6,128,102.6,72,24.0,5528,27.785840707964600
69.9,122,98.5,72,0.0,5092,-2.0999999999999900
69.9,122,98.5,72,5.0,5092,3.298230088495590
69.9,122,98.5,72,14.0,5092,13.015044247787600
69.9,122,98.5,72,24.0,5092,23.81150442477880
69.5,121,97.9,72,0.0,5034,-2.5
69.5,121,97.9,72,5.0,5034,2.853982300884950
69.5,121,97.9,72,14.0,5034,12.491150442477900
69.5,121,97.9,72,24.0,5034,23.19911504424780
71.2,133,95.8,72,0.0,6470,-0.7999999999999970
71.2,133,95.8,72,5.0,6470,5.0849557522123900
71.2,133,95.8,72,14.0,6470,15.677876106194700
71.2,133,95.8,72,24.0,6470,27.44778761061950
69.9,130,94.0,72,0.0,6182,-2.0999999999999900
69.9,130,94.0,72,5.0,6182,3.652212389380540
69.9,130,94.0,72,14.0,6182,14.006194690265500
69.9,130,94.0,72,24.0,6182,25.51061946902660
67.9,125,91.2,72,0.0,5731,-4.099999999999990
67.9,125,91.2,72,5.0,5731,1.4309734513274500
67.9,125,91.2,72,14.0,5731,11.386725663716800
67.9,125,91.2,72,24.0,5731,22.448672566371700
65.7,121,88.2,72,0.0,5247,-6.300000000000000
65.7,121,88.2,72,5.0,5247,-0.9460176991150460
65.7,121,88.2,72,14.0,5247,8.691150442477880
65.7,121,88.2,72,24.0,5247,19.399115044247800
76.1,132,107.3,74,0.0,6182,2.0999999999999900
76.1,132,107.3,74,5.0,6182,7.940707964601770
76.1,132,107.3,74,14.0,6182,18.453982300884900
76.1,132,107.3,74,24.0,6182,30.135398230088500
70.9,124,99.7,74,0.0,5247,-3.0999999999999900
70.9,124,99.7,74,5.0,5247,2.386725663716820
70.9,124,99.7,74,14.0,5247,12.262831858407100
70.9,124,99.7,74,24.0,5247,23.236283185840700
70.1,123,98.9,74,0.0,5117,-3.9000000000000100
70.1,123,98.9,74,5.0,5117,1.5424778761061900
70.1,123,98.9,74,14.0,5117,11.338938053097300
70.1,123,98.9,74,24.0,5117,22.22389380530970
28.5,86,36.5,27,0.0,1530,1.5
28.5,86,36.5,27,5.0,1530,5.305309734513270
28.5,86,36.5,27,14.0,1530,12.154867256637200
28.5,86,36.5,27,24.0,1530,19.76548672566370
26.4,79,33.7,27,0.0,1389,-0.6000000000000010
26.4,79,33.7,27,5.0,1389,2.8955752212389400
26.4,79,33.7,27,14.0,1389,9.187610619469030
26.4,79,33.7,27,24.0,1389,16.1787610619469
25.5,74,32.4,27,0.0,1187,-1.5
25.5,74,32.4,27,5.0,1187,1.7743362831858400
25.5,74,32.4,27,14.0,1187,7.668141592920360
25.5,74,32.4,27,24.0,1187,14.216814159292000
23.8,67,30.0,27,0.0,809,-3.2000000000000000
23.8,67,30.0,27,5.0,809,-0.2353982300884960
23.8,67,30.0,27,14.0,809,5.100884955752210
23.8,67,30.0,27,24.0,809,11.030088495575200
28.5,86,38.6,27,0.0,1530,1.5
28.5,86,38.6,27,5.0,1530,5.305309734513270
28.5,86,38.6,27,14.0,1530,12.154867256637200
28.5,86,38.6,27,24.0,1530,19.76548672566370
27.3,80,36.7,27,0.0,1389,0.3000000000000010
27.3,80,36.7,27,5.0,1389,3.8398230088495600
27.3,80,36.7,27,14.0,1389,10.21150442477880
27.3,80,36.7,27,24.0,1389,17.29115044247790
26.2,75,35.1,27,0.0,1187,-0.8000000000000010
26.2,75,35.1,27,5.0,1187,2.518584070796460
26.2,75,35.1,27,14.0,1187,8.492035398230090
26.2,75,35.1,27,24.0,1187,15.12920353982300
24.1,66,31.9,27,0.0,809,-2.9000000000000000
24.1,66,31.9,27,5.0,809,0.02035398230088600
24.1,66,31.9,27,14.0,809,5.276991150442480
24.1,66,31.9,27,24.0,809,11.117699115044200
73.9,132,98.5,72,0.0,7045,1.9000000000000100
73.9,132,98.5,72,5.0,7045,7.740707964601780
73.9,132,98.5,72,14.0,7045,18.253982300885000
73.9,132,98.5,72,24.0,7045,29.93539823008850
73.0,131,97.3,72,0.0,6840,1.0
73.0,131,97.3,72,5.0,6840,6.796460176991150
73.0,131,97.3,72,14.0,6840,17.230088495575200
73.0,131,97.3,72,24.0,6840,28.823008849557500
71.6,128,95.4,72,0.0,6545,-0.4000000000000060
71.6,128,95.4,72,5.0,6545,5.263716814159280
71.6,128,95.4,72,14.0,6545,15.458407079646000
71.6,128,95.4,72,24.0,6545,26.785840707964600
70.1,126,93.4,72,0.0,6212,-1.9000000000000100
70.1,126,93.4,72,5.0,6212,3.6752212389380500
70.1,126,93.4,72,14.0,6212,13.71061946902650
70.1,126,93.4,72,24.0,6212,24.86106194690270
69.1,124,92.0,72,0.0,6004,-2.9000000000000100
69.1,124,92.0,72,5.0,6004,2.5867256637168100
69.1,124,92.0,72,14.0,6004,12.462831858407100
69.1,124,92.0,72,24.0,6004,23.436283185840700
66.6,118,88.4,72,0.0,5419,-5.400000000000010
66.6,118,88.4,72,5.0,5419,-0.17876106194691500
66.6,118,88.4,72,14.0,5419,9.219469026548670
66.6,118,88.4,72,24.0,5419,19.66194690265490
66.0,116,87.5,72,0.0,5288,-6.0
66.0,116,87.5,72,5.0,5288,-0.8672566371681400
66.0,116,87.5,72,14.0,5288,8.371681415929200
66.0,116,87.5,72,24.0,5288,18.637168141592900
60.8,105,80.3,66,0.0,3766,-5.200000000000000
60.8,105,80.3,66,5.0,3766,-0.5539823008849540
60.8,105,80.3,66,14.0,3766,7.808849557522120
60.8,105,80.3,66,24.0,3766,17.100884955752200
54.7,91,71.5,58,0.0,2912,-3.300000000000000
54.7,91,71.5,58,5.0,2912,0.7265486725663740
54.7,91,71.5,58,14.0,2912,7.974336283185850
54.7,91,71.5,58,24.0,2912,16.02743362831860
77.4,139,110.1,72,0.0,6545,5.400000000000010
77.4,139,110.1,72,5.0,6545,11.550442477876100
77.4,139,110.1,72,14.0,6545,22.621238938053100
77.4,139,110.1,72,24.0,6545,34.92212389380530
75.6,135,107.3,72,0.0,6212,3.5999999999999900
75.6,135,107.3,72,5.0,6212,9.573451327433620
75.6,135,107.3,72,14.0,6212,20.325663716814100
75.6,135,107.3,72,24.0,6212,32.27256637168140
74.4,132,105.6,72,0.0,6004,2.4000000000000100
74.4,132,105.6,72,5.0,6004,8.240707964601780
74.4,132,105.6,72,14.0,6004,18.753982300885000
74.4,132,105.6,72,24.0,6004,30.43539823008850
71.1,126,100.8,72,0.0,5419,-0.9000000000000060
71.1,126,100.8,72,5.0,5419,4.67522123893805
71.1,126,100.8,72,14.0,5419,14.71061946902650
71.1,126,100.8,72,24.0,5419,25.86106194690270
70.4,125,99.7,72,0.0,5288,-1.5999999999999900
70.4,125,99.7,72,5.0,5288,3.9309734513274500
70.4,125,99.7,72,14.0,5288,13.886725663716800
70.4,125,99.7,72,24.0,5288,24.948672566371700
61.9,106,86.8,66,0.0,3766,-4.100000000000000
61.9,106,86.8,66,5.0,3766,0.5902654867256560
61.9,106,86.8,66,14.0,3766,9.032743362831850
61.9,106,86.8,66,24.0,3766,18.41327433628320
56.7,93,78.6,58,0.0,2912,-1.3000000000000000
56.7,93,78.6,58,5.0,2912,2.815044247787610
56.7,93,78.6,58,14.0,2912,10.222123893805300
56.7,93,78.6,58,24.0,2912,18.452212389380500
72.3,128,96.0,72,0.0,6638,0.29999999999999700
72.3,128,96.0,72,5.0,6638,5.963716814159280
72.3,128,96.0,72,14.0,6638,16.15840707964600
72.3,128,96.0,72,24.0,6638,27.4858407079646
70.3,124,93.2,72,0.0,6196,-1.7000000000000000
70.3,124,93.2,72,5.0,6196,3.7867256637168100
70.3,124,93.2,72,14.0,6196,13.662831858407100
70.3,124,93.2,72,24.0,6196,24.63628318584070
68.7,120,90.9,72,0.0,5843,-3.300000000000000
68.7,120,90.9,72,5.0,5843,2.0097345132743400
68.7,120,90.9,72,14.0,5843,11.567256637168100
68.7,120,90.9,72,24.0,5843,22.186725663716800
67.0,117,88.7,72,0.0,5490,-5.0
67.0,117,88.7,72,5.0,5490,0.1769911504424760
67.0,117,88.7,72,14.0,5490,9.495575221238940
67.0,117,88.7,72,24.0,5490,19.849557522123900
65.4,114,86.5,72,0.0,5125,-6.599999999999990
65.4,114,86.5,72,5.0,5125,-1.555752212389380
65.4,114,86.5,72,14.0,5125,7.52389380530974
65.4,114,86.5,72,24.0,5125,17.61238938053100
75.8,133,107.0,72,0.0,6196,3.800000000000000
75.8,133,107.0,72,5.0,6196,9.684955752212390
75.8,133,107.0,72,14.0,6196,20.277876106194700
75.8,133,107.0,72,24.0,6196,32.047787610619500
73.8,129,104.1,72,0.0,5843,1.8000000000000000
73.8,129,104.1,72,5.0,5843,7.507964601769910
73.8,129,104.1,72,14.0,5843,17.782300884955700
73.8,129,104.1,72,24.0,5843,29.198230088495600
69.8,120,98.1,72,0.0,5125,-2.200000000000000
69.8,120,98.1,72,5.0,5125,3.109734513274330
69.8,120,98.1,72,14.0,5125,12.667256637168100
69.8,120,98.1,72,24.0,5125,23.286725663716800
72.3,128,96.0,72,0.0,6638,0.29999999999999700
72.3,128,96.0,72,5.0,6638,5.963716814159280
72.3,128,96.0,72,14.0,6638,16.15840707964600
72.3,128,96.0,72,24.0,6638,27.4858407079646
70.3,124,93.2,72,0.0,6196,-1.7000000000000000
70.3,124,93.2,72,5.0,6196,3.7867256637168100
70.3,124,93.2,72,14.0,6196,13.662831858407100
70.3,124,93.2,72,24.0,6196,24.63628318584070
68.7,120,90.9,72,0.0,5843,-3.300000000000000
68.7,120,90.9,72,5.0,5843,2.0097345132743400
68.7,120,90.9,72,14.0,5843,11.567256637168100
68.7,120,90.9,72,24.0,5843,22.186725663716800
67.0,117,88.7,72,0.0,5490,-5.0
67.0,117,88.7,72,5.0,5490,0.1769911504424760
67.0,117,88.7,72,14.0,5490,9.495575221238940
67.0,117,88.7,72,24.0,5490,19.849557522123900
65.4,114,86.5,72,0.0,5125,-6.599999999999990
65.4,114,86.5,72,5.0,5125,-1.555752212389380
65.4,114,86.5,72,14.0,5125,7.52389380530974
65.4,114,86.5,72,24.0,5125,17.61238938053100
75.8,133,107.0,72,0.0,6196,3.800000000000000
75.8,133,107.0,72,5.0,6196,9.684955752212390
75.8,133,107.0,72,14.0,6196,20.277876106194700
75.8,133,107.0,72,24.0,6196,32.047787610619500
73.8,129,104.1,72,0.0,5843,1.8000000000000000
73.8,129,104.1,72,5.0,5843,7.507964601769910
73.8,129,104.1,72,14.0,5843,17.782300884955700
73.8,129,104.1,72,24.0,5843,29.198230088495600
69.8,120,98.1,72,0.0,5125,-2.200000000000000
69.8,120,98.1,72,5.0,5125,3.109734513274330
69.8,120,98.1,72,14.0,5125,12.667256637168100
69.8,120,98.1,72,24.0,5125,23.286725663716800
71.1,114,92.2,72,0.0,6781,-0.9000000000000060
71.1,114,92.2,72,5.0,6781,4.14424778761061
71.1,114,92.2,72,14.0,6781,13.223893805309700
71.1,114,92.2,72,24.0,6781,23.31238938053100
70.6,115,92.0,71,0.0,6626,-0.4000000000000060
70.6,115,92.0,71,5.0,6626,4.688495575221240
70.6,115,92.0,71,14.0,6626,13.847787610619500
70.6,115,92.0,71,24.0,6626,24.02477876106190
69.9,112,90.8,72,0.0,6559,-2.0999999999999900
69.9,112,90.8,72,5.0,6559,2.8557522123893900
69.9,112,90.8,72,14.0,6559,11.776106194690300
69.9,112,90.8,72,24.0,6559,21.68761061946900
69.3,114,90.5,72,0.0,6378,-2.700000000000000
69.3,114,90.5,72,5.0,6378,2.3442477876106100
69.3,114,90.5,72,14.0,6378,11.423893805309700
69.3,114,90.5,72,24.0,6378,21.512389380531000
69.3,110,89.6,71,0.0,6377,-1.7000000000000000
69.3,110,89.6,71,5.0,6377,3.167256637168140
69.3,110,89.6,71,14.0,6377,11.928318584070800
69.3,110,89.6,71,24.0,6377,21.662831858407100
68.3,107,88.2,70,0.0,6185,-1.7000000000000000
68.3,107,88.2,70,5.0,6185,3.034513274336280
68.3,107,88.2,70,14.0,6185,11.556637168141600
68.3,107,88.2,70,24.0,6185,21.025663716814200
74.2,120,102.3,73,0.0,6263,1.2000000000000000
74.2,120,102.3,73,5.0,6263,6.5097345132743400
74.2,120,102.3,73,14.0,6263,16.067256637168100
74.2,120,102.3,73,24.0,6263,26.686725663716800
73.6,122,102.2,73,0.0,6096,0.5999999999999940
73.6,122,102.2,73,5.0,6096,5.998230088495580
73.6,122,102.2,73,14.0,6096,15.715044247787600
73.6,122,102.2,73,24.0,6096,26.51150442477880
72.6,116,99.9,73,0.0,5967,-0.4000000000000060
72.6,116,99.9,73,5.0,5967,4.7327433628318500
72.6,116,99.9,73,14.0,5967,13.971681415929200
72.6,116,99.9,73,24.0,5967,24.237168141592900
72.5,116,99.8,72,0.0,5905,0.5
72.5,116,99.8,72,5.0,5905,5.63274336283186
72.5,116,99.8,72,14.0,5905,14.871681415929200
72.5,116,99.8,72,24.0,5905,25.137168141592900
71.9,116,99.2,73,0.0,5799,-1.0999999999999900
71.9,116,99.2,73,5.0,5799,4.032743362831870
71.9,116,99.2,73,14.0,5799,13.271681415929200
71.9,116,99.2,73,24.0,5799,23.53716814159290
71.5,113,98.2,71,0.0,5723,0.5
71.5,113,98.2,71,5.0,5723,5.5
71.5,113,98.2,71,14.0,5723,14.5
71.5,113,98.2,71,24.0,5723,24.5
68.2,120,90.5,71,0.0,5832,-2.800000000000000
68.2,120,90.5,71,5.0,5832,2.5097345132743400
68.2,120,90.5,71,14.0,5832,12.067256637168100
68.2,120,90.5,71,24.0,5832,22.686725663716800
65.6,112,86.4,71,0.0,5325,-5.400000000000010
65.6,112,86.4,71,5.0,5325,-0.444247787610621
65.6,112,86.4,71,14.0,5325,8.47610619469026
65.6,112,86.4,71,24.0,5325,18.38761061946900
70.9,124,100.1,71,0.0,5325,-0.09999999999999430
70.9,124,100.1,71,5.0,5325,5.386725663716820
70.9,124,100.1,71,14.0,5325,15.262831858407100
70.9,124,100.1,71,24.0,5325,26.236283185840700
66.3,109,92.1,71,0.0,4570,-4.700000000000000
66.3,109,92.1,71,5.0,4570,0.12300884955752200
66.3,109,92.1,71,14.0,4570,8.80442477876106
66.3,109,92.1,71,24.0,4570,18.450442477876100
73.5,129,97.5,71,0.0,6986,2.5
73.5,129,97.5,71,5.0,6986,8.207964601769920
73.5,129,97.5,71,14.0,6986,18.482300884955700
73.5,129,97.5,71,24.0,6986,29.89823008849560
72.0,125,95.1,71,0.0,6637,1.0
72.0,125,95.1,71,5.0,6637,6.530973451327440
72.0,125,95.1,71,14.0,6637,16.48672566371680
72.0,125,95.1,71,24.0,6637,27.54867256637170
69.2,120,91.3,71,0.0,6093,-1.8000000000000000
69.2,120,91.3,71,5.0,6093,3.5097345132743400
69.2,120,91.3,71,14.0,6093,13.067256637168100
69.2,120,91.3,71,24.0,6093,23.686725663716800
67.3,117,89.1,71,0.0,5702,-3.700000000000000
67.3,117,89.1,71,5.0,5702,1.4769911504424700
67.3,117,89.1,71,14.0,5702,10.795575221238900
67.3,117,89.1,71,24.0,5702,21.1495575221239
65.6,111,86.2,71,0.0,5334,-5.400000000000010
65.6,111,86.2,71,5.0,5334,-0.48849557522125100
65.6,111,86.2,71,14.0,5334,8.352212389380530
65.6,111,86.2,71,24.0,5334,18.17522123893810
78.3,133,109.6,71,0.0,6637,7.300000000000000
78.3,133,109.6,71,5.0,6637,13.184955752212400
78.3,133,109.6,71,14.0,6637,23.777876106194700
78.3,133,109.6,71,24.0,6637,35.547787610619500
75.2,127,105.0,71,0.0,6093,4.200000000000000
75.2,127,105.0,71,5.0,6093,9.819469026548670
75.2,127,105.0,71,14.0,6093,19.934513274336300
75.2,127,105.0,71,24.0,6093,31.17345132743360
73.0,121,101.4,70,0.0,5702,3.0
73.0,121,101.4,70,5.0,5702,8.353982300884950
73.0,121,101.4,70,14.0,5702,17.991150442477900
73.0,121,101.4,70,24.0,5702,28.69911504424780
70.7,116,98.1,71,0.0,5334,-0.29999999999999700
70.7,116,98.1,71,5.0,5334,4.832743362831860
70.7,116,98.1,71,14.0,5334,14.071681415929200
70.7,116,98.1,71,24.0,5334,24.337168141592900
71.2,122,93.8,72,0.0,6605,-0.7999999999999970
71.2,122,93.8,72,5.0,6605,4.598230088495580
71.2,122,93.8,72,14.0,6605,14.315044247787600
71.2,122,93.8,72,24.0,6605,25.111504424778800
69.2,117,91.0,72,0.0,6199,-2.800000000000000
69.2,117,91.0,72,5.0,6199,2.3769911504424800
69.2,117,91.0,72,14.0,6199,11.69557522123890
69.2,117,91.0,72,24.0,6199,22.049557522123900
67.1,112,87.9,72,0.0,5641,-4.900000000000010
67.1,112,87.9,72,5.0,5641,0.055752212389379
67.1,112,87.9,72,14.0,5641,8.97610619469026
67.1,112,87.9,72,24.0,5641,18.88761061946900
65.3,109,85.5,72,0.0,5200,-6.700000000000000
65.3,109,85.5,72,5.0,5200,-1.8769911504424800
65.3,109,85.5,72,14.0,5200,6.80442477876106
65.3,109,85.5,72,24.0,5200,16.450442477876100
76.7,135,108.3,74,0.0,6605,2.700000000000000
76.7,135,108.3,74,5.0,6605,8.673451327433630
76.7,135,108.3,74,14.0,6605,19.42566371681420
76.7,135,108.3,74,24.0,6605,31.372566371681400
74.3,132,105.4,74,0.0,6199,0.29999999999999700
74.3,132,105.4,74,5.0,6199,6.1407079646017700
74.3,132,105.4,74,14.0,6199,16.653982300885000
74.3,132,105.4,74,24.0,6199,28.335398230088500
70.6,125,100.1,74,0.0,5641,-3.4000000000000100
70.6,125,100.1,74,5.0,5641,2.130973451327440
70.6,125,100.1,74,14.0,5641,12.086725663716800
70.6,125,100.1,74,24.0,5641,23.148672566371700
68.7,120,97.0,74,0.0,5200,-5.300000000000000
68.7,120,97.0,74,5.0,5200,0.009734513274338500
68.7,120,97.0,74,14.0,5200,9.567256637168140
68.7,120,97.0,74,24.0,5200,20.186725663716800
68.1,115,89.3,70,0.0,5862,-1.9000000000000100
68.1,115,89.3,70,5.0,5862,3.188495575221240
68.1,115,89.3,70,14.0,5862,12.347787610619500
68.1,115,89.3,70,24.0,5862,22.52477876106190
67.0,112,87.8,70,0.0,5619,-3.0
67.0,112,87.8,70,5.0,5619,1.9557522123893800
67.0,112,87.8,70,14.0,5619,10.876106194690300
67.0,112,87.8,70,24.0,5619,20.787610619469000
63.2,101,81.8,70,0.0,5083,-6.800000000000000
63.2,101,81.8,70,5.0,5083,-2.3309734513274200
63.2,101,81.8,70,14.0,5083,5.713274336283190
63.2,101,81.8,70,24.0,5083,14.651327433628300
73.9,124,103.3,74,0.0,5862,-0.09999999999999430
73.9,124,103.3,74,5.0,5862,5.386725663716820
73.9,124,103.3,74,14.0,5862,15.262831858407100
73.9,124,103.3,74,24.0,5862,26.236283185840700
72.5,122,101.2,74,0.0,5619,-1.5
72.5,122,101.2,74,5.0,5619,3.8982300884955800
72.5,122,101.2,74,14.0,5619,13.615044247787600
72.5,122,101.2,74,24.0,5619,24.411504424778800
69.1,115,96.3,74,0.0,5083,-4.900000000000010
69.1,115,96.3,74,5.0,5083,0.18849557522123900
69.1,115,96.3,74,14.0,5083,9.347787610619460
69.1,115,96.3,74,24.0,5083,19.52477876106190
70.3,129,94.3,71,0.0,6208,-0.7000000000000030
70.3,129,94.3,71,5.0,6208,5.007964601769910
70.3,129,94.3,71,14.0,6208,15.282300884955700
70.3,129,94.3,71,24.0,6208,26.698230088495600
69.5,128,93.3,71,0.0,6036,-1.5
69.5,128,93.3,71,5.0,6036,4.163716814159290
69.5,128,93.3,71,14.0,6036,14.358407079646000
69.5,128,93.3,71,24.0,6036,25.6858407079646
68.1,124,90.9,71,0.0,5786,-2.9000000000000100
68.1,124,90.9,71,5.0,5786,2.5867256637168100
68.1,124,90.9,71,14.0,5786,12.462831858407100
68.1,124,90.9,71,24.0,5786,23.436283185840700
67.0,121,89.5,71,0.0,5598,-4.0
67.0,121,89.5,71,5.0,5598,1.353982300884950
67.0,121,89.5,71,14.0,5598,10.991150442477900
67.0,121,89.5,71,24.0,5598,21.69911504424780
63.3,106,83.0,67,0.0,4866,-3.700000000000000
63.3,106,83.0,67,5.0,4866,0.9902654867256620
63.3,106,83.0,67,14.0,4866,9.432743362831860
63.3,106,83.0,67,24.0,4866,18.813274336283200
61.9,101,80.7,67,0.0,4565,-5.100000000000000
61.9,101,80.7,67,5.0,4565,-0.630973451327435
61.9,101,80.7,67,14.0,4565,7.41327433628318
61.9,101,80.7,67,24.0,4565,16.351327433628300
75.8,134,107.4,74,0.0,6208,1.8000000000000000
75.8,134,107.4,74,5.0,6208,7.729203539823000
75.8,134,107.4,74,14.0,6208,18.40176991150440
75.8,134,107.4,74,24.0,6208,30.260176991150400
74.9,131,105.8,73,0.0,6036,1.9000000000000100
74.9,131,105.8,73,5.0,6036,7.6964601769911500
74.9,131,105.8,73,14.0,6036,18.130088495575200
74.9,131,105.8,73,24.0,6036,29.72300884955750
73.4,129,103.9,73,0.0,5786,0.4000000000000060
73.4,129,103.9,73,5.0,5786,6.107964601769920
73.4,129,103.9,73,14.0,5786,16.382300884955800
73.4,129,103.9,73,24.0,5786,27.798230088495600
72.6,127,102.6,73,0.0,5598,-0.4000000000000060
72.6,127,102.6,73,5.0,5598,5.219469026548670
72.6,127,102.6,73,14.0,5598,15.334513274336300
72.6,127,102.6,73,24.0,5598,26.573451327433600
68.3,114,95.1,73,0.0,4866,-4.700000000000000
68.3,114,95.1,73,5.0,4866,0.3442477876106130
68.3,114,95.1,73,14.0,4866,9.423893805309730
68.3,114,95.1,73,24.0,4866,19.512389380531000
66.4,108,91.7,73,0.0,4565,-6.599999999999990
66.4,108,91.7,73,5.0,4565,-1.8212389380530900
66.4,108,91.7,73,14.0,4565,6.780530973451330
66.4,108,91.7,73,24.0,4565,16.33805309734510
71.4,130,95.6,72,0.0,6474,-0.5999999999999940
71.4,130,95.6,72,5.0,6474,5.152212389380540
71.4,130,95.6,72,14.0,6474,15.506194690265500
71.4,130,95.6,72,24.0,6474,27.01061946902660
69.0,127,92.6,72,0.0,5960,-3.0
69.0,127,92.6,72,5.0,5960,2.6194690265486700
69.0,127,92.6,72,14.0,5960,12.73451327433630
69.0,127,92.6,72,24.0,5960,23.973451327433600
67.0,117,88.8,72,0.0,5538,-5.0
67.0,117,88.8,72,5.0,5538,0.1769911504424760
67.0,117,88.8,72,14.0,5538,9.495575221238940
67.0,117,88.8,72,24.0,5538,19.849557522123900
63.4,113,84.4,72,0.0,4900,-8.600000000000000
63.4,113,84.4,72,5.0,4900,-3.5999999999999900
63.4,113,84.4,72,14.0,4900,5.400000000000010
63.4,113,84.4,72,24.0,4900,15.400000000000000
35.8,129,47.8,36,0.0,3237,-0.20000000000000300
35.8,129,47.8,36,5.0,3237,5.507964601769910
35.8,129,47.8,36,14.0,3237,15.782300884955700
35.8,129,47.8,36,24.0,3237,27.19823008849560
34.5,127,46.3,36,0.0,2980,-1.5
34.5,127,46.3,36,5.0,2980,4.119469026548670
34.5,127,46.3,36,14.0,2980,14.23451327433630
34.5,127,46.3,36,24.0,2980,25.47345132743360
33.5,117,44.4,36,0.0,2769,-2.5
33.5,117,44.4,36,5.0,2769,2.6769911504424800
33.5,117,44.4,36,14.0,2769,11.995575221238900
33.5,117,44.4,36,24.0,2769,22.349557522123900
31.7,113,42.2,36,0.0,2450,-4.300000000000000
31.7,113,42.2,36,5.0,2450,0.7000000000000030
31.7,113,42.2,36,14.0,2450,9.700000000000000
31.7,113,42.2,36,24.0,2450,19.700000000000000
72.4,128,102.6,72,0.0,5538,0.4000000000000060
72.4,128,102.6,72,5.0,5538,6.063716814159290
72.4,128,102.6,72,14.0,5538,16.25840707964600
72.4,128,102.6,72,24.0,5538,27.585840707964600
68.6,120,96.8,72,0.0,4900,-3.4000000000000100
68.6,120,96.8,72,5.0,4900,1.90973451327433
68.6,120,96.8,72,14.0,4900,11.467256637168100
68.6,120,96.8,72,24.0,4900,22.086725663716800
36.2,128,51.3,36,0.0,2769,0.20000000000000300
36.2,128,51.3,36,5.0,2769,5.863716814159300
36.2,128,51.3,36,14.0,2769,16.058407079646000
36.2,128,51.3,36,24.0,2769,27.385840707964600
34.3,120,48.4,36,0.0,2450,-1.7000000000000000
34.3,120,48.4,36,5.0,2450,3.609734513274330
34.3,120,48.4,36,14.0,2450,13.167256637168100
34.3,120,48.4,36,24.0,2450,23.786725663716800
74.4,122,103.0,71,0.0,6045,3.4000000000000100
74.4,122,103.0,71,5.0,6045,8.798230088495590
74.4,122,103.0,71,14.0,6045,18.515044247787600
74.4,122,103.0,71,24.0,6045,29.31150442477880
71.4,120,99.6,70,0.0,5654,1.4000000000000100
71.4,120,99.6,70,5.0,5654,6.709734513274340
71.4,120,99.6,70,14.0,5654,16.267256637168100
71.4,120,99.6,70,24.0,5654,26.886725663716800
73.2,135,98.3,72,0.0,6878,1.2000000000000000
73.2,135,98.3,72,5.0,6878,7.173451327433630
73.2,135,98.3,72,14.0,6878,17.92566371681420
73.2,135,98.3,72,24.0,6878,29.872566371681400
71.4,130,95.5,72,0.0,6503,-0.5999999999999940
71.4,130,95.5,72,5.0,6503,5.152212389380540
71.4,130,95.5,72,14.0,6503,15.506194690265500
71.4,130,95.5,72,24.0,6503,27.01061946902660
68.3,116,89.9,72,0.0,5857,-3.700000000000000
68.3,116,89.9,72,5.0,5857,1.4327433628318600
68.3,116,89.9,72,14.0,5857,10.6716814159292
68.3,116,89.9,72,24.0,5857,20.93716814159290
74.0,130,104.6,72,0.0,5857,2.0
74.0,130,104.6,72,5.0,5857,7.7522123893805300
74.0,130,104.6,72,14.0,5857,18.106194690265500
74.0,130,104.6,72,24.0,5857,29.610619469026500
70.5,125,99.9,72,0.0,5232,-1.5
70.5,125,99.9,72,5.0,5232,4.030973451327440
70.5,125,99.9,72,14.0,5232,13.986725663716800
70.5,125,99.9,72,24.0,5232,25.04867256637170
70.7,132,95.2,72,0.0,6274,-1.3000000000000000
70.7,132,95.2,72,5.0,6274,4.540707964601780
70.7,132,95.2,72,14.0,6274,15.053982300885000
70.7,132,95.2,72,24.0,6274,26.735398230088500
69.5,131,93.9,72,0.0,6077,-2.5
69.5,131,93.9,72,5.0,6077,3.296460176991150
69.5,131,93.9,72,14.0,6077,13.730088495575200
69.5,131,93.9,72,24.0,6077,25.323008849557500
68.2,126,91.5,72,0.0,5770,-3.800000000000000
68.2,126,91.5,72,5.0,5770,1.7752212389380600
68.2,126,91.5,72,14.0,5770,11.810619469026500
68.2,126,91.5,72,24.0,5770,22.96106194690270
64.2,114,85.4,72,0.0,4622,-7.800000000000000
64.2,114,85.4,72,5.0,4622,-2.755752212389380
64.2,114,85.4,72,14.0,4622,6.323893805309740
64.2,114,85.4,72,24.0,4622,16.412389380531000
63.8,113,84.8,72,0.0,4517,-8.200000000000000
63.8,113,84.8,72,5.0,4517,-3.200000000000000
63.8,113,84.8,72,14.0,4517,5.800000000000000
63.8,113,84.8,72,24.0,4517,15.800000000000000
76.4,137,108.6,74,0.0,6274,2.4000000000000100
76.4,137,108.6,74,5.0,6274,8.461946902654870
76.4,137,108.6,74,14.0,6274,19.373451327433600
76.4,137,108.6,74,24.0,6274,31.497345132743400
75.3,134,106.8,72,0.0,6077,3.300000000000000
75.3,134,106.8,72,5.0,6077,9.229203539823000
75.3,134,106.8,72,14.0,6077,19.90176991150440
75.3,134,106.8,72,24.0,6077,31.760176991150400
74.2,132,105.2,72,0.0,5882,2.200000000000000
74.2,132,105.2,72,5.0,5882,8.04070796460178
74.2,132,105.2,72,14.0,5882,18.553982300885000
74.2,132,105.2,72,24.0,5882,30.235398230088500
73.7,130,104.3,72,0.0,5770,1.7000000000000000
73.7,130,104.3,72,5.0,5770,7.452212389380530
73.7,130,104.3,72,14.0,5770,17.806194690265500
73.7,130,104.3,72,24.0,5770,29.31061946902660
67.3,117,94.8,72,0.0,4642,-4.700000000000000
67.3,117,94.8,72,5.0,4642,0.47699115044247300
67.3,117,94.8,72,14.0,4642,9.795575221238930
67.3,117,94.8,72,24.0,4642,20.1495575221239
66.7,115,93.9,72,0.0,4517,-5.300000000000000
66.7,115,93.9,72,5.0,4517,-0.2115044247787520
66.7,115,93.9,72,14.0,4517,8.947787610619470
66.7,115,93.9,72,24.0,4517,19.124778761061900
72.5,138,98.2,72,0.0,6587,0.5
72.5,138,98.2,72,5.0,6587,6.6061946902654800
72.5,138,98.2,72,14.0,6587,17.597345132743400
72.5,138,98.2,72,24.0,6587,29.809734513274300
71.4,135,96.5,72,0.0,6335,-0.5999999999999940
71.4,135,96.5,72,5.0,6335,5.373451327433630
71.4,135,96.5,72,14.0,6335,16.12566371681420
71.4,135,96.5,72,24.0,6335,28.072566371681400
67.3,128,91.1,72,0.0,5427,-4.700000000000000
67.3,128,91.1,72,5.0,5427,0.9637168141592840
67.3,128,91.1,72,14.0,5427,11.158407079646000
67.3,128,91.1,72,24.0,5427,22.4858407079646
76.7,141,109.9,73,0.0,6335,3.700000000000000
76.7,141,109.9,73,5.0,6335,9.938938053097350
76.7,141,109.9,73,14.0,6335,21.169026548672600
76.7,141,109.9,73,24.0,6335,33.64690265486730
71.9,131,102.8,72,0.0,5427,-0.09999999999999430
71.9,131,102.8,72,5.0,5427,5.6964601769911500
71.9,131,102.8,72,14.0,5427,16.130088495575200
71.9,131,102.8,72,24.0,5427,27.72300884955750
70.5,129,100.8,73,0.0,5155,-2.5
70.5,129,100.8,73,5.0,5155,3.207964601769920
70.5,129,100.8,73,14.0,5155,13.482300884955700
70.5,129,100.8,73,24.0,5155,24.89823008849560
70.1,113,91.1,70,0.0,6370,0.09999999999999430
70.1,113,91.1,70,5.0,6370,5.099999999999990
70.1,113,91.1,70,14.0,6370,14.100000000000000
70.1,113,91.1,70,24.0,6370,24.100000000000000
67.9,110,88.3,70,0.0,5943,-2.0999999999999900
67.9,110,88.3,70,5.0,5943,2.7672566371681500
67.9,110,88.3,70,14.0,5943,11.528318584070800
67.9,110,88.3,70,24.0,5943,21.262831858407100
65.5,108,85.6,70,0.0,5440,-4.5
65.5,108,85.6,70,5.0,5440,0.2787610619469090
65.5,108,85.6,70,14.0,5440,8.880530973451330
65.5,108,85.6,70,24.0,5440,18.438053097345100
63.5,103,82.5,70,0.0,4871,-6.5
63.5,103,82.5,70,5.0,4871,-1.9424778761062000
63.5,103,82.5,70,14.0,4871,6.261061946902660
63.5,103,82.5,70,24.0,4871,15.376106194690300
74.6,130,105.1,70,0.0,5943,4.599999999999990
74.6,130,105.1,70,5.0,5943,10.352212389380500
74.6,130,105.1,70,14.0,5943,20.706194690265500
74.6,130,105.1,70,24.0,5943,32.21061946902650
71.6,123,100.5,70,0.0,5440,1.5999999999999900
71.6,123,100.5,70,5.0,5440,7.04247787610619
71.6,123,100.5,70,14.0,5440,16.838938053097300
71.6,123,100.5,70,24.0,5440,27.72389380530970
68.2,112,94.7,70,0.0,4871,-1.8000000000000000
68.2,112,94.7,70,5.0,4871,3.1557522123893900
68.2,112,94.7,70,14.0,4871,12.076106194690300
68.2,112,94.7,70,24.0,4871,21.987610619469000
36.5,136,49.1,36,0.0,3405,0.5
36.5,136,49.1,36,5.0,3405,6.517699115044250
36.5,136,49.1,36,14.0,3405,17.349557522123900
36.5,136,49.1,36,24.0,3405,29.38495575221240
35.7,132,48.0,36,0.0,3227,-0.29999999999999700
35.7,132,48.0,36,5.0,3227,5.540707964601770
35.7,132,48.0,36,14.0,3227,16.05398230088500
35.7,132,48.0,36,24.0,3227,27.7353982300885
35.1,128,47.0,36,0.0,3126,-0.8999999999999990
35.1,128,47.0,36,5.0,3126,4.763716814159300
35.1,128,47.0,36,14.0,3126,14.958407079646000
35.1,128,47.0,36,24.0,3126,26.285840707964600
34.7,126,46.3,36,0.0,3066,-1.3000000000000000
34.7,126,46.3,36,5.0,3066,4.275221238938060
34.7,126,46.3,36,14.0,3066,14.310619469026500
34.7,126,46.3,36,24.0,3066,25.46106194690270
33.6,125,45.2,36,0.0,2808,-2.4000000000000000
33.6,125,45.2,36,5.0,2808,3.130973451327440
33.6,125,45.2,36,14.0,2808,13.086725663716800
33.6,125,45.2,36,24.0,2808,24.14867256637170
32.6,124,44.1,36,0.0,2633,-3.4000000000000000
32.6,124,44.1,36,5.0,2633,2.0867256637168100
32.6,124,44.1,36,14.0,2633,11.962831858407100
32.6,124,44.1,36,24.0,2633,22.936283185840700
39.0,141,55.6,36,0.0,3227,3.0
39.0,141,55.6,36,5.0,3227,9.238938053097340
39.0,141,55.6,36,14.0,3227,20.469026548672600
39.0,141,55.6,36,24.0,3227,32.94690265486730
38.2,140,54.7,36,0.0,3126,2.200000000000000
38.2,140,54.7,36,5.0,3126,8.39469026548673
38.2,140,54.7,36,14.0,3126,19.545132743362800
38.2,140,54.7,36,24.0,3126,31.934513274336300
37.7,139,54.1,36,0.0,3066,1.7000000000000000
37.7,139,54.1,36,5.0,3066,7.850442477876110
37.7,139,54.1,36,14.0,3066,18.9212389380531
37.7,139,54.1,36,24.0,3066,31.222123893805300
36.3,128,51.4,36,0.0,2808,0.29999999999999700
36.3,128,51.4,36,5.0,2808,5.963716814159290
36.3,128,51.4,36,14.0,2808,16.15840707964600
36.3,128,51.4,36,24.0,2808,27.4858407079646
35.3,120,49.5,36,0.0,2633,-0.7000000000000030
35.3,120,49.5,36,5.0,2633,4.609734513274330
35.3,120,49.5,36,14.0,2633,14.167256637168100
35.3,120,49.5,36,24.0,2633,24.786725663716800
67.6,119,89.7,70,0.0,5881,-2.4000000000000100
67.6,119,89.7,70,5.0,5881,2.8654867256637100
67.6,119,89.7,70,14.0,5881,12.3433628318584
67.6,119,89.7,70,24.0,5881,22.87433628318580
66.2,114,87.3,70,0.0,5448,-3.800000000000000
66.2,114,87.3,70,5.0,5448,1.2442477876106200
66.2,114,87.3,70,14.0,5448,10.323893805309700
66.2,114,87.3,70,24.0,5448,20.412389380531000
63.0,102,82.0,70,0.0,4879,-7.0
63.0,102,82.0,70,5.0,4879,-2.486725663716810
63.0,102,82.0,70,14.0,4879,5.637168141592920
63.0,102,82.0,70,24.0,4879,14.663716814159300
61.5,99,79.8,69,0.0,4364,-7.5
61.5,99,79.8,69,5.0,4364,-3.1194690265486700
61.5,99,79.8,69,14.0,4364,4.76548672566372
61.5,99,79.8,69,24.0,4364,13.526548672566400
72.1,123,101.0,71,0.0,5781,1.0999999999999900
72.1,123,101.0,71,5.0,5781,6.54247787610619
72.1,123,101.0,71,14.0,5781,16.338938053097300
72.1,123,101.0,71,24.0,5781,27.22389380530970
70.4,118,98.1,71,0.0,5448,-0.5999999999999940
70.4,118,98.1,71,5.0,5448,4.6212389380531000
70.4,118,98.1,71,14.0,5448,14.019469026548700
70.4,118,98.1,71,24.0,5448,24.461946902654900
67.4,114,93.4,70,0.0,4879,-2.5999999999999900
67.4,114,93.4,70,5.0,4879,2.444247787610620
67.4,114,93.4,70,14.0,4879,11.52389380530970
67.4,114,93.4,70,24.0,4879,21.61238938053100
64.4,102,88.5,70,0.0,4364,-5.599999999999990
64.4,102,88.5,70,5.0,4364,-1.0867256637168100
64.4,102,88.5,70,14.0,4364,7.037168141592930
64.4,102,88.5,70,24.0,4364,16.063716814159300
67.8,124,90.8,70,0.0,6050,-2.200000000000000
67.8,124,90.8,70,5.0,6050,3.2867256637168100
67.8,124,90.8,70,14.0,6050,13.162831858407100
67.8,124,90.8,70,24.0,6050,24.13628318584070
66.0,119,88.1,70,0.0,5667,-4.0
66.0,119,88.1,70,5.0,5667,1.2654867256637200
66.0,119,88.1,70,14.0,5667,10.743362831858400
66.0,119,88.1,70,24.0,5667,21.274336283185800
62.9,109,83.1,70,0.0,5024,-7.100000000000000
62.9,109,83.1,70,5.0,5024,-2.276991150442480
62.9,109,83.1,70,14.0,5024,6.404424778761050
62.9,109,83.1,70,24.0,5024,16.050442477876100
71.8,124,100.9,72,0.0,5667,-0.20000000000000300
71.8,124,100.9,72,5.0,5667,5.286725663716810
71.8,124,100.9,72,14.0,5667,15.162831858407100
71.8,124,100.9,72,24.0,5667,26.13628318584070
67.6,120,96.0,72,0.0,5024,-4.400000000000010
67.6,120,96.0,72,5.0,5024,0.90973451327433
67.6,120,96.0,72,14.0,5024,10.467256637168100
67.6,120,96.0,72,24.0,5024,21.086725663716800
59.6,95,77.2,62,0.0,3336,-2.4000000000000000
59.6,95,77.2,62,5.0,3336,1.8035398230088500
59.6,95,77.2,62,14.0,3336,9.369911504424780
59.6,95,77.2,62,24.0,3336,17.776991150442500
73.6,144,100.4,72,0.0,7098,1.5999999999999900
73.6,144,100.4,72,5.0,7098,7.971681415929200
73.6,144,100.4,72,14.0,7098,19.440707964601800
73.6,144,100.4,72,24.0,7098,32.18407079646020
72.3,142,98.6,72,0.0,6824,0.29999999999999700
72.3,142,98.6,72,5.0,6824,6.583185840707960
72.3,142,98.6,72,14.0,6824,17.892920353982300
72.3,142,98.6,72,24.0,6824,30.45929203539820
71.9,139,97.7,72,0.0,6675,-0.09999999999999430
71.9,139,97.7,72,5.0,6675,6.050442477876120
71.9,139,97.7,72,14.0,6675,17.121238938053100
71.9,139,97.7,72,24.0,6675,29.42212389380530
70.3,131,94.7,72,0.0,6314,-1.7000000000000000
70.3,131,94.7,72,5.0,6314,4.096460176991140
70.3,131,94.7,72,14.0,6314,14.530088495575200
70.3,131,94.7,72,24.0,6314,26.12300884955750
69.2,126,92.6,72,0.0,6065,-2.800000000000000
69.2,126,92.6,72,5.0,6065,2.775221238938060
69.2,126,92.6,72,14.0,6065,12.810619469026500
69.2,126,92.6,72,24.0,6065,23.96106194690270
67.9,121,90.4,72,0.0,5711,-4.099999999999990
67.9,121,90.4,72,5.0,5711,1.2539823008849600
67.9,121,90.4,72,14.0,5711,10.89115044247790
67.9,121,90.4,72,24.0,5711,21.599115044247800
66.7,120,89.0,72,0.0,5423,-5.300000000000000
66.7,120,89.0,72,5.0,5423,0.009734513274338500
66.7,120,89.0,72,14.0,5423,9.567256637168140
66.7,120,89.0,72,24.0,5423,20.186725663716800
65.6,119,87.7,72,0.0,5202,-6.400000000000010
65.6,119,87.7,72,5.0,5202,-1.1345132743362900
65.6,119,87.7,72,14.0,5202,8.3433628318584
65.6,119,87.7,72,24.0,5202,18.87433628318580
78.1,153,114.0,72,0.0,6640,6.099999999999990
78.1,153,114.0,72,5.0,6640,12.869911504424800
78.1,153,114.0,72,14.0,6640,25.05575221238940
78.1,153,114.0,72,24.0,6640,38.59557522123890
74.2,145,108.4,72,0.0,6004,2.200000000000000
74.2,145,108.4,72,5.0,6004,8.615929203539820
74.2,145,108.4,72,14.0,6004,20.164601769911500
74.2,145,108.4,72,24.0,6004,32.99646017699120
72.4,141,105.6,72,0.0,5667,0.4000000000000060
72.4,141,105.6,72,5.0,5667,6.638938053097350
72.4,141,105.6,72,14.0,5667,17.869026548672600
72.4,141,105.6,72,24.0,5667,30.346902654867300
71.1,142,104.7,72,0.0,5424,-0.9000000000000060
71.1,142,104.7,72,5.0,5424,5.383185840707950
71.1,142,104.7,72,14.0,5424,16.692920353982300
71.1,142,104.7,72,24.0,5424,29.259292035398200
70.8,140,103.7,72,0.0,5208,-1.2000000000000000
70.8,140,103.7,72,5.0,5208,4.9946902654867200
70.8,140,103.7,72,14.0,5208,16.145132743362800
70.8,140,103.7,72,24.0,5208,28.534513274336300
67.5,134,99.0,72,0.0,4745,-4.5
67.5,134,99.0,72,5.0,4745,1.429203539823010
67.5,134,99.0,72,14.0,4745,12.10176991150440
67.5,134,99.0,72,24.0,4745,23.960176991150400
64.6,130,95.1,72,0.0,4324,-7.400000000000010
64.6,130,95.1,72,5.0,4324,-1.6477876106194700
64.6,130,95.1,72,14.0,4324,8.706194690265480
64.6,130,95.1,72,24.0,4324,20.21061946902650
73.4,133,98.1,72,0.0,6751,1.4000000000000100
73.4,133,98.1,72,5.0,6751,7.284955752212400
73.4,133,98.1,72,14.0,6751,17.87787610619470
73.4,133,98.1,72,24.0,6751,29.647787610619500
70.6,131,94.9,72,0.0,6234,-1.4000000000000100
70.6,131,94.9,72,5.0,6234,4.396460176991140
70.6,131,94.9,72,14.0,6234,14.830088495575200
70.6,131,94.9,72,24.0,6234,26.42300884955750
68.1,121,90.5,72,0.0,5612,-3.9000000000000100
68.1,121,90.5,72,5.0,5612,1.4539823008849500
68.1,121,90.5,72,14.0,5612,11.091150442477900
68.1,121,90.5,72,24.0,5612,21.799115044247800
65.0,109,85.2,72,0.0,4963,-7.0
65.0,109,85.2,72,5.0,4963,-2.1769911504424800
65.0,109,85.2,72,14.0,4963,6.504424778761060
65.0,109,85.2,72,24.0,4963,16.150442477876100
77.3,139,110.1,72,0.0,6234,5.300000000000000
77.3,139,110.1,72,5.0,6234,11.45044247787610
77.3,139,110.1,72,14.0,6234,22.521238938053100
77.3,139,110.1,72,24.0,6234,34.8221238938053
73.4,127,103.3,72,0.0,5611,1.4000000000000100
73.4,127,103.3,72,5.0,5611,7.019469026548680
73.4,127,103.3,72,14.0,5611,17.134513274336300
73.4,127,103.3,72,24.0,5611,28.373451327433600
69.6,119,97.6,72,0.0,4963,-2.4000000000000100
69.6,119,97.6,72,5.0,4963,2.8654867256637100
69.6,119,97.6,72,14.0,4963,12.3433628318584
69.6,119,97.6,72,24.0,4963,22.87433628318580
69.5,120,91.7,70,0.0,6050,-0.5
69.5,120,91.7,70,5.0,6050,4.809734513274340
69.5,120,91.7,70,14.0,6050,14.36725663716810
69.5,120,91.7,70,24.0,6050,24.98672566371680
67.8,114,89.0,70,0.0,5642,-2.200000000000000
67.8,114,89.0,70,5.0,5642,2.8442477876106100
67.8,114,89.0,70,14.0,5642,11.923893805309700
67.8,114,89.0,70,24.0,5642,22.012389380531000
66.9,112,87.7,70,0.0,5430,-3.0999999999999900
66.9,112,87.7,70,5.0,5430,1.8557522123893900
66.9,112,87.7,70,14.0,5430,10.776106194690300
66.9,112,87.7,70,24.0,5430,20.68761061946900
63.7,102,82.6,68,0.0,4764,-4.300000000000000
63.7,102,82.6,68,5.0,4764,0.2132743362831920
63.7,102,82.6,68,14.0,4764,8.337168141592930
63.7,102,82.6,68,24.0,4764,17.36371681415930
58.4,87,74.6,56,0.0,3385,2.4000000000000000
58.4,87,74.6,56,5.0,3385,6.249557522123890
58.4,87,74.6,56,14.0,3385,13.1787610619469
58.4,87,74.6,56,24.0,3385,20.87787610619470
75.4,131,106.3,72,0.0,6050,3.4000000000000100
75.4,131,106.3,72,5.0,6050,9.196460176991150
75.4,131,106.3,72,14.0,6050,19.630088495575200
75.4,131,106.3,72,24.0,6050,31.22300884955750
73.1,121,101.5,72,0.0,5642,1.0999999999999900
73.1,121,101.5,72,5.0,5642,6.453982300884950
73.1,121,101.5,72,14.0,5642,16.09115044247790
73.1,121,101.5,72,24.0,5642,26.799115044247800
71.1,116,98.5,72,0.0,5282,-0.9000000000000060
71.1,116,98.5,72,5.0,5282,4.2327433628318500
71.1,116,98.5,72,14.0,5282,13.471681415929200
71.1,116,98.5,72,24.0,5282,23.737168141592900
67.8,112,94.1,72,0.0,4764,-4.200000000000000
67.8,112,94.1,72,5.0,4764,0.7557522123893820
67.8,112,94.1,72,14.0,4764,9.676106194690260
67.8,112,94.1,72,24.0,4764,19.587610619469000
59.4,88,80.1,62,0.0,3385,-2.6000000000000000
59.4,88,80.1,62,5.0,3385,1.293805309734510
59.4,88,80.1,62,14.0,3385,8.302654867256640
59.4,88,80.1,62,24.0,3385,16.090265486725700
76.2,145,103.2,72,0.0,7394,4.200000000000000
76.2,145,103.2,72,5.0,7394,10.615929203539800
76.2,145,103.2,72,14.0,7394,22.164601769911500
76.2,145,103.2,72,24.0,7394,34.99646017699120
74.2,142,100.5,72,0.0,6966,2.200000000000000
74.2,142,100.5,72,5.0,6966,8.48318584070796
74.2,142,100.5,72,14.0,6966,19.79292035398230
74.2,142,100.5,72,24.0,6966,32.35929203539820
73.1,140,99.1,72,0.0,6732,1.0999999999999900
73.1,140,99.1,72,5.0,6732,7.294690265486720
73.1,140,99.1,72,14.0,6732,18.44513274336280
73.1,140,99.1,72,24.0,6732,30.834513274336300
72.3,138,97.9,72,0.0,6538,0.29999999999999700
72.3,138,97.9,72,5.0,6538,6.40619469026548
72.3,138,97.9,72,14.0,6538,17.397345132743400
72.3,138,97.9,72,24.0,6538,29.609734513274300
69.1,130,93.2,72,0.0,5853,-2.9000000000000100
69.1,130,93.2,72,5.0,5853,2.852212389380530
69.1,130,93.2,72,14.0,5853,13.206194690265500
69.1,130,93.2,72,24.0,5853,24.71061946902650
65.6,124,88.5,72,0.0,5091,-6.400000000000010
65.6,124,88.5,72,5.0,5091,-0.9132743362831950
65.6,124,88.5,72,14.0,5091,8.962831858407070
65.6,124,88.5,72,24.0,5091,19.936283185840700
78.4,143,112.0,72,0.0,6538,6.400000000000010
78.4,143,112.0,72,5.0,6538,12.727433628318600
78.4,143,112.0,72,14.0,6538,24.116814159292000
78.4,143,112.0,72,24.0,6538,36.77168141592920
74.6,135,106.3,72,0.0,5853,2.5999999999999900
74.6,135,106.3,72,5.0,5853,8.573451327433620
74.6,135,106.3,72,14.0,5853,19.325663716814100
74.6,135,106.3,72,24.0,5853,31.27256637168140
70.4,126,99.9,72,0.0,5091,-1.5999999999999900
70.4,126,99.9,72,5.0,5091,3.9752212389380600
70.4,126,99.9,72,14.0,5091,14.010619469026600
70.4,126,99.9,72,24.0,5091,25.161061946902700
67.0,116,88.5,70,0.0,5615,-3.0
67.0,116,88.5,70,5.0,5615,2.13274336283186
67.0,116,88.5,70,14.0,5615,11.371681415929200
67.0,116,88.5,70,24.0,5615,21.637168141592900
65.9,108,85.8,70,0.0,5283,-4.099999999999990
65.9,108,85.8,70,5.0,5283,0.6787610619469150
65.9,108,85.8,70,14.0,5283,9.280530973451330
65.9,108,85.8,70,24.0,5283,18.83805309734510
63.8,104,83.1,70,0.0,4894,-6.200000000000000
63.8,104,83.1,70,5.0,4894,-1.5982300884955800
63.8,104,83.1,70,14.0,4894,6.684955752212390
63.8,104,83.1,70,24.0,4894,15.888495575221200
63.3,103,82.4,70,0.0,4741,-6.700000000000000
63.3,103,82.4,70,5.0,4741,-2.1424778761062000
63.3,103,82.4,70,14.0,4741,6.0610619469026500
63.3,103,82.4,70,24.0,4741,15.176106194690300
72.3,123,101.3,70,0.0,5615,2.300000000000000
72.3,123,101.3,70,5.0,5615,7.742477876106190
72.3,123,101.3,70,14.0,5615,17.53893805309730
72.3,123,101.3,70,24.0,5615,28.42389380530970
70.8,118,98.6,70,0.0,5283,0.7999999999999970
70.8,118,98.6,70,5.0,5283,6.021238938053100
70.8,118,98.6,70,14.0,5283,15.419469026548700
70.8,118,98.6,70,24.0,5283,25.861946902654900
68.1,114,95.0,70,0.0,4894,-1.9000000000000100
68.1,114,95.0,70,5.0,4894,3.1442477876106100
68.1,114,95.0,70,14.0,4894,12.223893805309700
68.1,114,95.0,70,24.0,4894,22.31238938053100
67.4,113,94.0,70,0.0,4741,-2.5999999999999900
67.4,113,94.0,70,5.0,4741,2.4000000000000100
67.4,113,94.0,70,14.0,4741,11.400000000000000
67.4,113,94.0,70,24.0,4741,21.400000000000000
71.6,130,95.7,70,0.0,6285,1.5999999999999900
71.6,130,95.7,70,5.0,6285,7.352212389380530
71.6,130,95.7,70,14.0,6285,17.706194690265500
71.6,130,95.7,70,24.0,6285,29.21061946902650
70.5,130,94.6,70,0.0,6013,0.5
70.5,130,94.6,70,5.0,6013,6.2522123893805300
70.5,130,94.6,70,14.0,6013,16.606194690265500
70.5,130,94.6,70,24.0,6013,28.110619469026500
68.1,122,90.7,70,0.0,5559,-1.9000000000000100
68.1,122,90.7,70,5.0,5559,3.498230088495580
68.1,122,90.7,70,14.0,5559,13.215044247787600
68.1,122,90.7,70,24.0,5559,24.01150442477880
64.4,118,86.2,70,0.0,4687,-5.599999999999990
64.4,118,86.2,70,5.0,4687,-0.3787610619469040
64.4,118,86.2,70,14.0,4687,9.019469026548680
64.4,118,86.2,70,24.0,4687,19.461946902654900
77.3,141,110.4,70,0.0,6285,7.300000000000000
77.3,141,110.4,70,5.0,6285,13.53893805309730
77.3,141,110.4,70,14.0,6285,24.76902654867260
77.3,141,110.4,70,24.0,6285,37.246902654867300
75.8,137,108.1,70,0.0,6013,5.800000000000000
75.8,137,108.1,70,5.0,6013,11.861946902654900
75.8,137,108.1,70,14.0,6013,22.773451327433600
75.8,137,108.1,70,24.0,6013,34.89734513274340
73.2,132,104.3,70,0.0,5559,3.200000000000000
73.2,132,104.3,70,5.0,5559,9.04070796460178
73.2,132,104.3,70,14.0,5559,19.553982300885000
73.2,132,104.3,70,24.0,5559,31.235398230088500
68.3,121,96.7,70,0.0,4687,-1.7000000000000000
68.3,121,96.7,70,5.0,4687,3.653982300884950
68.3,121,96.7,70,14.0,4687,13.291150442477900
68.3,121,96.7,70,24.0,4687,23.999115044247800
71.0,130,95.2,72,0.0,6517,-1.0
71.0,130,95.2,72,5.0,6517,4.7522123893805300
71.0,130,95.2,72,14.0,6517,15.106194690265500
71.0,130,95.2,72,24.0,6517,26.610619469026500
68.2,124,91.1,72,0.0,6000,-3.800000000000000
68.2,124,91.1,72,5.0,6000,1.686725663716810
68.2,124,91.1,72,14.0,6000,11.56283185840710
68.2,124,91.1,72,24.0,6000,22.536283185840700
66.0,112,86.7,72,0.0,5394,-6.0
66.0,112,86.7,72,5.0,5394,-1.0442477876106200
66.0,112,86.7,72,14.0,5394,7.876106194690270
66.0,112,86.7,72,24.0,5394,17.787610619469000
69.1,115,96.3,72,0.0,5134,-2.9000000000000100
69.1,115,96.3,72,5.0,5134,2.188495575221240
69.1,115,96.3,72,14.0,5134,11.347787610619500
69.1,115,96.3,72,24.0,5134,21.52477876106190
70.6,124,93.6,70,0.0,6275,0.5999999999999940
70.6,124,93.6,70,5.0,6275,6.0867256637168100
70.6,124,93.6,70,14.0,6275,15.962831858407100
70.6,124,93.6,70,24.0,6275,26.936283185840700
69.5,122,92.1,69,0.0,6048,0.5
69.5,122,92.1,69,5.0,6048,5.8982300884955800
69.5,122,92.1,69,14.0,6048,15.615044247787600
69.5,122,92.1,69,24.0,6048,26.411504424778800
67.6,118,89.6,68,0.0,5702,-0.4000000000000060
67.6,118,89.6,68,5.0,5702,4.821238938053090
67.6,118,89.6,68,14.0,5702,14.219469026548700
67.6,118,89.6,68,24.0,5702,24.66194690265490
67.0,117,88.8,66,0.0,5564,1.0
67.0,117,88.8,66,5.0,5564,6.1769911504424800
67.0,117,88.8,66,14.0,5564,15.495575221238900
67.0,117,88.8,66,24.0,5564,25.849557522123900
63.9,110,84.4,67,0.0,4801,-3.1000000000000000
63.9,110,84.4,67,5.0,4801,1.7672566371681500
63.9,110,84.4,67,14.0,4801,10.528318584070800
63.9,110,84.4,67,24.0,4801,20.262831858407100
62.4,108,82.4,64,0.0,4456,-1.6000000000000000
62.4,108,82.4,64,5.0,4456,3.1787610619469000
62.4,108,82.4,64,14.0,4456,11.780530973451300
62.4,108,82.4,64,24.0,4456,21.338053097345100
74.0,127,103.9,70,0.0,5773,4.0
74.0,127,103.9,70,5.0,5773,9.619469026548670
74.0,127,103.9,70,14.0,5773,19.73451327433630
74.0,127,103.9,70,24.0,5773,30.973451327433600
70.8,121,99.4,66,0.0,5272,4.800000000000000
70.8,121,99.4,66,5.0,5272,10.153982300884900
70.8,121,99.4,66,14.0,5272,19.79115044247790
70.8,121,99.4,66,24.0,5272,30.499115044247800
68.2,113,94.9,69,0.0,4801,-0.7999999999999970
68.2,113,94.9,69,5.0,4801,4.200000000000000
68.2,113,94.9,69,14.0,4801,13.200000000000000
68.2,113,94.9,69,24.0,4801,23.200000000000000
66.0,113,92.6,66,0.0,4456,0.0
66.0,113,92.6,66,5.0,4456,5.0
66.0,113,92.6,66,14.0,4456,14.0
66.0,113,92.6,66,24.0,4456,24.0
60.2,100,78.8,62,0.0,4048,-1.8000000000000000
60.2,100,78.8,62,5.0,4048,2.624778761061950
60.2,100,78.8,62,14.0,4048,10.589380530973500
60.2,100,78.8,62,24.0,4048,19.438938053097300
59.5,98,77.7,62,0.0,3861,-2.5
59.5,98,77.7,62,5.0,3861,1.8362831858407100
59.5,98,77.7,62,14.0,3861,9.641592920353990
59.5,98,77.7,62,24.0,3861,18.3141592920354
58.8,96,76.6,62,0.0,3628,-3.200000000000000
58.8,96,76.6,62,5.0,3628,1.0477876106194700
58.8,96,76.6,62,14.0,3628,8.693805309734520
58.8,96,76.6,62,24.0,3628,17.18938053097350
57.2,86,73.2,60,0.0,3142,-2.800000000000000
57.2,86,73.2,60,5.0,3142,1.0053097345132800
57.2,86,73.2,60,14.0,3142,7.854867256637160
57.2,86,73.2,60,24.0,3142,15.465486725663700
62.6,98,85.6,62,0.0,4048,0.6000000000000010
62.6,98,85.6,62,5.0,4048,4.936283185840710
62.6,98,85.6,62,14.0,4048,12.74159292035400
62.6,98,85.6,62,24.0,4048,21.414159292035400
60.2,94,82.4,62,0.0,3628,-1.8000000000000000
60.2,94,82.4,62,5.0,3628,2.3592920353982300
60.2,94,82.4,62,14.0,3628,9.846017699115050
60.2,94,82.4,62,24.0,3628,18.164601769911500
59.0,93,80.8,62,0.0,3385,-3.0
59.0,93,80.8,62,5.0,3385,1.1150442477876100
59.0,93,80.8,62,14.0,3385,8.522123893805320
59.0,93,80.8,62,24.0,3385,16.75221238938050
57.8,91,79.2,62,0.0,3142,-4.200000000000000
57.8,91,79.2,62,5.0,3142,-0.17345132743363200
57.8,91,79.2,62,14.0,3142,7.074336283185840
57.8,91,79.2,62,24.0,3142,15.127433628318600
72.7,127,96.3,72,0.0,6758,0.7000000000000030
72.7,127,96.3,72,5.0,6758,6.319469026548670
72.7,127,96.3,72,14.0,6758,16.434513274336300
72.7,127,96.3,72,24.0,6758,27.67345132743360
70.5,123,93.4,72,0.0,6290,-1.5
70.5,123,93.4,72,5.0,6290,3.942477876106200
70.5,123,93.4,72,14.0,6290,13.738938053097300
70.5,123,93.4,72,24.0,6290,24.623893805309700
68.7,115,90.1,72,0.0,5825,-3.300000000000000
68.7,115,90.1,72,5.0,5825,1.7884955752212500
68.7,115,90.1,72,14.0,5825,10.947787610619500
68.7,115,90.1,72,24.0,5825,21.124778761061900
63.9,106,83.5,72,0.0,4758,-8.100000000000000
63.9,106,83.5,72,5.0,4758,-3.409734513274340
63.9,106,83.5,72,14.0,4758,5.032743362831850
63.9,106,83.5,72,24.0,4758,14.41327433628320
79.0,137,111.2,72,0.0,6758,7.0
79.0,137,111.2,72,5.0,6758,13.061946902654900
79.0,137,111.2,72,14.0,6758,23.973451327433600
79.0,137,111.2,72,24.0,6758,36.09734513274340
76.4,131,107.3,72,0.0,6290,4.400000000000010
76.4,131,107.3,72,5.0,6290,10.196460176991200
76.4,131,107.3,72,14.0,6290,20.630088495575200
76.4,131,107.3,72,24.0,6290,32.22300884955750
73.9,125,103.3,72,0.0,5825,1.9000000000000100
73.9,125,103.3,72,5.0,5825,7.430973451327450
73.9,125,103.3,72,14.0,5825,17.386725663716800
73.9,125,103.3,72,24.0,5825,28.448672566371700
68.0,111,94.1,72,0.0,4758,-4.0
68.0,111,94.1,72,5.0,4758,0.9115044247787550
68.0,111,94.1,72,14.0,4758,9.752212389380530
68.0,111,94.1,72,24.0,4758,19.575221238938100
73.9,132,98.4,70,0.0,7011,3.9000000000000100
73.9,132,98.4,70,5.0,7011,9.740707964601780
73.9,132,98.4,70,14.0,7011,20.253982300885000
73.9,132,98.4,70,24.0,7011,31.93539823008850
73.2,128,96.9,70,0.0,6855,3.200000000000000
73.2,128,96.9,70,5.0,6855,8.86371681415929
73.2,128,96.9,70,14.0,6855,19.058407079646000
73.2,128,96.9,70,24.0,6855,30.385840707964600
71.1,125,94.2,70,0.0,6424,1.0999999999999900
71.1,125,94.2,70,5.0,6424,6.630973451327440
71.1,125,94.2,70,14.0,6424,16.586725663716800
71.1,125,94.2,70,24.0,6424,27.648672566371700
69.4,122,92.0,70,0.0,6069,-0.5999999999999940
69.4,122,92.0,70,5.0,6069,4.798230088495590
69.4,122,92.0,70,14.0,6069,14.515044247787600
69.4,122,92.0,70,24.0,6069,25.31150442477880
66.8,119,88.9,70,0.0,5563,-3.200000000000000
66.8,119,88.9,70,5.0,5563,2.0654867256637200
66.8,119,88.9,70,14.0,5563,11.543362831858400
66.8,119,88.9,70,24.0,5563,22.074336283185800
63.7,113,84.7,70,0.0,4890,-6.300000000000000
63.7,113,84.7,70,5.0,4890,-1.3000000000000000
63.7,113,84.7,70,14.0,4890,7.700000000000000
63.7,113,84.7,70,24.0,4890,17.700000000000000
80.2,142,113.6,70,0.0,7011,10.200000000000000
80.2,142,113.6,70,5.0,7011,16.48318584070800
80.2,142,113.6,70,14.0,7011,27.79292035398230
80.2,142,113.6,70,24.0,7011,40.35929203539820
79.2,139,111.8,70,0.0,6855,9.200000000000000
79.2,139,111.8,70,5.0,6855,15.350442477876100
79.2,139,111.8,70,14.0,6855,26.421238938053100
79.2,139,111.8,70,24.0,6855,38.7221238938053
76.8,135,108.5,70,0.0,6424,6.800000000000000
76.8,135,108.5,70,5.0,6424,12.77345132743360
76.8,135,108.5,70,14.0,6424,23.525663716814200
76.8,135,108.5,70,24.0,6424,35.47256637168140
74.9,130,105.6,70,0.0,6069,4.900000000000010
74.9,130,105.6,70,5.0,6069,10.652212389380500
74.9,130,105.6,70,14.0,6069,21.006194690265500
74.9,130,105.6,70,24.0,6069,32.51061946902660
72.1,125,101.4,70,0.0,5563,2.0999999999999900
72.1,125,101.4,70,5.0,5563,7.630973451327440
72.1,125,101.4,70,14.0,5563,17.586725663716800
72.1,125,101.4,70,24.0,5563,28.648672566371700
67.4,119,95.3,70,0.0,4890,-2.5999999999999900
67.4,119,95.3,70,5.0,4890,2.665486725663730
67.4,119,95.3,70,14.0,4890,12.143362831858400
67.4,119,95.3,70,24.0,4890,22.674336283185900
76.5,138,102.2,72,0.0,7508,4.5
76.5,138,102.2,72,5.0,7508,10.606194690265500
76.5,138,102.2,72,14.0,7508,21.597345132743400
76.5,138,102.2,72,24.0,7508,33.809734513274300
74.5,134,99.4,72,0.0,7069,2.5
74.5,134,99.4,72,5.0,7069,8.429203539823010
74.5,134,99.4,72,14.0,7069,19.10176991150440
74.5,134,99.4,72,24.0,7069,30.960176991150400
73.0,130,97.1,72,0.0,6756,1.0
73.0,130,97.1,72,5.0,6756,6.7522123893805300
73.0,130,97.1,72,14.0,6756,17.106194690265500
73.0,130,97.1,72,24.0,6756,28.610619469026500
71.9,129,95.8,72,0.0,6517,-0.09999999999999430
71.9,129,95.8,72,5.0,6517,5.607964601769920
71.9,129,95.8,72,14.0,6517,15.882300884955800
71.9,129,95.8,72,24.0,6517,27.298230088495600
69.8,124,92.8,72,0.0,6084,-2.200000000000000
69.8,124,92.8,72,5.0,6084,3.2867256637168100
69.8,124,92.8,72,14.0,6084,13.162831858407100
69.8,124,92.8,72,24.0,6084,24.13628318584070
67.6,114,88.7,72,0.0,5384,-4.400000000000010
67.6,114,88.7,72,5.0,5384,0.6442477876106100
67.6,114,88.7,72,14.0,5384,9.723893805309730
67.6,114,88.7,72,24.0,5384,19.81238938053100
74.5,131,105.3,72,0.0,6084,2.5
74.5,131,105.3,72,5.0,6084,8.296460176991150
74.5,131,105.3,72,14.0,6084,18.730088495575200
74.5,131,105.3,72,24.0,6084,30.323008849557500
71.0,121,99.5,72,0.0,5384,-1.0
71.0,121,99.5,72,5.0,5384,4.353982300884950
71.0,121,99.5,72,14.0,5384,13.991150442477900
71.0,121,99.5,72,24.0,5384,24.69911504424780
73.6,144,100.4,72,0.0,7098,1.5999999999999900
73.6,144,100.4,72,5.0,7098,7.971681415929200
73.6,144,100.4,72,14.0,7098,19.440707964601800
73.6,144,100.4,72,24.0,7098,32.18407079646020
72.3,142,98.6,72,0.0,6824,0.29999999999999700
72.3,142,98.6,72,5.0,6824,6.583185840707960
72.3,142,98.6,72,14.0,6824,17.892920353982300
72.3,142,98.6,72,24.0,6824,30.45929203539820
71.9,139,97.7,72,0.0,6675,-0.09999999999999430
71.9,139,97.7,72,5.0,6675,6.050442477876120
71.9,139,97.7,72,14.0,6675,17.121238938053100
71.9,139,97.7,72,24.0,6675,29.42212389380530
70.3,131,94.7,72,0.0,6314,-1.7000000000000000
70.3,131,94.7,72,5.0,6314,4.096460176991140
70.3,131,94.7,72,14.0,6314,14.530088495575200
70.3,131,94.7,72,24.0,6314,26.12300884955750
69.2,126,92.6,72,0.0,6065,-2.800000000000000
69.2,126,92.6,72,5.0,6065,2.775221238938060
69.2,126,92.6,72,14.0,6065,12.810619469026500
69.2,126,92.6,72,24.0,6065,23.96106194690270
67.9,121,90.4,72,0.0,5711,-4.099999999999990
67.9,121,90.4,72,5.0,5711,1.2539823008849600
67.9,121,90.4,72,14.0,5711,10.89115044247790
67.9,121,90.4,72,24.0,5711,21.599115044247800
66.7,120,89.0,72,0.0,5423,-5.300000000000000
66.7,120,89.0,72,5.0,5423,0.009734513274338500
66.7,120,89.0,72,14.0,5423,9.567256637168140
66.7,120,89.0,72,24.0,5423,20.186725663716800
65.6,119,87.7,72,0.0,5202,-6.400000000000010
65.6,119,87.7,72,5.0,5202,-1.1345132743362900
65.6,119,87.7,72,14.0,5202,8.3433628318584
65.6,119,87.7,72,24.0,5202,18.87433628318580
78.1,153,114.0,72,0.0,6640,6.099999999999990
78.1,153,114.0,72,5.0,6640,12.869911504424800
78.1,153,114.0,72,14.0,6640,25.05575221238940
78.1,153,114.0,72,24.0,6640,38.59557522123890
74.2,145,108.4,72,0.0,6004,2.200000000000000
74.2,145,108.4,72,5.0,6004,8.615929203539820
74.2,145,108.4,72,14.0,6004,20.164601769911500
74.2,145,108.4,72,24.0,6004,32.99646017699120
72.4,141,105.6,72,0.0,5667,0.4000000000000060
72.4,141,105.6,72,5.0,5667,6.638938053097350
72.4,141,105.6,72,14.0,5667,17.869026548672600
72.4,141,105.6,72,24.0,5667,30.346902654867300
71.1,142,104.7,72,0.0,5424,-0.9000000000000060
71.1,142,104.7,72,5.0,5424,5.383185840707950
71.1,142,104.7,72,14.0,5424,16.692920353982300
71.1,142,104.7,72,24.0,5424,29.259292035398200
70.8,140,103.7,72,0.0,5208,-1.2000000000000000
70.8,140,103.7,72,5.0,5208,4.9946902654867200
70.8,140,103.7,72,14.0,5208,16.145132743362800
70.8,140,103.7,72,24.0,5208,28.534513274336300
67.5,134,99.0,72,0.0,4745,-4.5
67.5,134,99.0,72,5.0,4745,1.429203539823010
67.5,134,99.0,72,14.0,4745,12.10176991150440
67.5,134,99.0,72,24.0,4745,23.960176991150400
64.6,130,95.1,72,0.0,4324,-7.400000000000010
64.6,130,95.1,72,5.0,4324,-1.6477876106194700
64.6,130,95.1,72,14.0,4324,8.706194690265480
64.6,130,95.1,72,24.0,4324,20.21061946902650
76.2,147,103.5,72,0.0,7278,4.200000000000000
76.2,147,103.5,72,5.0,7278,10.704424778761100
76.2,147,103.5,72,14.0,7278,22.412389380531000
76.2,147,103.5,72,24.0,7278,35.42123893805310
75.3,145,102.2,72,0.0,6994,3.300000000000000
75.3,145,102.2,72,5.0,6994,9.715929203539820
75.3,145,102.2,72,14.0,6994,21.264601769911500
75.3,145,102.2,72,24.0,6994,34.096460176991100
73.6,142,100.0,72,0.0,6650,1.5999999999999900
73.6,142,100.0,72,5.0,6650,7.883185840707950
73.6,142,100.0,72,14.0,6650,19.192920353982300
73.6,142,100.0,72,24.0,6650,31.759292035398200
72.5,137,98.0,72,0.0,6360,0.5
72.5,137,98.0,72,5.0,6360,6.561946902654870
72.5,137,98.0,72,14.0,6360,17.473451327433600
72.5,137,98.0,72,24.0,6360,29.597345132743400
71.6,134,96.4,72,0.0,6177,-0.4000000000000060
71.6,134,96.4,72,5.0,6177,5.529203539823000
71.6,134,96.4,72,14.0,6177,16.201769911504400
71.6,134,96.4,72,24.0,6177,28.060176991150400
70.2,132,94.7,72,0.0,5913,-1.8000000000000000
70.2,132,94.7,72,5.0,5913,4.040707964601780
70.2,132,94.7,72,14.0,5913,14.553982300885000
70.2,132,94.7,72,24.0,5913,26.235398230088500
69.2,130,93.4,72,0.0,5727,-2.800000000000000
69.2,130,93.4,72,5.0,5727,2.9522123893805300
69.2,130,93.4,72,14.0,5727,13.306194690265500
69.2,130,93.4,72,24.0,5727,24.81061946902660
66.1,124,89.1,72,0.0,5076,-5.900000000000010
66.1,124,89.1,72,5.0,5076,-0.41327433628319500
66.1,124,89.1,72,14.0,5076,9.462831858407070
66.1,124,89.1,72,24.0,5076,20.436283185840700
83.8,155,121.5,72,0.0,7278,11.800000000000000
83.8,155,121.5,72,5.0,7278,18.65840707964600
83.8,155,121.5,72,14.0,7278,31.00353982300890
83.8,155,121.5,72,24.0,7278,44.72035398230090
80.4,153,116.5,72,0.0,6650,8.400000000000010
80.4,153,116.5,72,5.0,6650,15.169911504424800
80.4,153,116.5,72,14.0,6650,27.35575221238940
80.4,153,116.5,72,24.0,6650,40.89557522123890
77.8,150,113.2,72,0.0,6177,5.800000000000000
77.8,150,113.2,72,5.0,6177,12.43716814159290
77.8,150,113.2,72,14.0,6177,24.38407079646020
77.8,150,113.2,72,24.0,6177,37.658407079646000
76.3,149,111.3,71,0.0,5910,5.300000000000000
76.3,149,111.3,71,5.0,5910,11.892920353982300
76.3,149,111.3,71,14.0,5910,23.760176991150400
76.3,149,111.3,71,24.0,5910,36.946017699115000
73.8,140,106.7,71,0.0,5490,2.800000000000000
73.8,140,106.7,71,5.0,5490,8.994690265486720
73.8,140,106.7,71,14.0,5490,20.145132743362800
73.8,140,106.7,71,24.0,5490,32.53451327433630
71.2,135,103.0,71,0.0,5085,0.20000000000000300
71.2,135,103.0,71,5.0,5085,6.173451327433630
71.2,135,103.0,71,14.0,5085,16.92566371681420
71.2,135,103.0,71,24.0,5085,28.872566371681400
61.0,93,78.3,64,0.0,4482,-3.0
61.0,93,78.3,64,5.0,4482,1.1150442477876100
61.0,93,78.3,64,14.0,4482,8.522123893805320
61.0,93,78.3,64,24.0,4482,16.75221238938050
60.6,93,77.9,62,0.0,4382,-1.4000000000000000
60.6,93,77.9,62,5.0,4382,2.715044247787620
60.6,93,77.9,62,14.0,4382,10.122123893805300
60.6,93,77.9,62,24.0,4382,18.352212389380500
58.6,89,75.1,60,0.0,3812,-1.4000000000000000
58.6,89,75.1,60,5.0,3812,2.5380530973451300
58.6,89,75.1,60,14.0,3812,9.626548672566370
58.6,89,75.1,60,24.0,3812,17.502654867256600
58.4,87,74.6,60,0.0,3726,-1.6000000000000000
58.4,87,74.6,60,5.0,3726,2.2495575221238900
58.4,87,74.6,60,14.0,3726,9.1787610619469
58.4,87,74.6,60,24.0,3726,16.87787610619470
64.5,105,89.3,66,0.0,4482,-1.5
64.5,105,89.3,66,5.0,4482,3.146017699115050
64.5,105,89.3,66,14.0,4482,11.508849557522100
64.5,105,89.3,66,24.0,4482,20.80088495575220
63.8,104,88.4,66,0.0,4382,-2.200000000000000
63.8,104,88.4,66,5.0,4382,2.4017699115044200
63.8,104,88.4,66,14.0,4382,10.684955752212400
63.8,104,88.4,66,24.0,4382,19.888495575221200
60.6,94,82.7,64,0.0,3812,-3.4000000000000000
60.6,94,82.7,64,5.0,3812,0.7592920353982320
60.6,94,82.7,64,14.0,3812,8.246017699115040
60.6,94,82.7,64,24.0,3812,16.564601769911500
60.0,90,81.3,64,0.0,3726,-4.0
60.0,90,81.3,64,5.0,3726,-0.017699115044244700
60.0,90,81.3,64,14.0,3726,7.150442477876110
60.0,90,81.3,64,24.0,3726,15.115044247787600
60.2,100,78.8,62,0.0,4048,-1.8000000000000000
60.2,100,78.8,62,5.0,4048,2.624778761061950
60.2,100,78.8,62,14.0,4048,10.589380530973500
60.2,100,78.8,62,24.0,4048,19.438938053097300
59.5,98,77.7,62,0.0,3861,-2.5
59.5,98,77.7,62,5.0,3861,1.8362831858407100
59.5,98,77.7,62,14.0,3861,9.641592920353990
59.5,98,77.7,62,24.0,3861,18.3141592920354
58.8,96,76.6,62,0.0,3628,-3.200000000000000
58.8,96,76.6,62,5.0,3628,1.0477876106194700
58.8,96,76.6,62,14.0,3628,8.693805309734520
58.8,96,76.6,62,24.0,3628,17.18938053097350
57.2,86,73.2,60,0.0,3142,-2.800000000000000
57.2,86,73.2,60,5.0,3142,1.0053097345132800
57.2,86,73.2,60,14.0,3142,7.854867256637160
57.2,86,73.2,60,24.0,3142,15.465486725663700
62.6,98,85.6,62,0.0,4048,0.6000000000000010
62.6,98,85.6,62,5.0,4048,4.936283185840710
62.6,98,85.6,62,14.0,4048,12.74159292035400
62.6,98,85.6,62,24.0,4048,21.414159292035400
60.2,94,82.4,62,0.0,3628,-1.8000000000000000
60.2,94,82.4,62,5.0,3628,2.3592920353982300
60.2,94,82.4,62,14.0,3628,9.846017699115050
60.2,94,82.4,62,24.0,3628,18.164601769911500
59.0,93,80.8,62,0.0,3385,-3.0
59.0,93,80.8,62,5.0,3385,1.1150442477876100
59.0,93,80.8,62,14.0,3385,8.522123893805320
59.0,93,80.8,62,24.0,3385,16.75221238938050
57.8,91,79.2,62,0.0,3142,-4.200000000000000
57.8,91,79.2,62,5.0,3142,-0.17345132743363200
57.8,91,79.2,62,14.0,3142,7.074336283185840
57.8,91,79.2,62,24.0,3142,15.127433628318600
71.3,118,93.2,71,0.0,6521,0.29999999999999700
71.3,118,93.2,71,5.0,6521,5.521238938053100
71.3,118,93.2,71,14.0,6521,14.919469026548700
71.3,118,93.2,71,24.0,6521,25.361946902654900
69.5,115,90.9,71,0.0,6153,-1.5
69.5,115,90.9,71,5.0,6153,3.588495575221250
69.5,115,90.9,71,14.0,6153,12.747787610619500
69.5,115,90.9,71,24.0,6153,22.924778761061900
68.3,114,89.5,71,0.0,5876,-2.700000000000000
68.3,114,89.5,71,5.0,5876,2.3442477876106100
68.3,114,89.5,71,14.0,5876,11.423893805309700
68.3,114,89.5,71,24.0,5876,21.512389380531000
65.4,112,86.2,71,0.0,5326,-5.599999999999990
65.4,112,86.2,71,5.0,5326,-0.6442477876106100
65.4,112,86.2,71,14.0,5326,8.276106194690270
65.4,112,86.2,71,24.0,5326,18.18761061946900
62.7,107,82.6,71,0.0,4751,-8.300000000000000
62.7,107,82.6,71,5.0,4751,-3.5654867256637200
62.7,107,82.6,71,14.0,4751,4.956637168141600
62.7,107,82.6,71,24.0,4751,14.42566371681420
67.7,111,93.9,69,0.0,4751,-1.3000000000000000
67.7,111,93.9,69,5.0,4751,3.611504424778760
67.7,111,93.9,69,14.0,4751,12.452212389380500
67.7,111,93.9,69,24.0,4751,22.27522123893810
32.8,111,43.1,34,0.0,2729,-1.2000000000000000
32.8,111,43.1,34,5.0,2729,3.7115044247787600
32.8,111,43.1,34,14.0,2729,12.552212389380500
32.8,111,43.1,34,24.0,2729,22.375221238938100
32.1,107,42.0,34,0.0,2591,-1.9000000000000000
32.1,107,42.0,34,5.0,2591,2.834513274336290
32.1,107,42.0,34,14.0,2591,11.356637168141600
32.1,107,42.0,34,24.0,2591,20.825663716814200
31.5,104,41.2,34,0.0,2477,-2.5
31.5,104,41.2,34,5.0,2477,2.1017699115044300
31.5,104,41.2,34,14.0,2477,10.384955752212400
31.5,104,41.2,34,24.0,2477,19.588495575221200
35.2,116,48.9,34,0.0,2729,1.2000000000000000
35.2,116,48.9,34,5.0,2729,6.332743362831860
35.2,116,48.9,34,14.0,2729,15.571681415929200
35.2,116,48.9,34,24.0,2729,25.837168141592900
34.4,112,47.6,34,0.0,2591,0.3999999999999990
34.4,112,47.6,34,5.0,2591,5.355752212389380
34.4,112,47.6,34,14.0,2591,14.276106194690300
34.4,112,47.6,34,24.0,2591,24.187610619469000
33.9,107,46.5,34,0.0,2477,-0.10000000000000100
33.9,107,46.5,34,5.0,2477,4.634513274336290
33.9,107,46.5,34,14.0,2477,13.156637168141600
33.9,107,46.5,34,24.0,2477,22.62566371681420
70.2,122,92.7,71,0.0,6494,-0.7999999999999970
70.2,122,92.7,71,5.0,6494,4.598230088495580
70.2,122,92.7,71,14.0,6494,14.315044247787600
70.2,122,92.7,71,24.0,6494,25.111504424778800
67.1,109,87.3,71,0.0,5863,-3.9000000000000100
67.1,109,87.3,71,5.0,5863,0.9230088495575190
67.1,109,87.3,71,14.0,5863,9.604424778761060
67.1,109,87.3,71,24.0,5863,19.250442477876100
62.6,98,80.8,71,0.0,4923,-8.400000000000000
62.6,98,80.8,71,5.0,4923,-4.063716814159290
62.6,98,80.8,71,14.0,4923,3.7415929203539800
62.6,98,80.8,71,24.0,4923,12.414159292035400
72.7,122,101.4,71,0.0,5863,1.7000000000000000
72.7,122,101.4,71,5.0,5863,7.098230088495580
72.7,122,101.4,71,14.0,5863,16.81504424778760
72.7,122,101.4,71,24.0,5863,27.611504424778800
66.8,105,91.6,71,0.0,4923,-4.200000000000000
66.8,105,91.6,71,5.0,4923,0.4460176991150460
66.8,105,91.6,71,14.0,4923,8.808849557522120
66.8,105,91.6,71,24.0,4923,18.100884955752200
66.0,103,90.3,71,0.0,4788,-5.0
66.0,103,90.3,71,5.0,4788,-0.4424778761061960
66.0,103,90.3,71,14.0,4788,7.761061946902660
66.0,103,90.3,71,24.0,4788,16.876106194690300
66.0,109,86.1,69,0.0,5432,-3.0
66.0,109,86.1,69,5.0,5432,1.8230088495575200
66.0,109,86.1,69,14.0,5432,10.504424778761100
66.0,109,86.1,69,24.0,5432,20.150442477876100
65.5,108,85.5,69,0.0,5322,-3.5
65.5,108,85.5,69,5.0,5322,1.2787610619469100
65.5,108,85.5,69,14.0,5322,9.880530973451330
65.5,108,85.5,69,24.0,5322,19.438053097345100
64.9,107,84.7,69,0.0,5191,-4.099999999999990
64.9,107,84.7,69,5.0,5191,0.6345132743362850
64.9,107,84.7,69,14.0,5191,9.1566371681416
64.9,107,84.7,69,24.0,5191,18.62566371681420
63.8,104,83.0,69,0.0,4984,-5.200000000000000
63.8,104,83.0,69,5.0,4984,-0.5982300884955830
63.8,104,83.0,69,14.0,4984,7.684955752212390
63.8,104,83.0,69,24.0,4984,16.888495575221200
60.5,95,78.1,69,0.0,4214,-8.5
60.5,95,78.1,69,5.0,4214,-4.296460176991150
60.5,95,78.1,69,14.0,4214,3.2699115044247800
60.5,95,78.1,69,24.0,4214,11.676991150442500
71.2,121,99.8,69,0.0,5432,2.200000000000000
71.2,121,99.8,69,5.0,5432,7.553982300884950
71.2,121,99.8,69,14.0,5432,17.191150442477900
71.2,121,99.8,69,24.0,5432,27.899115044247800
70.5,120,98.8,69,0.0,5322,1.5
70.5,120,98.8,69,5.0,5322,6.809734513274340
70.5,120,98.8,69,14.0,5322,16.36725663716810
70.5,120,98.8,69,24.0,5322,26.98672566371680
69.6,118,97.4,69,0.0,5191,0.5999999999999940
69.6,118,97.4,69,5.0,5191,5.821238938053090
69.6,118,97.4,69,14.0,5191,15.219469026548700
69.6,118,97.4,69,24.0,5191,25.66194690265490
68.3,115,95.5,69,0.0,4984,-0.7000000000000030
68.3,115,95.5,69,5.0,4984,4.388495575221240
68.3,115,95.5,69,14.0,4984,13.547787610619500
68.3,115,95.5,69,24.0,4984,23.72477876106190
63.9,104,88.5,69,0.0,4214,-5.100000000000000
63.9,104,88.5,69,5.0,4214,-0.4982300884955750
63.9,104,88.5,69,14.0,4214,7.784955752212380
63.9,104,88.5,69,24.0,4214,16.988495575221200
75.0,130,98.9,72,0.0,7247,3.0
75.0,130,98.9,72,5.0,7247,8.752212389380530
75.0,130,98.9,72,14.0,7247,19.106194690265500
75.0,130,98.9,72,24.0,7247,30.610619469026500
72.3,128,95.7,72,0.0,6814,0.29999999999999700
72.3,128,95.7,72,5.0,6814,5.963716814159280
72.3,128,95.7,72,14.0,6814,16.15840707964600
72.3,128,95.7,72,24.0,6814,27.4858407079646
70.8,123,93.5,72,0.0,6514,-1.2000000000000000
70.8,123,93.5,72,5.0,6514,4.242477876106190
70.8,123,93.5,72,14.0,6514,14.03893805309730
70.8,123,93.5,72,24.0,6514,24.92389380530970
68.2,116,89.5,72,0.0,5985,-3.800000000000000
68.2,116,89.5,72,5.0,5985,1.332743362831860
68.2,116,89.5,72,14.0,5985,10.571681415929200
68.2,116,89.5,72,24.0,5985,20.837168141592900
70.3,117,97.5,72,0.0,5262,-1.7000000000000000
70.3,117,97.5,72,5.0,5262,3.4769911504424700
70.3,117,97.5,72,14.0,5262,12.795575221238900
70.3,117,97.5,72,24.0,5262,23.1495575221239
69.7,128,93.5,70,0.0,6014,-0.29999999999999700
69.7,128,93.5,70,5.0,6014,5.3637168141592900
69.7,128,93.5,70,14.0,6014,15.558407079646000
69.7,128,93.5,70,24.0,6014,26.885840707964600
67.0,122,89.6,70,0.0,5394,-3.0
67.0,122,89.6,70,5.0,5394,2.3982300884955800
67.0,122,89.6,70,14.0,5394,12.115044247787600
67.0,122,89.6,70,24.0,5394,22.911504424778800
64.3,111,84.8,70,0.0,4724,-5.700000000000000
64.3,111,84.8,70,5.0,4724,-0.7884955752212480
64.3,111,84.8,70,14.0,4724,8.052212389380530
64.3,111,84.8,70,24.0,4724,17.875221238938100
63.9,109,84.1,70,0.0,4563,-6.100000000000000
63.9,109,84.1,70,5.0,4563,-1.276991150442480
63.9,109,84.1,70,14.0,4563,7.404424778761050
63.9,109,84.1,70,24.0,4563,17.050442477876100
75.5,135,107.4,70,0.0,6014,5.5
75.5,135,107.4,70,5.0,6014,11.473451327433600
75.5,135,107.4,70,14.0,6014,22.225663716814200
75.5,135,107.4,70,24.0,6014,34.17256637168140
72.0,130,102.7,70,0.0,5394,2.0
72.0,130,102.7,70,5.0,5394,7.7522123893805300
72.0,130,102.7,70,14.0,5394,18.106194690265500
72.0,130,102.7,70,24.0,5394,29.610619469026500
68.4,123,97.5,70,0.0,4724,-1.5999999999999900
68.4,123,97.5,70,5.0,4724,3.8424778761062000
68.4,123,97.5,70,14.0,4724,13.638938053097300
68.4,123,97.5,70,24.0,4724,24.52389380530970
67.6,120,96.1,70,0.0,4563,-2.4000000000000100
67.6,120,96.1,70,5.0,4563,2.90973451327433
67.6,120,96.1,70,14.0,4563,12.467256637168100
67.6,120,96.1,70,24.0,4563,23.086725663716800
67.2,112,87.9,70,0.0,5759,-2.800000000000000
67.2,112,87.9,70,5.0,5759,2.1557522123893900
67.2,112,87.9,70,14.0,5759,11.076106194690300
67.2,112,87.9,70,24.0,5759,20.987610619469000
64.6,105,84.1,70,0.0,5219,-5.400000000000010
64.6,105,84.1,70,5.0,5219,-0.7539823008849570
64.6,105,84.1,70,14.0,5219,7.60884955752212
64.6,105,84.1,70,24.0,5219,16.900884955752200
67.1,110,93.1,70,0.0,4845,-2.9000000000000100
67.1,110,93.1,70,5.0,4845,1.9672566371681300
67.1,110,93.1,70,14.0,4845,10.728318584070800
67.1,110,93.1,70,24.0,4845,20.46283185840710
67.7,126,91.1,70,0.0,5545,-2.300000000000000
67.7,126,91.1,70,5.0,5545,3.275221238938060
67.7,126,91.1,70,14.0,5545,13.310619469026500
67.7,126,91.1,70,24.0,5545,24.46106194690270
66.7,121,89.1,70,0.0,5296,-3.300000000000000
66.7,121,89.1,70,5.0,5296,2.053982300884950
66.7,121,89.1,70,14.0,5296,11.691150442477900
66.7,121,89.1,70,24.0,5296,22.399115044247800
70.0,124,99.2,72,0.0,4978,-2.0
70.0,124,99.2,72,5.0,4978,3.486725663716810
70.0,124,99.2,72,14.0,4978,13.362831858407100
70.0,124,99.2,72,24.0,4978,24.3362831858407
65.8,123,88.6,72,0.0,5484,-6.200000000000000
65.8,123,88.6,72,5.0,5484,-0.757522123893807
65.8,123,88.6,72,14.0,5484,9.03893805309734
65.8,123,88.6,72,24.0,5484,19.92389380530970
64.8,121,87.2,71,0.0,5334,-6.200000000000000
64.8,121,87.2,71,5.0,5334,-0.8460176991150520
64.8,121,87.2,71,14.0,5334,8.791150442477870
64.8,121,87.2,71,24.0,5334,19.499115044247800
64.2,118,86.2,70,0.0,5184,-5.800000000000000
64.2,118,86.2,70,5.0,5184,-0.5787610619468920
64.2,118,86.2,70,14.0,5184,8.819469026548670
64.2,118,86.2,70,24.0,5184,19.26194690265490
62.9,114,84.1,70,0.0,4930,-7.100000000000000
62.9,114,84.1,70,5.0,4930,-2.055752212389380
62.9,114,84.1,70,14.0,4930,7.02389380530974
62.9,114,84.1,70,24.0,4930,17.11238938053100
62.0,109,82.2,70,0.0,4676,-8.0
62.0,109,82.2,70,5.0,4676,-3.1769911504424800
62.0,109,82.2,70,14.0,4676,5.504424778761060
62.0,109,82.2,70,24.0,4676,15.150442477876100
70.6,132,101.6,72,0.0,5484,-1.4000000000000100
70.6,132,101.6,72,5.0,5484,4.440707964601770
70.6,132,101.6,72,14.0,5484,14.953982300884900
70.6,132,101.6,72,24.0,5484,26.635398230088500
69.6,128,99.8,72,0.0,5334,-2.4000000000000100
69.6,128,99.8,72,5.0,5334,3.263716814159280
69.6,128,99.8,72,14.0,5334,13.458407079646000
69.6,128,99.8,72,24.0,5334,24.785840707964600
68.6,126,98.4,72,0.0,5184,-3.4000000000000100
68.6,126,98.4,72,5.0,5184,2.1752212389380500
68.6,126,98.4,72,14.0,5184,12.21061946902650
68.6,126,98.4,72,24.0,5184,23.36106194690270
67.5,122,96.2,72,0.0,4930,-4.5
67.5,122,96.2,72,5.0,4930,0.8982300884955810
67.5,122,96.2,72,14.0,4930,10.615044247787600
67.5,122,96.2,72,24.0,4930,21.411504424778800
66.4,118,94.2,72,0.0,4676,-5.599999999999990
66.4,118,94.2,72,5.0,4676,-0.3787610619469040
66.4,118,94.2,72,14.0,4676,9.019469026548680
66.4,118,94.2,72,24.0,4676,19.461946902654900
67.1,113,88.1,69,0.0,5660,-1.9000000000000100
67.1,113,88.1,69,5.0,5660,3.0999999999999900
67.1,113,88.1,69,14.0,5660,12.100000000000000
67.1,113,88.1,69,24.0,5660,22.100000000000000
64.4,106,84.0,68,0.0,5074,-3.5999999999999900
64.4,106,84.0,68,5.0,5074,1.09026548672567
64.4,106,84.0,68,14.0,5074,9.532743362831870
64.4,106,84.0,68,24.0,5074,18.913274336283200
61.2,100,79.8,68,0.0,4392,-6.800000000000000
61.2,100,79.8,68,5.0,4392,-2.375221238938050
61.2,100,79.8,68,14.0,4392,5.589380530973460
61.2,100,79.8,68,24.0,4392,14.438938053097300
69.2,119,97.2,72,0.0,5074,-2.800000000000000
69.2,119,97.2,72,5.0,5074,2.465486725663720
69.2,119,97.2,72,14.0,5074,11.943362831858400
69.2,119,97.2,72,24.0,5074,22.47433628318590
65.0,110,91.0,72,0.0,4392,-7.0
65.0,110,91.0,72,5.0,4392,-2.13274336283186
65.0,110,91.0,72,14.0,4392,6.628318584070800
65.0,110,91.0,72,24.0,4392,16.362831858407100
69.7,123,92.5,70,0.0,6105,-0.29999999999999700
69.7,123,92.5,70,5.0,6105,5.142477876106200
69.7,123,92.5,70,14.0,6105,14.938938053097300
69.7,123,92.5,70,24.0,6105,25.823893805309700
68.5,117,90.2,70,0.0,5849,-1.5
68.5,117,90.2,70,5.0,5849,3.6769911504424800
68.5,117,90.2,70,14.0,5849,12.995575221238900
68.5,117,90.2,70,24.0,5849,23.349557522123900
70.7,128,100.8,71,0.0,5239,-0.29999999999999700
70.7,128,100.8,71,5.0,5239,5.3637168141592900
70.7,128,100.8,71,14.0,5239,15.558407079646000
70.7,128,100.8,71,24.0,5239,26.885840707964600
74.2,138,99.7,72,0.0,6813,2.200000000000000
74.2,138,99.7,72,5.0,6813,8.306194690265490
74.2,138,99.7,72,14.0,6813,19.29734513274340
74.2,138,99.7,72,24.0,6813,31.50973451327430
72.0,134,96.9,72,0.0,6430,0.0
72.0,134,96.9,72,5.0,6430,5.929203539823010
72.0,134,96.9,72,14.0,6430,16.60176991150440
72.0,134,96.9,72,24.0,6430,28.460176991150400
69.9,127,93.4,72,0.0,6007,-2.0999999999999900
69.9,127,93.4,72,5.0,6007,3.519469026548680
69.9,127,93.4,72,14.0,6007,13.634513274336300
69.9,127,93.4,72,24.0,6007,24.873451327433600
67.8,123,90.6,72,0.0,5557,-4.200000000000000
67.8,123,90.6,72,5.0,5557,1.242477876106190
67.8,123,90.6,72,14.0,5557,11.03893805309730
67.8,123,90.6,72,24.0,5557,21.92389380530970
64.8,113,85.8,72,0.0,4905,-7.200000000000000
64.8,113,85.8,72,5.0,4905,-2.200000000000000
64.8,113,85.8,72,14.0,4905,6.800000000000000
64.8,113,85.8,72,24.0,4905,16.800000000000000
75.7,142,109.1,72,0.0,6007,3.700000000000000
75.7,142,109.1,72,5.0,6007,9.98318584070796
75.7,142,109.1,72,14.0,6007,21.29292035398230
75.7,142,109.1,72,24.0,6007,33.85929203539820
73.2,137,105.4,72,0.0,5557,1.2000000000000000
73.2,137,105.4,72,5.0,5557,7.26194690265487
73.2,137,105.4,72,14.0,5557,18.17345132743360
73.2,137,105.4,72,24.0,5557,30.297345132743400
70.0,122,98.8,72,0.0,4905,-2.0
70.0,122,98.8,72,5.0,4905,3.3982300884955800
70.0,122,98.8,72,14.0,4905,13.115044247787600
70.0,122,98.8,72,24.0,4905,23.911504424778800
69.6,116,91.2,72,0.0,6114,-2.4000000000000100
69.6,116,91.2,72,5.0,6114,2.7327433628318500
69.6,116,91.2,72,14.0,6114,11.971681415929200
69.6,116,91.2,72,24.0,6114,22.237168141592900
66.0,110,86.4,72,0.0,5342,-6.0
66.0,110,86.4,72,5.0,5342,-1.1327433628318600
66.0,110,86.4,72,14.0,5342,7.628318584070800
66.0,110,86.4,72,24.0,5342,17.362831858407100
61.6,95,79.2,72,0.0,4798,-10.400000000000000
61.6,95,79.2,72,5.0,4798,-6.1964601769911500
61.6,95,79.2,72,14.0,4798,1.3699115044247800
61.6,95,79.2,72,24.0,4798,9.776991150442480
69.6,104,94.2,72,0.0,5342,-2.4000000000000100
69.6,104,94.2,72,5.0,5342,2.201769911504410
69.6,104,94.2,72,14.0,5342,10.484955752212400
69.6,104,94.2,72,24.0,5342,19.688495575221200
67.8,110,93.8,72,0.0,4798,-4.200000000000000
67.8,110,93.8,72,5.0,4798,0.667256637168137
67.8,110,93.8,72,14.0,4798,9.428318584070790
67.8,110,93.8,72,24.0,4798,19.162831858407100
59.8,94,82.0,72,0.0,3440,-12.200000000000000
59.8,94,82.0,72,5.0,3440,-8.040707964601770
59.8,94,82.0,72,14.0,3440,-0.5539823008849540
59.8,94,82.0,72,24.0,3440,7.764601769911510
73.6,140,99.5,71,0.0,6805,2.5999999999999900
73.6,140,99.5,71,5.0,6805,8.794690265486720
73.6,140,99.5,71,14.0,6805,19.94513274336280
73.6,140,99.5,71,24.0,6805,32.334513274336300
72.3,131,96.7,71,0.0,6502,1.3000000000000000
72.3,131,96.7,71,5.0,6502,7.096460176991140
72.3,131,96.7,71,14.0,6502,17.530088495575200
72.3,131,96.7,71,24.0,6502,29.12300884955750
69.4,124,92.3,71,0.0,5889,-1.5999999999999900
69.4,124,92.3,71,5.0,5889,3.886725663716820
69.4,124,92.3,71,14.0,5889,13.762831858407100
69.4,124,92.3,71,24.0,5889,24.736283185840700
75.1,131,106.1,71,0.0,5889,4.099999999999990
75.1,131,106.1,71,5.0,5889,9.896460176991140
75.1,131,106.1,71,14.0,5889,20.33008849557520
75.1,131,106.1,71,24.0,5889,31.92300884955750
70.2,122,99.0,71,0.0,5082,-0.7999999999999970
70.2,122,99.0,71,5.0,5082,4.598230088495580
70.2,122,99.0,71,14.0,5082,14.315044247787600
70.2,122,99.0,71,24.0,5082,25.111504424778800
69.7,118,91.6,72,0.0,6369,-2.300000000000000
69.7,118,91.6,72,5.0,6369,2.921238938053110
69.7,118,91.6,72,14.0,6369,12.319469026548700
69.7,118,91.6,72,24.0,6369,22.76194690265490
68.5,115,89.9,72,0.0,6081,-3.5
68.5,115,89.9,72,5.0,6081,1.5884955752212400
68.5,115,89.9,72,14.0,6081,10.747787610619500
68.5,115,89.9,72,24.0,6081,20.924778761061900
64.8,109,85.0,72,0.0,5280,-7.200000000000000
64.8,109,85.0,72,5.0,5280,-2.3769911504424800
64.8,109,85.0,72,14.0,5280,6.30442477876106
64.8,109,85.0,72,24.0,5280,15.950442477876100
64.3,107,84.2,72,0.0,5163,-7.700000000000000
64.3,107,84.2,72,5.0,5163,-2.965486725663720
64.3,107,84.2,72,14.0,5163,5.556637168141590
64.3,107,84.2,72,24.0,5163,15.025663716814200
60.9,100,79.4,72,0.0,4189,-11.100000000000000
60.9,100,79.4,72,5.0,4189,-6.67522123893805
60.9,100,79.4,72,14.0,4189,1.289380530973450
60.9,100,79.4,72,24.0,4189,10.138938053097300
56.0,91,72.8,72,0.0,3030,-16.0
56.0,91,72.8,72,5.0,3030,-11.97345132743360
56.0,91,72.8,72,14.0,3030,-4.725663716814150
56.0,91,72.8,72,24.0,3030,3.3274336283185900
73.9,124,103.0,72,0.0,6081,1.9000000000000100
73.9,124,103.0,72,5.0,6081,7.386725663716820
73.9,124,103.0,72,14.0,6081,17.262831858407100
73.9,124,103.0,72,24.0,6081,28.236283185840700
69.5,114,96.3,72,0.0,5280,-2.5
69.5,114,96.3,72,5.0,5280,2.5442477876106200
69.5,114,96.3,72,14.0,5280,11.623893805309700
69.5,114,96.3,72,24.0,5280,21.712389380531000
68.8,112,95.3,72,0.0,5163,-3.200000000000000
68.8,112,95.3,72,5.0,5163,1.7557522123893800
68.8,112,95.3,72,14.0,5163,10.676106194690300
68.8,112,95.3,72,24.0,5163,20.587610619469000
63.3,101,87.2,72,0.0,4189,-8.700000000000000
63.3,101,87.2,72,5.0,4189,-4.230973451327430
63.3,101,87.2,72,14.0,4189,3.813274336283190
63.3,101,87.2,72,24.0,4189,12.751327433628300
57.4,89,78.2,72,0.0,3030,-14.600000000000000
57.4,89,78.2,72,5.0,3030,-10.661946902654900
57.4,89,78.2,72,14.0,3030,-3.573451327433630
57.4,89,78.2,72,24.0,3030,4.302654867256640
69.2,120,91.4,72,0.0,5785,-2.800000000000000
69.2,120,91.4,72,5.0,5785,2.5097345132743400
69.2,120,91.4,72,14.0,5785,12.067256637168100
69.2,120,91.4,72,24.0,5785,22.686725663716800
70.2,118,97.9,72,0.0,5137,-1.8000000000000000
70.2,118,97.9,72,5.0,5137,3.421238938053110
70.2,118,97.9,72,14.0,5137,12.819469026548700
70.2,118,97.9,72,24.0,5137,23.26194690265490
77.4,146,104.5,72,0.0,7545,5.400000000000010
77.4,146,104.5,72,5.0,7545,11.860176991150500
77.4,146,104.5,72,14.0,7545,23.488495575221200
77.4,146,104.5,72,24.0,7545,36.40884955752210
75.0,140,100.9,72,0.0,7023,3.0
75.0,140,100.9,72,5.0,7023,9.194690265486730
75.0,140,100.9,72,14.0,7023,20.345132743362800
75.0,140,100.9,72,24.0,7023,32.73451327433630
73.5,139,99.3,72,0.0,6721,1.5
73.5,139,99.3,72,5.0,6721,7.650442477876110
73.5,139,99.3,72,14.0,6721,18.72123893805310
73.5,139,99.3,72,24.0,6721,31.022123893805300
71.7,139,97.5,72,0.0,6360,-0.29999999999999700
71.7,139,97.5,72,5.0,6360,5.850442477876120
71.7,139,97.5,72,14.0,6360,16.921238938053100
71.7,139,97.5,72,24.0,6360,29.222123893805300
67.6,132,92.1,72,0.0,5480,-4.400000000000010
67.6,132,92.1,72,5.0,5480,1.4407079646017700
67.6,132,92.1,72,14.0,5480,11.953982300884900
67.6,132,92.1,72,24.0,5480,23.635398230088500
78.8,144,112.7,72,0.0,6360,6.800000000000000
78.8,144,112.7,72,5.0,6360,13.1716814159292
78.8,144,112.7,72,14.0,6360,24.640707964601800
78.8,144,112.7,72,24.0,6360,37.38407079646020
72.9,138,105.3,72,0.0,5480,0.9000000000000060
72.9,138,105.3,72,5.0,5480,7.006194690265490
72.9,138,105.3,72,14.0,5480,17.997345132743400
72.9,138,105.3,72,24.0,5480,30.20973451327430
71.8,136,97.0,72,0.0,6395,-0.20000000000000300
71.8,136,97.0,72,5.0,6395,5.817699115044250
71.8,136,97.0,72,14.0,6395,16.6495575221239
71.8,136,97.0,72,24.0,6395,28.68495575221240
69.6,132,94.1,72,0.0,5918,-2.4000000000000100
69.6,132,94.1,72,5.0,5918,3.4407079646017700
69.6,132,94.1,72,14.0,5918,13.953982300884900
69.6,132,94.1,72,24.0,5918,25.635398230088500
68.6,127,92.1,72,0.0,5660,-3.4000000000000100
68.6,127,92.1,72,5.0,5660,2.2194690265486700
68.6,127,92.1,72,14.0,5660,12.334513274336300
68.6,127,92.1,72,24.0,5660,23.573451327433600
66.2,120,88.5,72,0.0,5229,-5.800000000000000
66.2,120,88.5,72,5.0,5229,-0.4902654867256620
66.2,120,88.5,72,14.0,5229,9.067256637168140
66.2,120,88.5,72,24.0,5229,19.686725663716800
63.4,115,84.7,72,0.0,4525,-8.600000000000000
63.4,115,84.7,72,5.0,4525,-3.5115044247787600
63.4,115,84.7,72,14.0,4525,5.647787610619470
63.4,115,84.7,72,24.0,4525,15.82477876106200
71.9,132,103.0,72,0.0,5229,-0.09999999999999430
71.9,132,103.0,72,5.0,5229,5.740707964601780
71.9,132,103.0,72,14.0,5229,16.253982300885000
71.9,132,103.0,72,24.0,5229,27.93539823008850
67.9,123,96.8,72,0.0,4525,-4.099999999999990
67.9,123,96.8,72,5.0,4525,1.3424778761062000
67.9,123,96.8,72,14.0,4525,11.138938053097300
67.9,123,96.8,72,24.0,4525,22.02389380530970
74.2,139,99.9,71,0.0,6807,3.200000000000000
74.2,139,99.9,71,5.0,6807,9.350442477876120
74.2,139,99.9,71,14.0,6807,20.421238938053100
74.2,139,99.9,71,24.0,6807,32.7221238938053
72.0,134,96.9,71,0.0,6332,1.0
72.0,134,96.9,71,5.0,6332,6.929203539823010
72.0,134,96.9,71,14.0,6332,17.60176991150440
72.0,134,96.9,71,24.0,6332,29.460176991150400
69.9,133,94.6,71,0.0,5958,-1.0999999999999900
69.9,133,94.6,71,5.0,5958,4.784955752212400
69.9,133,94.6,71,14.0,5958,15.377876106194700
69.9,133,94.6,71,24.0,5958,27.147787610619500
68.6,128,92.3,71,0.0,5656,-2.4000000000000100
68.6,128,92.3,71,5.0,5656,3.263716814159280
68.6,128,92.3,71,14.0,5656,13.458407079646000
68.6,128,92.3,71,24.0,5656,24.785840707964600
65.1,121,87.6,71,0.0,4858,-5.900000000000010
65.1,121,87.6,71,5.0,4858,-0.5460176991150550
65.1,121,87.6,71,14.0,4858,9.091150442477870
65.1,121,87.6,71,24.0,4858,19.799115044247800
74.8,142,108.2,71,0.0,5656,3.800000000000000
74.8,142,108.2,71,5.0,5656,10.083185840708000
74.8,142,108.2,71,14.0,5656,21.392920353982300
74.8,142,108.2,71,24.0,5656,33.95929203539820
70.2,132,101.4,71,0.0,4858,-0.7999999999999970
70.2,132,101.4,71,5.0,4858,5.040707964601780
70.2,132,101.4,71,14.0,4858,15.553982300885000
70.2,132,101.4,71,24.0,4858,27.235398230088500
70.4,121,92.8,72,0.0,6009,-1.5999999999999900
70.4,121,92.8,72,5.0,6009,3.7539823008849600
70.4,121,92.8,72,14.0,6009,13.39115044247790
70.4,121,92.8,72,24.0,6009,24.099115044247800
68.1,115,89.5,72,0.0,5490,-3.9000000000000100
68.1,115,89.5,72,5.0,5490,1.1884955752212400
68.1,115,89.5,72,14.0,5490,10.347787610619500
68.1,115,89.5,72,24.0,5490,20.52477876106190
65.1,111,85.6,72,0.0,4893,-6.900000000000010
65.1,111,85.6,72,5.0,4893,-1.9884955752212500
65.1,111,85.6,72,14.0,4893,6.852212389380530
65.1,111,85.6,72,24.0,4893,16.67522123893810
64.3,110,84.6,72,0.0,4666,-7.700000000000000
64.3,110,84.6,72,5.0,4666,-2.832743362831860
64.3,110,84.6,72,14.0,4666,5.928318584070790
64.3,110,84.6,72,24.0,4666,15.662831858407100
75.5,131,106.2,72,0.0,6009,3.5
75.5,131,106.2,72,5.0,6009,9.296460176991150
75.5,131,106.2,72,14.0,6009,19.730088495575200
75.5,131,106.2,72,24.0,6009,31.323008849557500
72.6,124,101.8,72,0.0,5490,0.5999999999999940
72.6,124,101.8,72,5.0,5490,6.0867256637168100
72.6,124,101.8,72,14.0,5490,15.962831858407100
72.6,124,101.8,72,24.0,5490,26.936283185840700
69.3,117,96.9,72,0.0,4893,-2.700000000000000
69.3,117,96.9,72,5.0,4893,2.4769911504424700
69.3,117,96.9,72,14.0,4893,11.795575221238900
69.3,117,96.9,72,24.0,4893,22.1495575221239
68.0,115,95.0,72,0.0,4666,-4.0
68.0,115,95.0,72,5.0,4666,1.0884955752212400
68.0,115,95.0,72,14.0,4666,10.247787610619500
68.0,115,95.0,72,24.0,4666,20.424778761061900
70.0,123,92.7,70,0.0,6123,0.0
70.0,123,92.7,70,5.0,6123,5.442477876106200
70.0,123,92.7,70,14.0,6123,15.238938053097300
70.0,123,92.7,70,24.0,6123,26.123893805309700
68.3,120,90.5,70,0.0,5779,-1.7000000000000000
68.3,120,90.5,70,5.0,5779,3.609734513274330
68.3,120,90.5,70,14.0,5779,13.167256637168100
68.3,120,90.5,70,24.0,5779,23.786725663716800
66.7,116,88.2,70,0.0,5393,-3.300000000000000
66.7,116,88.2,70,5.0,5393,1.832743362831860
66.7,116,88.2,70,14.0,5393,11.071681415929200
66.7,116,88.2,70,24.0,5393,21.337168141592900
64.6,112,85.3,70,0.0,4934,-5.400000000000010
64.6,112,85.3,70,5.0,4934,-0.444247787610621
64.6,112,85.3,70,14.0,4934,8.47610619469026
64.6,112,85.3,70,24.0,4934,18.38761061946900
61.4,103,80.6,70,0.0,4112,-8.600000000000000
61.4,103,80.6,70,5.0,4112,-4.04247787610619
61.4,103,80.6,70,14.0,4112,4.161061946902650
61.4,103,80.6,70,24.0,4112,13.276106194690300
76.3,142,109.9,70,0.0,6123,6.300000000000000
76.3,142,109.9,70,5.0,6123,12.583185840708000
76.3,142,109.9,70,14.0,6123,23.892920353982300
76.3,142,109.9,70,24.0,6123,36.45929203539820
74.4,138,107.0,70,0.0,5779,4.400000000000010
74.4,138,107.0,70,5.0,5779,10.506194690265500
74.4,138,107.0,70,14.0,5779,21.497345132743400
74.4,138,107.0,70,24.0,5779,33.70973451327430
72.3,133,103.7,70,0.0,5393,2.300000000000000
72.3,133,103.7,70,5.0,5393,8.184955752212390
72.3,133,103.7,70,14.0,5393,18.777876106194700
72.3,133,103.7,70,24.0,5393,30.547787610619500
69.3,124,98.4,70,0.0,4934,-0.7000000000000030
69.3,124,98.4,70,5.0,4934,4.786725663716810
69.3,124,98.4,70,14.0,4934,14.662831858407100
69.3,124,98.4,70,24.0,4934,25.63628318584070
64.4,112,90.8,70,0.0,4112,-5.599999999999990
64.4,112,90.8,70,5.0,4112,-0.6442477876106100
64.4,112,90.8,70,14.0,4112,8.276106194690270
64.4,112,90.8,70,24.0,4112,18.18761061946900
65.2,113,86.2,67,0.0,5290,-1.8000000000000000
65.2,113,86.2,67,5.0,5290,3.200000000000000
65.2,113,86.2,67,14.0,5290,12.200000000000000
65.2,113,86.2,67,24.0,5290,22.200000000000000
64.0,110,84.4,67,0.0,4970,-3.0
64.0,110,84.4,67,5.0,4970,1.8672566371681400
64.0,110,84.4,67,14.0,4970,10.628318584070800
64.0,110,84.4,67,24.0,4970,20.362831858407100
69.2,117,96.8,67,0.0,4970,2.200000000000000
69.2,117,96.8,67,5.0,4970,7.376991150442480
69.2,117,96.8,67,14.0,4970,16.69557522123890
69.2,117,96.8,67,24.0,4970,27.049557522123900
66.2,108,91.6,67,0.0,4493,-0.7999999999999970
66.2,108,91.6,67,5.0,4493,3.978761061946910
66.2,108,91.6,67,14.0,4493,12.580530973451300
66.2,108,91.6,67,24.0,4493,22.138053097345100
74.4,138,100.0,72,0.0,7022,2.4000000000000100
74.4,138,100.0,72,5.0,7022,8.506194690265490
74.4,138,100.0,72,14.0,7022,19.497345132743400
74.4,138,100.0,72,24.0,7022,31.70973451327430
71.6,135,96.6,72,0.0,6413,-0.4000000000000060
71.6,135,96.6,72,5.0,6413,5.573451327433620
71.6,135,96.6,72,14.0,6413,16.325663716814100
71.6,135,96.6,72,24.0,6413,28.27256637168140
69.5,130,93.6,72,0.0,5951,-2.5
69.5,130,93.6,72,5.0,5951,3.2522123893805300
69.5,130,93.6,72,14.0,5951,13.606194690265500
69.5,130,93.6,72,24.0,5951,25.110619469026500
66.5,124,89.5,72,0.0,5283,-5.5
66.5,124,89.5,72,5.0,5283,-0.013274336283188900
66.5,124,89.5,72,14.0,5283,9.862831858407080
66.5,124,89.5,72,24.0,5283,20.8362831858407
74.1,126,103.8,72,0.0,5951,2.0999999999999900
74.1,126,103.8,72,5.0,5951,7.67522123893805
74.1,126,103.8,72,14.0,5951,17.71061946902650
74.1,126,103.8,72,24.0,5951,28.86106194690270
69.8,121,98.3,72,0.0,5283,-2.200000000000000
69.8,121,98.3,72,5.0,5283,3.153982300884950
69.8,121,98.3,72,14.0,5283,12.791150442477900
69.8,121,98.3,72,24.0,5283,23.499115044247800
74.0,142,100.4,72,0.0,6965,2.0
74.0,142,100.4,72,5.0,6965,8.283185840707960
74.0,142,100.4,72,14.0,6965,19.592920353982300
74.0,142,100.4,72,24.0,6965,32.15929203539820
72.4,139,98.2,72,0.0,6605,0.4000000000000060
72.4,139,98.2,72,5.0,6605,6.550442477876120
72.4,139,98.2,72,14.0,6605,17.621238938053100
72.4,139,98.2,72,24.0,6605,29.92212389380530
70.7,137,96.1,72,0.0,6260,-1.3000000000000000
70.7,137,96.1,72,5.0,6260,4.76194690265487
70.7,137,96.1,72,14.0,6260,15.67345132743360
70.7,137,96.1,72,24.0,6260,27.797345132743400
68.2,132,92.6,72,0.0,5696,-3.800000000000000
68.2,132,92.6,72,5.0,5696,2.040707964601780
68.2,132,92.6,72,14.0,5696,12.553982300885000
68.2,132,92.6,72,24.0,5696,24.235398230088500
65.9,128,89.6,72,0.0,5210,-6.099999999999990
65.9,128,89.6,72,5.0,5210,-0.4362831858407080
65.9,128,89.6,72,14.0,5210,9.75840707964602
65.9,128,89.6,72,24.0,5210,21.085840707964600
62.4,120,84.7,72,0.0,4329,-9.600000000000000
62.4,120,84.7,72,5.0,4329,-4.290265486725660
62.4,120,84.7,72,14.0,4329,5.2672566371681500
62.4,120,84.7,72,24.0,4329,15.886725663716800
74.3,138,106.8,72,0.0,5696,2.300000000000000
74.3,138,106.8,72,5.0,5696,8.40619469026548
74.3,138,106.8,72,14.0,5696,19.397345132743400
74.3,138,106.8,72,24.0,5696,31.609734513274300
71.2,132,102.2,72,0.0,5210,-0.7999999999999970
71.2,132,102.2,72,5.0,5210,5.040707964601780
71.2,132,102.2,72,14.0,5210,15.553982300885000
71.2,132,102.2,72,24.0,5210,27.235398230088500
66.3,122,94.9,72,0.0,4329,-5.700000000000000
66.3,122,94.9,72,5.0,4329,-0.30176991150442200
66.3,122,94.9,72,14.0,4329,9.415044247787610
66.3,122,94.9,72,24.0,4329,20.211504424778800
74.3,137,99.6,72,0.0,7147,2.300000000000000
74.3,137,99.6,72,5.0,7147,8.361946902654860
74.3,137,99.6,72,14.0,7147,19.273451327433600
74.3,137,99.6,72,24.0,7147,31.397345132743400
71.4,130,95.6,72,0.0,6524,-0.5999999999999940
71.4,130,95.6,72,5.0,6524,5.152212389380540
71.4,130,95.6,72,14.0,6524,15.506194690265500
71.4,130,95.6,72,24.0,6524,27.01061946902660
69.9,122,92.6,72,0.0,6172,-2.0999999999999900
69.9,122,92.6,72,5.0,6172,3.298230088495590
69.9,122,92.6,72,14.0,6172,13.015044247787600
69.9,122,92.6,72,24.0,6172,23.81150442477880
67.0,121,89.4,72,0.0,5578,-5.0
67.0,121,89.4,72,5.0,5578,0.353982300884951
67.0,121,89.4,72,14.0,5578,9.991150442477870
67.0,121,89.4,72,24.0,5578,20.69911504424780
75.9,137,108.2,72,0.0,6172,3.9000000000000100
75.9,137,108.2,72,5.0,6172,9.961946902654870
75.9,137,108.2,72,14.0,6172,20.873451327433600
75.9,137,108.2,72,24.0,6172,32.99734513274340
72.6,130,103.3,72,0.0,5578,0.5999999999999940
72.6,130,103.3,72,5.0,5578,6.352212389380530
72.6,130,103.3,72,14.0,5578,16.706194690265500
72.6,130,103.3,72,24.0,5578,28.21061946902650
68.6,122,97.3,72,0.0,4896,-3.4000000000000100
68.6,122,97.3,72,5.0,4896,1.9982300884955700
68.6,122,97.3,72,14.0,4896,11.715044247787600
68.6,122,97.3,72,24.0,4896,22.51150442477880
65.4,119,87.4,69,0.0,5012,-3.5999999999999900
65.4,119,87.4,69,5.0,5012,1.665486725663730
65.4,119,87.4,69,14.0,5012,11.143362831858400
65.4,119,87.4,69,24.0,5012,21.674336283185900
63.8,115,85.1,69,0.0,4591,-5.200000000000000
63.8,115,85.1,69,5.0,4591,-0.111504424778758
63.8,115,85.1,69,14.0,4591,9.047787610619470
63.8,115,85.1,69,24.0,4591,19.22477876106190
67.4,121,95.9,69,0.0,4591,-1.5999999999999900
67.4,121,95.9,69,5.0,4591,3.7539823008849600
67.4,121,95.9,69,14.0,4591,13.39115044247790
67.4,121,95.9,69,24.0,4591,24.099115044247800
63.1,112,89.5,69,0.0,3865,-5.900000000000000
63.1,112,89.5,69,5.0,3865,-0.944247787610621
63.1,112,89.5,69,14.0,3865,7.97610619469026
63.1,112,89.5,69,24.0,3865,17.88761061946900
70.8,129,94.7,71,0.0,6326,-0.20000000000000300
70.8,129,94.7,71,5.0,6326,5.507964601769910
70.8,129,94.7,71,14.0,6326,15.782300884955700
70.8,129,94.7,71,24.0,6326,27.198230088495600
69.9,127,93.5,71,0.0,6146,-1.0999999999999900
69.9,127,93.5,71,5.0,6146,4.519469026548680
69.9,127,93.5,71,14.0,6146,14.634513274336300
69.9,127,93.5,71,24.0,6146,25.873451327433600
65.9,119,87.9,71,0.0,5244,-5.099999999999990
65.9,119,87.9,71,5.0,5244,0.16548672566372600
65.9,119,87.9,71,14.0,5244,9.643362831858410
65.9,119,87.9,71,24.0,5244,20.174336283185900
64.6,115,86.0,71,0.0,4921,-6.400000000000010
64.6,115,86.0,71,5.0,4921,-1.3115044247787600
64.6,115,86.0,71,14.0,4921,7.847787610619460
64.6,115,86.0,71,24.0,4921,18.02477876106190
75.5,134,107.0,71,0.0,6146,4.5
75.5,134,107.0,71,5.0,6146,10.429203539823000
75.5,134,107.0,71,14.0,6146,21.10176991150440
75.5,134,107.0,71,24.0,6146,32.96017699115050
70.4,123,99.4,71,0.0,5244,-0.5999999999999940
70.4,123,99.4,71,5.0,5244,4.8424778761062000
70.4,123,99.4,71,14.0,5244,14.638938053097300
70.4,123,99.4,71,24.0,5244,25.52389380530970
68.7,119,96.8,71,0.0,4921,-2.300000000000000
68.7,119,96.8,71,5.0,4921,2.965486725663720
68.7,119,96.8,71,14.0,4921,12.443362831858400
68.7,119,96.8,71,24.0,4921,22.97433628318590
70.2,122,92.9,72,0.0,6551,-1.8000000000000000
70.2,122,92.9,72,5.0,6551,3.5982300884955800
70.2,122,92.9,72,14.0,6551,13.315044247787600
70.2,122,92.9,72,24.0,6551,24.111504424778800
68.6,120,90.8,72,0.0,6186,-3.4000000000000100
68.6,120,90.8,72,5.0,6186,1.90973451327433
68.6,120,90.8,72,14.0,6186,11.467256637168100
68.6,120,90.8,72,24.0,6186,22.086725663716800
66.1,115,87.4,72,0.0,5612,-5.900000000000010
66.1,115,87.4,72,5.0,5612,-0.8115044247787610
66.1,115,87.4,72,14.0,5612,8.347787610619460
66.1,115,87.4,72,24.0,5612,18.52477876106190
63.2,108,83.3,72,0.0,4965,-8.800000000000000
63.2,108,83.3,72,5.0,4965,-4.021238938053090
63.2,108,83.3,72,14.0,4965,4.5805309734513300
63.2,108,83.3,72,24.0,4965,14.138053097345100
70.9,122,99.6,72,0.0,5612,-1.0999999999999900
70.9,122,99.6,72,5.0,5612,4.298230088495590
70.9,122,99.6,72,14.0,5612,14.015044247787600
70.9,122,99.6,72,24.0,5612,24.81150442477880
67.2,114,94.1,72,0.0,4965,-4.800000000000000
67.2,114,94.1,72,5.0,4965,0.24424778761061800
67.2,114,94.1,72,14.0,4965,9.323893805309740
67.2,114,94.1,72,24.0,4965,19.412389380531000
72.2,135,97.3,72,0.0,6471,0.20000000000000300
72.2,135,97.3,72,5.0,6471,6.173451327433630
72.2,135,97.3,72,14.0,6471,16.92566371681420
72.2,135,97.3,72,24.0,6471,28.872566371681400
70.8,131,95.1,72,0.0,6153,-1.2000000000000000
70.8,131,95.1,72,5.0,6153,4.596460176991140
70.8,131,95.1,72,14.0,6153,15.030088495575200
70.8,131,95.1,72,24.0,6153,26.62300884955750
69.9,129,93.9,72,0.0,5973,-2.0999999999999900
69.9,129,93.9,72,5.0,5973,3.607964601769920
69.9,129,93.9,72,14.0,5973,13.882300884955800
69.9,129,93.9,72,24.0,5973,25.298230088495600
67.7,125,91.0,72,0.0,5532,-4.300000000000000
67.7,125,91.0,72,5.0,5532,1.2309734513274300
67.7,125,91.0,72,14.0,5532,11.186725663716800
67.7,125,91.0,72,24.0,5532,22.24867256637170
66.7,124,89.8,72,0.0,5333,-5.300000000000000
66.7,124,89.8,72,5.0,5333,0.18672566371681400
66.7,124,89.8,72,14.0,5333,10.06283185840710
66.7,124,89.8,72,24.0,5333,21.036283185840700
65.7,123,88.6,72,0.0,5123,-6.300000000000000
65.7,123,88.6,72,5.0,5123,-0.8575221238938010
65.7,123,88.6,72,14.0,5123,8.938938053097350
65.7,123,88.6,72,24.0,5123,19.823893805309700
64.0,118,85.9,72,0.0,4701,-8.0
64.0,118,85.9,72,5.0,4701,-2.778761061946910
64.0,118,85.9,72,14.0,4701,6.619469026548670
64.0,118,85.9,72,24.0,4701,17.061946902654900
61.3,112,82.2,72,0.0,3964,-10.700000000000000
61.3,112,82.2,72,5.0,3964,-5.744247787610620
61.3,112,82.2,72,14.0,3964,3.176106194690260
61.3,112,82.2,72,24.0,3964,13.087610619469000
77.8,143,111.4,72,0.0,6471,5.800000000000000
77.8,143,111.4,72,5.0,6471,12.127433628318600
77.8,143,111.4,72,14.0,6471,23.51681415929200
77.8,143,111.4,72,24.0,6471,36.1716814159292
75.7,133,107.0,72,0.0,6153,3.700000000000000
75.7,133,107.0,72,5.0,6153,9.584955752212390
75.7,133,107.0,72,14.0,6153,20.177876106194700
75.7,133,107.0,72,24.0,6153,31.94778761061950
74.7,132,105.8,72,0.0,5973,2.700000000000000
74.7,132,105.8,72,5.0,5973,8.54070796460178
74.7,132,105.8,72,14.0,5973,19.053982300885000
74.7,132,105.8,72,24.0,5973,30.735398230088500
72.1,124,101.3,72,0.0,5532,0.09999999999999430
72.1,124,101.3,72,5.0,5532,5.5867256637168100
72.1,124,101.3,72,14.0,5532,15.462831858407100
72.1,124,101.3,72,24.0,5532,26.436283185840700
71.1,123,100.1,72,0.0,5333,-0.9000000000000060
71.1,123,100.1,72,5.0,5333,4.54247787610619
71.1,123,100.1,72,14.0,5333,14.338938053097300
71.1,123,100.1,72,24.0,5333,25.22389380530970
69.8,122,98.6,72,0.0,5123,-2.200000000000000
69.8,122,98.6,72,5.0,5123,3.1982300884955800
69.8,122,98.6,72,14.0,5123,12.915044247787600
69.8,122,98.6,72,24.0,5123,23.711504424778800
67.1,118,94.8,72,0.0,4701,-4.900000000000010
67.1,118,94.8,72,5.0,4701,0.3212389380530850
67.1,118,94.8,72,14.0,4701,9.719469026548670
67.1,118,94.8,72,24.0,4701,20.16194690265490
62.7,109,88.4,72,0.0,3964,-9.300000000000000
62.7,109,88.4,72,5.0,3964,-4.476991150442470
62.7,109,88.4,72,14.0,3964,4.204424778761070
62.7,109,88.4,72,24.0,3964,13.8504424778761
73.7,142,100.1,72,0.0,6947,1.7000000000000000
73.7,142,100.1,72,5.0,6947,7.983185840707960
73.7,142,100.1,72,14.0,6947,19.29292035398230
73.7,142,100.1,72,24.0,6947,31.859292035398200
72.8,139,98.6,72,0.0,6719,0.7999999999999970
72.8,139,98.6,72,5.0,6719,6.950442477876110
72.8,139,98.6,72,14.0,6719,18.021238938053100
72.8,139,98.6,72,24.0,6719,30.322123893805300
71.8,134,96.7,72,0.0,6440,-0.20000000000000300
71.8,134,96.7,72,5.0,6440,5.729203539823000
71.8,134,96.7,72,14.0,6440,16.40176991150440
71.8,134,96.7,72,24.0,6440,28.260176991150400
70.3,130,94.5,72,0.0,6151,-1.7000000000000000
70.3,130,94.5,72,5.0,6151,4.052212389380530
70.3,130,94.5,72,14.0,6151,14.40619469026550
70.3,130,94.5,72,24.0,6151,25.910619469026500
69.9,128,93.7,72,0.0,5967,-2.0999999999999900
69.9,128,93.7,72,5.0,5967,3.5637168141592900
69.9,128,93.7,72,14.0,5967,13.75840707964600
69.9,128,93.7,72,24.0,5967,25.085840707964600
67.2,123,90.0,72,0.0,5309,-4.800000000000000
67.2,123,90.0,72,5.0,5309,0.6424778761061990
67.2,123,90.0,72,14.0,5309,10.438938053097300
67.2,123,90.0,72,24.0,5309,21.323893805309700
65.8,120,88.1,72,0.0,5054,-6.200000000000000
65.8,120,88.1,72,5.0,5054,-0.8902654867256670
65.8,120,88.1,72,14.0,5054,8.667256637168140
65.8,120,88.1,72,24.0,5054,19.286725663716800
64.7,117,86.5,72,0.0,4597,-7.300000000000000
64.7,117,86.5,72,5.0,4597,-2.1230088495575200
64.7,117,86.5,72,14.0,4597,7.19557522123894
64.7,117,86.5,72,24.0,4597,17.549557522123900
61.1,112,81.9,72,0.0,3596,-10.900000000000000
61.1,112,81.9,72,5.0,3596,-5.944247787610620
61.1,112,81.9,72,14.0,3596,2.97610619469026
61.1,112,81.9,72,24.0,3596,12.88761061946900
36.9,143,50.2,36,0.0,3470,0.8999999999999990
36.9,143,50.2,36,5.0,3470,7.227433628318580
36.9,143,50.2,36,14.0,3470,18.616814159292000
36.9,143,50.2,36,24.0,3470,31.27168141592920
36.0,136,48.6,36,0.0,3294,0.0
36.0,136,48.6,36,5.0,3294,6.017699115044250
36.0,136,48.6,36,14.0,3294,16.849557522123900
36.0,136,48.6,36,24.0,3294,28.88495575221240
35.1,132,47.4,36,0.0,3057,-0.8999999999999990
35.1,132,47.4,36,5.0,3057,4.940707964601770
35.1,132,47.4,36,14.0,3057,15.45398230088500
35.1,132,47.4,36,24.0,3057,27.135398230088500
80.6,148,115.5,73,0.0,6947,7.599999999999990
80.6,148,115.5,73,5.0,6947,14.148672566371700
80.6,148,115.5,73,14.0,6947,25.936283185840700
80.6,148,115.5,73,24.0,6947,39.033628318584100
79.2,146,113.7,73,0.0,6719,6.200000000000000
79.2,146,113.7,73,5.0,6719,12.66017699115050
79.2,146,113.7,73,14.0,6719,24.288495575221200
79.2,146,113.7,73,24.0,6719,37.20884955752210
77.7,142,111.2,73,0.0,6440,4.700000000000000
77.7,142,111.2,73,5.0,6440,10.98318584070800
77.7,142,111.2,73,14.0,6440,22.29292035398230
77.7,142,111.2,73,24.0,6440,34.85929203539820
76.3,140,109.4,73,0.0,6151,3.300000000000000
76.3,140,109.4,73,5.0,6151,9.494690265486720
76.3,140,109.4,73,14.0,6151,20.645132743362800
76.3,140,109.4,73,24.0,6151,33.03451327433630
75.2,138,107.7,73,0.0,5967,2.200000000000000
75.2,138,107.7,73,5.0,5967,8.306194690265490
75.2,138,107.7,73,14.0,5967,19.29734513274340
75.2,138,107.7,73,24.0,5967,31.50973451327430
72.6,131,103.5,73,0.0,5309,-0.4000000000000060
72.6,131,103.5,73,5.0,5309,5.396460176991140
72.6,131,103.5,73,14.0,5309,15.830088495575200
72.6,131,103.5,73,24.0,5309,27.42300884955750
71.1,125,100.6,73,0.0,5054,-1.9000000000000100
71.1,125,100.6,73,5.0,5054,3.630973451327440
71.1,125,100.6,73,14.0,5054,13.586725663716800
71.1,125,100.6,73,24.0,5054,24.648672566371700
68.6,118,96.4,73,0.0,4597,-4.400000000000010
68.6,118,96.4,73,5.0,4597,0.8212389380530850
68.6,118,96.4,73,14.0,4597,10.219469026548700
68.6,118,96.4,73,24.0,4597,20.66194690265490
62.8,109,88.5,73,0.0,3596,-10.200000000000000
62.8,109,88.5,73,5.0,3596,-5.376991150442480
62.8,109,88.5,73,14.0,3596,3.30442477876106
62.8,109,88.5,73,24.0,3596,12.950442477876100
36.8,134,52.6,37,0.0,2797,-0.20000000000000300
36.8,134,52.6,37,5.0,2797,5.729203539823000
36.8,134,52.6,37,14.0,2797,16.401769911504400
36.8,134,52.6,37,24.0,2797,28.260176991150400
35.2,122,49.6,37,0.0,2484,-1.8000000000000000
35.2,122,49.6,37,5.0,2484,3.5982300884955800
35.2,122,49.6,37,14.0,2484,13.315044247787600
35.2,122,49.6,37,24.0,2484,24.111504424778800
71.1,126,94.5,72,0.0,6509,-0.9000000000000060
71.1,126,94.5,72,5.0,6509,4.67522123893805
71.1,126,94.5,72,14.0,6509,14.71061946902650
71.1,126,94.5,72,24.0,6509,25.86106194690270
69.8,123,92.6,72,0.0,6180,-2.200000000000000
69.8,123,92.6,72,5.0,6180,3.242477876106190
69.8,123,92.6,72,14.0,6180,13.03893805309730
69.8,123,92.6,72,24.0,6180,23.92389380530970
66.5,111,87.1,72,0.0,5457,-5.5
66.5,111,87.1,72,5.0,5457,-0.5884955752212450
66.5,111,87.1,72,14.0,5457,8.252212389380530
66.5,111,87.1,72,24.0,5457,18.075221238938100
75.4,126,105.1,72,0.0,6180,3.4000000000000100
75.4,126,105.1,72,5.0,6180,8.975221238938060
75.4,126,105.1,72,14.0,6180,19.01061946902660
75.4,126,105.1,72,24.0,6180,30.161061946902700
71.9,121,100.5,72,0.0,5457,-0.09999999999999430
71.9,121,100.5,72,5.0,5457,5.253982300884960
71.9,121,100.5,72,14.0,5457,14.89115044247790
71.9,121,100.5,72,24.0,5457,25.599115044247800
76.2,144,103.0,72,0.0,7397,4.200000000000000
76.2,144,103.0,72,5.0,7397,10.571681415929200
76.2,144,103.0,72,14.0,7397,22.04070796460180
76.2,144,103.0,72,24.0,7397,34.784070796460200
75.9,143,102.5,72,0.0,7317,3.9000000000000100
75.9,143,102.5,72,5.0,7317,10.227433628318600
75.9,143,102.5,72,14.0,7317,21.616814159292000
75.9,143,102.5,72,24.0,7317,34.27168141592920
74.0,137,99.4,72,0.0,6886,2.0
74.0,137,99.4,72,5.0,6886,8.061946902654870
74.0,137,99.4,72,14.0,6886,18.973451327433600
74.0,137,99.4,72,24.0,6886,31.097345132743400
72.2,132,96.8,72,0.0,6452,0.20000000000000300
72.2,132,96.8,72,5.0,6452,6.040707964601780
72.2,132,96.8,72,14.0,6452,16.553982300885000
72.2,132,96.8,72,24.0,6452,28.235398230088500
71.1,130,95.3,72,0.0,6214,-0.9000000000000060
71.1,130,95.3,72,5.0,6214,4.852212389380530
71.1,130,95.3,72,14.0,6214,15.206194690265500
71.1,130,95.3,72,24.0,6214,26.71061946902650
69.1,125,92.3,72,0.0,5887,-2.9000000000000100
69.1,125,92.3,72,5.0,5887,2.630973451327440
69.1,125,92.3,72,14.0,5887,12.586725663716800
69.1,125,92.3,72,24.0,5887,23.648672566371700
66.4,121,88.9,72,0.0,5205,-5.599999999999990
66.4,121,88.9,72,5.0,5205,-0.24601769911504300
66.4,121,88.9,72,14.0,5205,9.39115044247788
66.4,121,88.9,72,24.0,5205,20.099115044247800
75.1,138,107.6,72,0.0,5887,3.0999999999999900
75.1,138,107.6,72,5.0,5887,9.206194690265480
75.1,138,107.6,72,14.0,5887,20.19734513274340
75.1,138,107.6,72,24.0,5887,32.40973451327430
71.9,131,102.8,72,0.0,5205,-0.09999999999999430
71.9,131,102.8,72,5.0,5205,5.6964601769911500
71.9,131,102.8,72,14.0,5205,16.130088495575200
71.9,131,102.8,72,24.0,5205,27.72300884955750
71.2,122,93.9,72,0.0,6377,-0.7999999999999970
71.2,122,93.9,72,5.0,6377,4.598230088495580
71.2,122,93.9,72,14.0,6377,14.315044247787600
71.2,122,93.9,72,24.0,6377,25.111504424778800
69.3,123,92.0,72,0.0,6016,-2.700000000000000
69.3,123,92.0,72,5.0,6016,2.742477876106190
69.3,123,92.0,72,14.0,6016,12.53893805309730
69.3,123,92.0,72,24.0,6016,23.42389380530970
64.4,113,85.3,72,0.0,4944,-7.599999999999990
64.4,113,85.3,72,5.0,4944,-2.5999999999999900
64.4,113,85.3,72,14.0,4944,6.400000000000010
64.4,113,85.3,72,24.0,4944,16.400000000000000
69.2,122,97.8,72,0.0,4944,-2.800000000000000
69.2,122,97.8,72,5.0,4944,2.5982300884955800
69.2,122,97.8,72,14.0,4944,12.315044247787600
69.2,122,97.8,72,24.0,4944,23.111504424778800
66.7,117,94.3,72,0.0,4527,-5.300000000000000
66.7,117,94.3,72,5.0,4527,-0.12300884955752200
66.7,117,94.3,72,14.0,4527,9.19557522123894
66.7,117,94.3,72,24.0,4527,19.549557522123900
63.4,103,82.6,68,0.0,4966,-4.600000000000000
63.4,103,82.6,68,5.0,4966,-0.04247787610619010
63.4,103,82.6,68,14.0,4966,8.161061946902650
63.4,103,82.6,68,24.0,4966,17.27610619469030
61.0,90,77.8,68,0.0,4318,-7.0
61.0,90,77.8,68,5.0,4318,-3.017699115044250
61.0,90,77.8,68,14.0,4318,4.150442477876110
61.0,90,77.8,68,24.0,4318,12.115044247787600
59.2,89,75.8,68,0.0,3752,-8.800000000000000
59.2,89,75.8,68,5.0,3752,-4.861946902654860
59.2,89,75.8,68,14.0,3752,2.2265486725663800
59.2,89,75.8,68,24.0,3752,10.102654867256600
68.0,110,94.0,68,0.0,4966,0.0
68.0,110,94.0,68,5.0,4966,4.86725663716814
68.0,110,94.0,68,14.0,4966,13.628318584070800
68.0,110,94.0,68,24.0,4966,23.362831858407100
63.8,106,88.8,68,0.0,4318,-4.200000000000000
63.8,106,88.8,68,5.0,4318,0.4902654867256620
63.8,106,88.8,68,14.0,4318,8.932743362831860
63.8,106,88.8,68,24.0,4318,18.313274336283200
60.8,95,83.2,68,0.0,3752,-7.200000000000000
60.8,95,83.2,68,5.0,3752,-2.9964601769911500
60.8,95,83.2,68,14.0,3752,4.5699115044247800
60.8,95,83.2,68,24.0,3752,12.976991150442500
75.9,142,102.3,72,0.0,7390,3.9000000000000100
75.9,142,102.3,72,5.0,7390,10.183185840708000
75.9,142,102.3,72,14.0,7390,21.4929203539823
75.9,142,102.3,72,24.0,7390,34.059292035398200
74.6,139,100.4,72,0.0,7074,2.5999999999999900
74.6,139,100.4,72,5.0,7074,8.750442477876110
74.6,139,100.4,72,14.0,7074,19.821238938053100
74.6,139,100.4,72,24.0,7074,32.12212389380530
72.6,135,97.7,72,0.0,6659,0.5999999999999940
72.6,135,97.7,72,5.0,6659,6.573451327433620
72.6,135,97.7,72,14.0,6659,17.325663716814100
72.6,135,97.7,72,24.0,6659,29.27256637168140
71.5,133,96.2,72,0.0,6402,-0.5
71.5,133,96.2,72,5.0,6402,5.384955752212390
71.5,133,96.2,72,14.0,6402,15.977876106194700
71.5,133,96.2,72,24.0,6402,27.74778761061950
70.5,131,94.9,72,0.0,6180,-1.5
70.5,131,94.9,72,5.0,6180,4.296460176991150
70.5,131,94.9,72,14.0,6180,14.730088495575200
70.5,131,94.9,72,24.0,6180,26.323008849557500
68.5,128,92.3,72,0.0,5800,-3.5
68.5,128,92.3,72,5.0,5800,2.1637168141592900
68.5,128,92.3,72,14.0,5800,12.358407079646000
68.5,128,92.3,72,24.0,5800,23.6858407079646
65.3,124,88.3,72,0.0,5196,-6.700000000000000
65.3,124,88.3,72,5.0,5196,-1.2132743362831900
65.3,124,88.3,72,14.0,5196,8.662831858407070
65.3,124,88.3,72,24.0,5196,19.63628318584070
76.3,139,109.0,73,0.0,6180,3.300000000000000
76.3,139,109.0,73,5.0,6180,9.45044247787611
76.3,139,109.0,73,14.0,6180,20.521238938053100
76.3,139,109.0,73,24.0,6180,32.8221238938053
70.9,127,100.8,73,0.0,5196,-2.0999999999999900
70.9,127,100.8,73,5.0,5196,3.519469026548680
70.9,127,100.8,73,14.0,5196,13.634513274336300
70.9,127,100.8,73,24.0,5196,24.873451327433600
73.6,144,100.4,72,0.0,7098,1.5999999999999900
73.6,144,100.4,72,5.0,7098,7.971681415929200
73.6,144,100.4,72,14.0,7098,19.440707964601800
73.6,144,100.4,72,24.0,7098,32.18407079646020
72.3,142,98.6,72,0.0,6824,0.29999999999999700
72.3,142,98.6,72,5.0,6824,6.583185840707960
72.3,142,98.6,72,14.0,6824,17.892920353982300
72.3,142,98.6,72,24.0,6824,30.45929203539820
71.9,139,97.7,72,0.0,6675,-0.09999999999999430
71.9,139,97.7,72,5.0,6675,6.050442477876120
71.9,139,97.7,72,14.0,6675,17.121238938053100
71.9,139,97.7,72,24.0,6675,29.42212389380530
70.3,131,94.7,72,0.0,6314,-1.7000000000000000
70.3,131,94.7,72,5.0,6314,4.096460176991140
70.3,131,94.7,72,14.0,6314,14.530088495575200
70.3,131,94.7,72,24.0,6314,26.12300884955750
69.2,126,92.6,72,0.0,6065,-2.800000000000000
69.2,126,92.6,72,5.0,6065,2.775221238938060
69.2,126,92.6,72,14.0,6065,12.810619469026500
69.2,126,92.6,72,24.0,6065,23.96106194690270
67.9,121,90.4,72,0.0,5711,-4.099999999999990
67.9,121,90.4,72,5.0,5711,1.2539823008849600
67.9,121,90.4,72,14.0,5711,10.89115044247790
67.9,121,90.4,72,24.0,5711,21.599115044247800
66.7,120,89.0,72,0.0,5423,-5.300000000000000
66.7,120,89.0,72,5.0,5423,0.009734513274338500
66.7,120,89.0,72,14.0,5423,9.567256637168140
66.7,120,89.0,72,24.0,5423,20.186725663716800
65.6,119,87.7,72,0.0,5202,-6.400000000000010
65.6,119,87.7,72,5.0,5202,-1.1345132743362900
65.6,119,87.7,72,14.0,5202,8.3433628318584
65.6,119,87.7,72,24.0,5202,18.87433628318580
78.1,153,114.0,72,0.0,6640,6.099999999999990
78.1,153,114.0,72,5.0,6640,12.869911504424800
78.1,153,114.0,72,14.0,6640,25.05575221238940
78.1,153,114.0,72,24.0,6640,38.59557522123890
74.2,145,108.4,72,0.0,6004,2.200000000000000
74.2,145,108.4,72,5.0,6004,8.615929203539820
74.2,145,108.4,72,14.0,6004,20.164601769911500
74.2,145,108.4,72,24.0,6004,32.99646017699120
72.4,141,105.6,72,0.0,5667,0.4000000000000060
72.4,141,105.6,72,5.0,5667,6.638938053097350
72.4,141,105.6,72,14.0,5667,17.869026548672600
72.4,141,105.6,72,24.0,5667,30.346902654867300
71.1,142,104.7,72,0.0,5424,-0.9000000000000060
71.1,142,104.7,72,5.0,5424,5.383185840707950
71.1,142,104.7,72,14.0,5424,16.692920353982300
71.1,142,104.7,72,24.0,5424,29.259292035398200
70.8,140,103.7,72,0.0,5208,-1.2000000000000000
70.8,140,103.7,72,5.0,5208,4.9946902654867200
70.8,140,103.7,72,14.0,5208,16.145132743362800
70.8,140,103.7,72,24.0,5208,28.534513274336300
67.5,134,99.0,72,0.0,4745,-4.5
67.5,134,99.0,72,5.0,4745,1.429203539823010
67.5,134,99.0,72,14.0,4745,12.10176991150440
67.5,134,99.0,72,24.0,4745,23.960176991150400
64.6,130,95.1,72,0.0,4324,-7.400000000000010
64.6,130,95.1,72,5.0,4324,-1.6477876106194700
64.6,130,95.1,72,14.0,4324,8.706194690265480
64.6,130,95.1,72,24.0,4324,20.21061946902650
74.8,149,102.4,72,0.0,6811,2.800000000000000
74.8,149,102.4,72,5.0,6811,9.392920353982310
74.8,149,102.4,72,14.0,6811,21.260176991150400
74.8,149,102.4,72,24.0,6811,34.446017699115000
71.8,144,98.5,72,0.0,6208,-0.20000000000000300
71.8,144,98.5,72,5.0,6208,6.1716814159292
71.8,144,98.5,72,14.0,6208,17.640707964601800
71.8,144,98.5,72,24.0,6208,30.38407079646020
68.8,137,94.2,72,0.0,5656,-3.200000000000000
68.8,137,94.2,72,5.0,5656,2.8619469026548600
68.8,137,94.2,72,14.0,5656,13.773451327433600
68.8,137,94.2,72,24.0,5656,25.897345132743400
66.1,117,87.8,72,0.0,4929,-5.900000000000010
66.1,117,87.8,72,5.0,4929,-0.7230088495575300
66.1,117,87.8,72,14.0,4929,8.595575221238930
66.1,117,87.8,72,24.0,4929,18.949557522123900
62.8,114,84.0,72,0.0,4033,-9.200000000000000
62.8,114,84.0,72,5.0,4033,-4.1557522123893900
62.8,114,84.0,72,14.0,4033,4.923893805309730
62.8,114,84.0,72,24.0,4033,15.012389380531000
74.3,140,107.2,72,0.0,5666,2.300000000000000
74.3,140,107.2,72,5.0,5666,8.494690265486720
74.3,140,107.2,72,14.0,5666,19.645132743362800
74.3,140,107.2,72,24.0,5666,32.03451327433630
69.8,127,99.7,72,0.0,4939,-2.200000000000000
69.8,127,99.7,72,5.0,4939,3.4194690265486700
69.8,127,99.7,72,14.0,4939,13.534513274336300
69.8,127,99.7,72,24.0,4939,24.773451327433600
65.1,109,90.7,72,0.0,4043,-6.900000000000010
65.1,109,90.7,72,5.0,4043,-2.076991150442480
65.1,109,90.7,72,14.0,4043,6.604424778761060
65.1,109,90.7,72,24.0,4043,16.250442477876100
73.8,131,98.2,72,0.0,6925,1.8000000000000000
73.8,131,98.2,72,5.0,6925,7.596460176991140
73.8,131,98.2,72,14.0,6925,18.030088495575200
73.8,131,98.2,72,24.0,6925,29.62300884955750
71.6,128,95.4,72,0.0,6448,-0.4000000000000060
71.6,128,95.4,72,5.0,6448,5.263716814159280
71.6,128,95.4,72,14.0,6448,15.458407079646000
71.6,128,95.4,72,24.0,6448,26.785840707964600
69.8,127,93.3,72,0.0,6065,-2.200000000000000
69.8,127,93.3,72,5.0,6065,3.4194690265486700
69.8,127,93.3,72,14.0,6065,13.534513274336300
69.8,127,93.3,72,24.0,6065,24.773451327433600
67.8,123,90.6,72,0.0,5612,-4.200000000000000
67.8,123,90.6,72,5.0,5612,1.242477876106190
67.8,123,90.6,72,14.0,5612,11.03893805309730
67.8,123,90.6,72,24.0,5612,21.92389380530970
64.1,112,84.9,72,0.0,4836,-7.900000000000010
64.1,112,84.9,72,5.0,4836,-2.944247787610620
64.1,112,84.9,72,14.0,4836,5.97610619469026
64.1,112,84.9,72,24.0,4836,15.88761061946900
80.1,149,115.2,72,0.0,6925,8.099999999999990
80.1,149,115.2,72,5.0,6925,14.692920353982300
80.1,149,115.2,72,14.0,6925,26.560176991150400
80.1,149,115.2,72,24.0,6925,39.74601769911500
77.9,141,111.1,72,0.0,6448,5.900000000000010
77.9,141,111.1,72,5.0,6448,12.138938053097300
77.9,141,111.1,72,14.0,6448,23.369026548672600
77.9,141,111.1,72,24.0,6448,35.846902654867300
75.4,136,107.4,72,0.0,6065,3.4000000000000100
75.4,136,107.4,72,5.0,6065,9.417699115044260
75.4,136,107.4,72,14.0,6065,20.249557522123900
75.4,136,107.4,72,24.0,6065,32.2849557522124
73.0,128,103.2,72,0.0,5612,1.0
73.0,128,103.2,72,5.0,5612,6.663716814159290
73.0,128,103.2,72,14.0,5612,16.858407079646000
73.0,128,103.2,72,24.0,5612,28.1858407079646
68.4,116,95.6,72,0.0,4836,-3.5999999999999900
68.4,116,95.6,72,5.0,4836,1.5327433628318700
68.4,116,95.6,72,14.0,4836,10.771681415929200
68.4,116,95.6,72,24.0,4836,21.03716814159290
73.9,142,100.3,71,0.0,6917,2.9000000000000100
73.9,142,100.3,71,5.0,6917,9.183185840707960
73.9,142,100.3,71,14.0,6917,20.4929203539823
73.9,142,100.3,71,24.0,6917,33.059292035398200
71.8,137,97.2,71,0.0,6456,0.7999999999999970
71.8,137,97.2,71,5.0,6456,6.861946902654860
71.8,137,97.2,71,14.0,6456,17.773451327433600
71.8,137,97.2,71,24.0,6456,29.897345132743400
70.6,134,95.5,71,0.0,6214,-0.4000000000000060
70.6,134,95.5,71,5.0,6214,5.529203539823000
70.6,134,95.5,71,14.0,6214,16.201769911504400
70.6,134,95.5,71,24.0,6214,28.060176991150400
69.1,129,93.1,71,0.0,5870,-1.9000000000000100
69.1,129,93.1,71,5.0,5870,3.8079646017699100
69.1,129,93.1,71,14.0,5870,14.082300884955700
69.1,129,93.1,71,24.0,5870,25.498230088495600
66.2,123,89.0,71,0.0,5209,-4.800000000000000
66.2,123,89.0,71,5.0,5209,0.6424778761061990
66.2,123,89.0,71,14.0,5209,10.438938053097300
66.2,123,89.0,71,24.0,5209,21.323893805309700
76.9,137,109.3,71,0.0,6214,5.900000000000010
76.9,137,109.3,71,5.0,6214,11.961946902654900
76.9,137,109.3,71,14.0,6214,22.873451327433600
76.9,137,109.3,71,24.0,6214,34.99734513274340
75.0,133,106.4,71,0.0,5870,4.0
75.0,133,106.4,71,5.0,5870,9.884955752212390
75.0,133,106.4,71,14.0,5870,20.477876106194700
75.0,133,106.4,71,24.0,5870,32.24778761061950
73.3,129,103.7,71,0.0,5573,2.300000000000000
73.3,129,103.7,71,5.0,5573,8.007964601769910
73.3,129,103.7,71,14.0,5573,18.282300884955700
73.3,129,103.7,71,24.0,5573,29.698230088495600
71.3,125,100.8,71,0.0,5209,0.29999999999999700
71.3,125,100.8,71,5.0,5209,5.830973451327420
71.3,125,100.8,71,14.0,5209,15.786725663716800
71.3,125,100.8,71,24.0,5209,26.848672566371700
77.2,148,104.6,72,0.0,7618,5.200000000000000
77.2,148,104.6,72,5.0,7618,11.748672566371700
77.2,148,104.6,72,14.0,7618,23.536283185840700
77.2,148,104.6,72,24.0,7618,36.63362831858410
74.5,140,100.4,72,0.0,7002,2.5
74.5,140,100.4,72,5.0,7002,8.694690265486730
74.5,140,100.4,72,14.0,7002,19.845132743362800
74.5,140,100.4,72,24.0,7002,32.23451327433630
72.7,136,97.9,72,0.0,6723,0.7000000000000030
72.7,136,97.9,72,5.0,6723,6.717699115044260
72.7,136,97.9,72,14.0,6723,17.549557522123900
72.7,136,97.9,72,24.0,6723,29.584955752212400
71.5,133,96.1,72,0.0,6437,-0.5
71.5,133,96.1,72,5.0,6437,5.384955752212390
71.5,133,96.1,72,14.0,6437,15.977876106194700
71.5,133,96.1,72,24.0,6437,27.74778761061950
70.1,131,94.5,72,0.0,6198,-1.9000000000000100
70.1,131,94.5,72,5.0,6198,3.896460176991140
70.1,131,94.5,72,14.0,6198,14.330088495575200
70.1,131,94.5,72,24.0,6198,25.92300884955750
69.0,129,92.9,72,0.0,5828,-3.0
69.0,129,92.9,72,5.0,5828,2.707964601769920
69.0,129,92.9,72,14.0,5828,12.982300884955700
69.0,129,92.9,72,24.0,5828,24.39823008849560
67.2,123,90.0,72,0.0,5449,-4.800000000000000
67.2,123,90.0,72,5.0,5449,0.6424778761061990
67.2,123,90.0,72,14.0,5449,10.438938053097300
67.2,123,90.0,72,24.0,5449,21.323893805309700
65.2,117,86.9,72,0.0,5085,-6.800000000000000
65.2,117,86.9,72,5.0,5085,-1.6230088495575200
65.2,117,86.9,72,14.0,5085,7.69557522123894
65.2,117,86.9,72,24.0,5085,18.049557522123900
78.2,147,112.9,72,0.0,6437,6.200000000000000
78.2,147,112.9,72,5.0,6437,12.704424778761100
78.2,147,112.9,72,14.0,6437,24.412389380531000
78.2,147,112.9,72,24.0,6437,37.42123893805310
76.7,143,110.4,72,0.0,6198,4.700000000000000
76.7,143,110.4,72,5.0,6198,11.02743362831860
76.7,143,110.4,72,14.0,6198,22.416814159292000
76.7,143,110.4,72,24.0,6198,35.071681415929200
74.8,139,107.4,72,0.0,5828,2.800000000000000
74.8,139,107.4,72,5.0,5828,8.95044247787611
74.8,139,107.4,72,14.0,5828,20.021238938053100
74.8,139,107.4,72,24.0,5828,32.3221238938053
72.7,134,104.2,72,0.0,5449,0.7000000000000030
72.7,134,104.2,72,5.0,5449,6.62920353982301
72.7,134,104.2,72,14.0,5449,17.301769911504400
72.7,134,104.2,72,24.0,5449,29.16017699115050
70.6,130,101.1,72,0.0,5085,-1.4000000000000100
70.6,130,101.1,72,5.0,5085,4.352212389380530
70.6,130,101.1,72,14.0,5085,14.706194690265500
70.6,130,101.1,72,24.0,5085,26.21061946902650
69.5,122,92.2,70,0.0,5989,-0.5
69.5,122,92.2,70,5.0,5989,4.8982300884955800
69.5,122,92.2,70,14.0,5989,14.615044247787600
69.5,122,92.2,70,24.0,5989,25.411504424778800
67.7,116,89.3,70,0.0,5637,-2.300000000000000
67.7,116,89.3,70,5.0,5637,2.832743362831860
67.7,116,89.3,70,14.0,5637,12.071681415929200
67.7,116,89.3,70,24.0,5637,22.337168141592900
65.2,116,86.7,70,0.0,5209,-4.800000000000000
65.2,116,86.7,70,5.0,5209,0.332743362831863
65.2,116,86.7,70,14.0,5209,9.571681415929210
65.2,116,86.7,70,24.0,5209,19.837168141592900
63.1,111,83.7,70,0.0,4702,-6.900000000000000
63.1,111,83.7,70,5.0,4702,-1.9884955752212400
63.1,111,83.7,70,14.0,4702,6.852212389380530
63.1,111,83.7,70,24.0,4702,16.67522123893810
69.7,123,98.6,70,0.0,5209,-0.29999999999999700
69.7,123,98.6,70,5.0,5209,5.142477876106200
69.7,123,98.6,70,14.0,5209,14.938938053097300
69.7,123,98.6,70,24.0,5209,25.823893805309700
66.8,117,94.3,70,0.0,4702,-3.200000000000000
66.8,117,94.3,70,5.0,4702,1.9769911504424700
66.8,117,94.3,70,14.0,4702,11.295575221238900
66.8,117,94.3,70,24.0,4702,21.6495575221239
61.9,106,86.8,70,0.0,3875,-8.100000000000000
61.9,106,86.8,70,5.0,3875,-3.409734513274340
61.9,106,86.8,70,14.0,3875,5.032743362831850
61.9,106,86.8,70,24.0,3875,14.41327433628320
73.9,134,98.8,72,0.0,6985,1.9000000000000100
73.9,134,98.8,72,5.0,6985,7.829203539823010
73.9,134,98.8,72,14.0,6985,18.501769911504400
73.9,134,98.8,72,24.0,6985,30.360176991150500
72.2,130,96.4,72,0.0,6612,0.20000000000000300
72.2,130,96.4,72,5.0,6612,5.952212389380530
72.2,130,96.4,72,14.0,6612,16.306194690265500
72.2,130,96.4,72,24.0,6612,27.81061946902660
69.8,124,92.8,72,0.0,6124,-2.200000000000000
69.8,124,92.8,72,5.0,6124,3.2867256637168100
69.8,124,92.8,72,14.0,6124,13.162831858407100
69.8,124,92.8,72,24.0,6124,24.13628318584070
66.6,116,88.3,72,0.0,5428,-5.400000000000010
66.6,116,88.3,72,5.0,5428,-0.2672566371681460
66.6,116,88.3,72,14.0,5428,8.971681415929200
66.6,116,88.3,72,24.0,5428,19.237168141592900
75.1,131,105.9,72,0.0,6124,3.0999999999999900
75.1,131,105.9,72,5.0,6124,8.896460176991140
75.1,131,105.9,72,14.0,6124,19.33008849557520
75.1,131,105.9,72,24.0,6124,30.92300884955750
71.2,123,100.2,72,0.0,5428,-0.7999999999999970
71.2,123,100.2,72,5.0,5428,4.642477876106200
71.2,123,100.2,72,14.0,5428,14.438938053097300
71.2,123,100.2,72,24.0,5428,25.323893805309700
69.6,120,97.9,72,0.0,5138,-2.4000000000000100
69.6,120,97.9,72,5.0,5138,2.90973451327433
69.6,120,97.9,72,14.0,5138,12.467256637168100
69.6,120,97.9,72,24.0,5138,23.086725663716800
76.4,146,103.5,72,0.0,7246,4.400000000000010
76.4,146,103.5,72,5.0,7246,10.860176991150500
76.4,146,103.5,72,14.0,7246,22.488495575221200
76.4,146,103.5,72,24.0,7246,35.40884955752210
75.5,146,102.5,72,0.0,7057,3.5
75.5,146,102.5,72,5.0,7057,9.960176991150450
75.5,146,102.5,72,14.0,7057,21.58849557522120
75.5,146,102.5,72,24.0,7057,34.508849557522100
74.0,142,100.4,72,0.0,6687,2.0
74.0,142,100.4,72,5.0,6687,8.283185840707960
74.0,142,100.4,72,14.0,6687,19.592920353982300
74.0,142,100.4,72,24.0,6687,32.15929203539820
72.4,140,98.4,72,0.0,6436,0.4000000000000060
72.4,140,98.4,72,5.0,6436,6.594690265486730
72.4,140,98.4,72,14.0,6436,17.74513274336280
72.4,140,98.4,72,24.0,6436,30.134513274336300
71.5,137,97.0,72,0.0,6211,-0.5
71.5,137,97.0,72,5.0,6211,5.561946902654870
71.5,137,97.0,72,14.0,6211,16.473451327433600
71.5,137,97.0,72,24.0,6211,28.597345132743400
68.9,131,93.1,72,0.0,5676,-3.0999999999999900
68.9,131,93.1,72,5.0,5676,2.6964601769911500
68.9,131,93.1,72,14.0,5676,13.130088495575200
68.9,131,93.1,72,24.0,5676,24.72300884955750
66.5,120,88.7,72,0.0,5104,-5.5
66.5,120,88.7,72,5.0,5104,-0.19026548672566400
66.5,120,88.7,72,14.0,5104,9.36725663716814
66.5,120,88.7,72,24.0,5104,19.98672566371680
78.6,149,113.7,72,0.0,6264,6.599999999999990
78.6,149,113.7,72,5.0,6264,13.192920353982300
78.6,149,113.7,72,14.0,6264,25.060176991150400
78.6,149,113.7,72,24.0,6264,38.24601769911500
74.6,135,106.5,72,0.0,5676,2.5999999999999900
74.6,135,106.5,72,5.0,5676,8.573451327433620
74.6,135,106.5,72,14.0,5676,19.325663716814100
74.6,135,106.5,72,24.0,5676,31.27256637168140
70.8,125,100.3,72,0.0,5040,-1.2000000000000000
70.8,125,100.3,72,5.0,5040,4.330973451327420
70.8,125,100.3,72,14.0,5040,14.286725663716800
70.8,125,100.3,72,24.0,5040,25.348672566371700
74.5,149,102.3,71,0.0,7129,3.5
74.5,149,102.3,71,5.0,7129,10.092920353982300
74.5,149,102.3,71,14.0,7129,21.960176991150400
74.5,149,102.3,71,24.0,7129,35.14601769911510
72.8,145,99.7,71,0.0,6712,1.8000000000000000
72.8,145,99.7,71,5.0,6712,8.215929203539820
72.8,145,99.7,71,14.0,6712,19.764601769911500
72.8,145,99.7,71,24.0,6712,32.596460176991100
70.8,135,95.8,71,0.0,6303,-0.20000000000000300
70.8,135,95.8,71,5.0,6303,5.773451327433620
70.8,135,95.8,71,14.0,6303,16.525663716814200
70.8,135,95.8,71,24.0,6303,28.47256637168140
77.4,146,111.9,71,0.0,6303,6.400000000000010
77.4,146,111.9,71,5.0,6303,12.860176991150500
77.4,146,111.9,71,14.0,6303,24.488495575221200
77.4,146,111.9,71,24.0,6303,37.40884955752210
74.0,140,106.9,71,0.0,5748,3.0
74.0,140,106.9,71,5.0,5748,9.194690265486730
74.0,140,106.9,71,14.0,5748,20.345132743362800
74.0,140,106.9,71,24.0,5748,32.73451327433630
69.6,127,99.7,71,0.0,4897,-1.4000000000000100
69.6,127,99.7,71,5.0,4897,4.219469026548670
69.6,127,99.7,71,14.0,4897,14.334513274336300
69.6,127,99.7,71,24.0,4897,25.573451327433600
70.5,122,93.0,71,0.0,6438,-0.5
70.5,122,93.0,71,5.0,6438,4.8982300884955800
70.5,122,93.0,71,14.0,6438,14.615044247787600
70.5,122,93.0,71,24.0,6438,25.411504424778800
69.3,119,91.3,71,0.0,6176,-1.7000000000000000
69.3,119,91.3,71,5.0,6176,3.5654867256637200
69.3,119,91.3,71,14.0,6176,13.043362831858400
69.3,119,91.3,71,24.0,6176,23.574336283185800
65.6,111,85.9,71,0.0,5366,-5.400000000000010
65.6,111,85.9,71,5.0,5366,-0.48849557522125100
65.6,111,85.9,71,14.0,5366,8.352212389380530
65.6,111,85.9,71,24.0,5366,18.17522123893810
70.7,117,98.2,72,0.0,5366,-1.3000000000000000
70.7,117,98.2,72,5.0,5366,3.8769911504424800
70.7,117,98.2,72,14.0,5366,13.19557522123890
70.7,117,98.2,72,24.0,5366,23.549557522123900
68.4,117,90.1,70,0.0,6053,-1.5999999999999900
68.4,117,90.1,70,5.0,6053,3.576991150442480
68.4,117,90.1,70,14.0,6053,12.895575221238900
68.4,117,90.1,70,24.0,6053,23.249557522123900
66.5,112,87.3,70,0.0,5635,-3.5
66.5,112,87.3,70,5.0,5635,1.4557522123893800
66.5,112,87.3,70,14.0,5635,10.376106194690300
66.5,112,87.3,70,24.0,5635,20.287610619469000
64.9,107,84.7,70,0.0,5300,-5.099999999999990
64.9,107,84.7,70,5.0,5300,-0.36548672566371500
64.9,107,84.7,70,14.0,5300,8.1566371681416
64.9,107,84.7,70,24.0,5300,17.62566371681420
71.9,125,101.4,70,0.0,5585,1.9000000000000100
71.9,125,101.4,70,5.0,5585,7.430973451327450
71.9,125,101.4,70,14.0,5585,17.386725663716800
71.9,125,101.4,70,24.0,5585,28.448672566371700
68.9,115,96.1,70,0.0,5051,-1.0999999999999900
68.9,115,96.1,70,5.0,5051,3.9884955752212500
68.9,115,96.1,70,14.0,5051,13.147787610619500
68.9,115,96.1,70,24.0,5051,23.32477876106200
70.4,119,92.4,70,0.0,6273,0.4000000000000060
70.4,119,92.4,70,5.0,6273,5.665486725663730
70.4,119,92.4,70,14.0,6273,15.143362831858400
70.4,119,92.4,70,24.0,6273,25.674336283185900
67.5,114,88.7,70,0.0,5700,-2.5
67.5,114,88.7,70,5.0,5700,2.5442477876106200
67.5,114,88.7,70,14.0,5700,11.623893805309700
67.5,114,88.7,70,24.0,5700,21.712389380531000
65.6,110,87.0,69,0.0,5348,-3.4000000000000100
65.6,110,87.0,69,5.0,5348,1.4672566371681300
65.6,110,87.0,69,14.0,5348,10.228318584070800
65.6,110,87.0,69,24.0,5348,19.96283185840710
73.9,132,104.9,72,0.0,5714,1.9000000000000100
73.9,132,104.9,72,5.0,5714,7.740707964601780
73.9,132,104.9,72,14.0,5714,18.253982300885000
73.9,132,104.9,72,24.0,5714,29.93539823008850
71.2,123,100.1,72,0.0,5252,-0.7999999999999970
71.2,123,100.1,72,5.0,5252,4.642477876106200
71.2,123,100.1,72,14.0,5252,14.438938053097300
71.2,123,100.1,72,24.0,5252,25.323893805309700
73.1,130,97.3,72,0.0,6833,1.0999999999999900
73.1,130,97.3,72,5.0,6833,6.852212389380530
73.1,130,97.3,72,14.0,6833,17.206194690265500
73.1,130,97.3,72,24.0,6833,28.71061946902650
71.0,125,94.1,72,0.0,6382,-1.0
71.0,125,94.1,72,5.0,6382,4.530973451327440
71.0,125,94.1,72,14.0,6382,14.486725663716800
71.0,125,94.1,72,24.0,6382,25.54867256637170
67.7,117,89.5,71,0.0,5649,-3.300000000000000
67.7,117,89.5,71,5.0,5649,1.8769911504424800
67.7,117,89.5,71,14.0,5649,11.19557522123890
67.7,117,89.5,71,24.0,5649,21.549557522123900
72.1,119,100.1,72,0.0,5649,0.09999999999999430
72.1,119,100.1,72,5.0,5649,5.365486725663720
72.1,119,100.1,72,14.0,5649,14.8433628318584
72.1,119,100.1,72,24.0,5649,25.37433628318580
67.2,111,93.4,72,0.0,4772,-4.800000000000000
67.2,111,93.4,72,5.0,4772,0.111504424778758
67.2,111,93.4,72,14.0,4772,8.952212389380530
67.2,111,93.4,72,24.0,4772,18.77522123893810
69.2,123,92.0,70,0.0,6150,-0.7999999999999970
69.2,123,92.0,70,5.0,6150,4.642477876106200
69.2,123,92.0,70,14.0,6150,14.438938053097300
69.2,123,92.0,70,24.0,6150,25.323893805309700
67.5,120,89.7,70,0.0,5815,-2.5
67.5,120,89.7,70,5.0,5815,2.8097345132743400
67.5,120,89.7,70,14.0,5815,12.36725663716810
67.5,120,89.7,70,24.0,5815,22.98672566371680
65.8,118,87.7,70,0.0,5428,-4.200000000000000
65.8,118,87.7,70,5.0,5428,1.0212389380531000
65.8,118,87.7,70,14.0,5428,10.419469026548700
65.8,118,87.7,70,24.0,5428,20.861946902654900
63.7,115,85.0,70,0.0,5171,-6.300000000000000
63.7,115,85.0,70,5.0,5171,-1.2115044247787500
63.7,115,85.0,70,14.0,5171,7.947787610619470
63.7,115,85.0,70,24.0,5171,18.124778761061900
73.2,133,104.4,70,0.0,5815,3.200000000000000
73.2,133,104.4,70,5.0,5815,9.084955752212390
73.2,133,104.4,70,14.0,5815,19.677876106194700
73.2,133,104.4,70,24.0,5815,31.44778761061950
69.5,123,98.5,70,0.0,5173,-0.5
69.5,123,98.5,70,5.0,5173,4.942477876106200
69.5,123,98.5,70,14.0,5173,14.738938053097300
69.5,123,98.5,70,24.0,5173,25.623893805309700
65.8,115,92.9,70,0.0,4549,-4.200000000000000
65.8,115,92.9,70,5.0,4549,0.888495575221242
65.8,115,92.9,70,14.0,4549,10.047787610619500
65.8,115,92.9,70,24.0,4549,20.22477876106190
72.1,136,97.3,71,0.0,6407,1.0999999999999900
72.1,136,97.3,71,5.0,6407,7.117699115044250
72.1,136,97.3,71,14.0,6407,17.949557522123900
72.1,136,97.3,71,24.0,6407,29.984955752212400
70.4,131,94.7,71,0.0,6126,-0.5999999999999940
70.4,131,94.7,71,5.0,6126,5.1964601769911500
70.4,131,94.7,71,14.0,6126,15.630088495575200
70.4,131,94.7,71,24.0,6126,27.22300884955750
67.8,127,91.3,71,0.0,5587,-3.200000000000000
67.8,127,91.3,71,5.0,5587,2.4194690265486700
67.8,127,91.3,71,14.0,5587,12.534513274336300
67.8,127,91.3,71,24.0,5587,23.773451327433600
76.0,138,108.5,73,0.0,6126,3.0
76.0,138,108.5,73,5.0,6126,9.106194690265480
76.0,138,108.5,73,14.0,6126,20.097345132743400
76.0,138,108.5,73,24.0,6126,32.309734513274300
73.2,131,104.0,72,0.0,5587,1.2000000000000000
73.2,131,104.0,72,5.0,5587,6.99646017699115
73.2,131,104.0,72,14.0,5587,17.43008849557520
73.2,131,104.0,72,24.0,5587,29.023008849557500
68.6,121,97.2,72,0.0,4764,-3.4000000000000100
68.6,121,97.2,72,5.0,4764,1.9539823008849500
68.6,121,97.2,72,14.0,4764,11.591150442477900
68.6,121,97.2,72,24.0,4764,22.299115044247800
61.6,104,80.9,64,0.0,4511,-2.4000000000000000
61.6,104,80.9,64,5.0,4511,2.201769911504430
61.6,104,80.9,64,14.0,4511,10.484955752212400
61.6,104,80.9,64,24.0,4511,19.68849557522120
60.8,102,79.9,64,0.0,4256,-3.200000000000000
60.8,102,79.9,64,5.0,4256,1.313274336283190
60.8,102,79.9,64,14.0,4256,9.43716814159292
60.8,102,79.9,64,24.0,4256,18.463716814159300
63.8,103,88.0,64,0.0,4240,-0.20000000000000300
63.8,103,88.0,64,5.0,4240,4.357522123893800
63.8,103,88.0,64,14.0,4240,12.561061946902700
63.8,103,88.0,64,24.0,4240,21.676106194690300
62.7,101,86.5,64,0.0,3956,-1.3000000000000000
62.7,101,86.5,64,5.0,3956,3.1690265486725800
62.7,101,86.5,64,14.0,3956,11.213274336283200
62.7,101,86.5,64,24.0,3956,20.151327433628300
72.3,124,95.3,72,0.0,6708,0.29999999999999700
72.3,124,95.3,72,5.0,6708,5.786725663716810
72.3,124,95.3,72,14.0,6708,15.662831858407100
72.3,124,95.3,72,24.0,6708,26.63628318584070
70.6,122,93.2,72,0.0,6338,-1.4000000000000100
70.6,122,93.2,72,5.0,6338,3.998230088495580
70.6,122,93.2,72,14.0,6338,13.715044247787600
70.6,122,93.2,72,24.0,6338,24.51150442477880
66.2,114,87.6,72,0.0,5477,-5.800000000000000
66.2,114,87.6,72,5.0,5477,-0.7557522123893820
66.2,114,87.6,72,14.0,5477,8.323893805309740
66.2,114,87.6,72,24.0,5477,18.412389380531000
72.1,122,100.7,72,0.0,5477,0.09999999999999430
72.1,122,100.7,72,5.0,5477,5.498230088495580
72.1,122,100.7,72,14.0,5477,15.215044247787600
72.1,122,100.7,72,24.0,5477,26.01150442477880
70.2,120,92.5,72,0.0,6478,-1.8000000000000000
70.2,120,92.5,72,5.0,6478,3.5097345132743400
70.2,120,92.5,72,14.0,6478,13.067256637168100
70.2,120,92.5,72,24.0,6478,23.686725663716800
68.7,115,89.7,72,0.0,6140,-3.300000000000000
68.7,115,89.7,72,5.0,6140,1.7884955752212500
68.7,115,89.7,72,14.0,6140,10.947787610619500
68.7,115,89.7,72,24.0,6140,21.124778761061900
65.7,108,85.6,72,0.0,5526,-6.300000000000000
65.7,108,85.6,72,5.0,5526,-1.521238938053090
65.7,108,85.6,72,14.0,5526,7.0805309734513300
65.7,108,85.6,72,24.0,5526,16.638053097345100
62.5,100,80.5,72,0.0,4877,-9.5
62.5,100,80.5,72,5.0,4877,-5.075221238938060
62.5,100,80.5,72,14.0,4877,2.8893805309734500
62.5,100,80.5,72,24.0,4877,11.738938053097300
76.8,132,108.5,73,0.0,6478,3.800000000000000
76.8,132,108.5,73,5.0,6478,9.640707964601770
76.8,132,108.5,73,14.0,6478,20.153982300885000
76.8,132,108.5,73,24.0,6478,31.835398230088500
75.0,127,104.6,72,0.0,6137,3.0
75.0,127,104.6,72,5.0,6137,8.619469026548670
75.0,127,104.6,72,14.0,6137,18.73451327433630
75.0,127,104.6,72,24.0,6137,29.973451327433600
71.4,119,98.8,72,0.0,5526,-0.5999999999999940
71.4,119,98.8,72,5.0,5526,4.665486725663730
71.4,119,98.8,72,14.0,5526,14.143362831858400
71.4,119,98.8,72,24.0,5526,24.674336283185900
67.5,110,92.8,72,0.0,4877,-4.5
67.5,110,92.8,72,5.0,4877,0.36725663716814000
67.5,110,92.8,72,14.0,4877,9.128318584070800
67.5,110,92.8,72,24.0,4877,18.862831858407100
70.2,127,93.8,70,0.0,6111,0.20000000000000300
70.2,127,93.8,70,5.0,6111,5.819469026548670
70.2,127,93.8,70,14.0,6111,15.934513274336300
70.2,127,93.8,70,24.0,6111,27.17345132743360
67.1,121,89.6,68,0.0,5648,-0.9000000000000060
67.1,121,89.6,68,5.0,5648,4.453982300884950
67.1,121,89.6,68,14.0,5648,14.091150442477900
67.1,121,89.6,68,24.0,5648,24.799115044247800
65.7,114,86.9,67,0.0,5301,-1.3000000000000000
65.7,114,86.9,67,5.0,5301,3.744247787610620
65.7,114,86.9,67,14.0,5301,12.823893805309700
65.7,114,86.9,67,24.0,5301,22.912389380531000
63.9,109,84.1,67,0.0,4806,-3.1000000000000000
63.9,109,84.1,67,5.0,4806,1.723008849557520
63.9,109,84.1,67,14.0,4806,10.404424778761100
63.9,109,84.1,67,24.0,4806,20.050442477876100
73.3,131,104.3,71,0.0,5648,2.300000000000000
73.3,131,104.3,71,5.0,5648,8.096460176991140
73.3,131,104.3,71,14.0,5648,18.530088495575200
73.3,131,104.3,71,24.0,5648,30.12300884955750
71.8,129,102.1,71,0.0,5301,0.7999999999999970
71.8,129,102.1,71,5.0,5301,6.507964601769910
71.8,129,102.1,71,14.0,5301,16.782300884955700
71.8,129,102.1,71,24.0,5301,28.198230088495600
69.3,118,97.1,70,0.0,4806,-0.7000000000000030
69.3,118,97.1,70,5.0,4806,4.521238938053100
69.3,118,97.1,70,14.0,4806,13.919469026548700
69.3,118,97.1,70,24.0,4806,24.361946902654900
68.2,114,89.4,72,0.0,5824,-3.800000000000000
68.2,114,89.4,72,5.0,5824,1.2442477876106200
68.2,114,89.4,72,14.0,5824,10.323893805309700
68.2,114,89.4,72,24.0,5824,20.412389380531000
64.2,105,83.8,72,0.0,4920,-7.800000000000000
64.2,105,83.8,72,5.0,4920,-3.153982300884950
64.2,105,83.8,72,14.0,4920,5.208849557522130
64.2,105,83.8,72,24.0,4920,14.500884955752200
67.8,112,94.1,72,0.0,4854,-4.200000000000000
67.8,112,94.1,72,5.0,4854,0.7557522123893820
67.8,112,94.1,72,14.0,4854,9.676106194690260
67.8,112,94.1,72,24.0,4854,19.587610619469000
68.8,121,91.2,70,0.0,5862,-1.2000000000000000
68.8,121,91.2,70,5.0,5862,4.153982300884950
68.8,121,91.2,70,14.0,5862,13.791150442477900
68.8,121,91.2,70,24.0,5862,24.499115044247800
68.1,119,90.2,70,0.0,5663,-1.9000000000000100
68.1,119,90.2,70,5.0,5663,3.3654867256637100
68.1,119,90.2,70,14.0,5663,12.8433628318584
68.1,119,90.2,70,24.0,5663,23.37433628318580
67.4,117,89.2,70,0.0,5464,-2.5999999999999900
67.4,117,89.2,70,5.0,5464,2.576991150442480
67.4,117,89.2,70,14.0,5464,11.895575221238900
67.4,117,89.2,70,24.0,5464,22.249557522123900
66.7,116,88.3,70,0.0,5335,-3.300000000000000
66.7,116,88.3,70,5.0,5335,1.832743362831860
66.7,116,88.3,70,14.0,5335,11.071681415929200
66.7,116,88.3,70,24.0,5335,21.337168141592900
66.0,114,87.2,70,0.0,5206,-4.0
66.0,114,87.2,70,5.0,5206,1.0442477876106200
66.0,114,87.2,70,14.0,5206,10.123893805309700
66.0,114,87.2,70,24.0,5206,20.212389380531000
71.0,122,99.6,70,0.0,5206,1.0
71.0,122,99.6,70,5.0,5206,6.3982300884955800
71.0,122,99.6,70,14.0,5206,16.11504424778760
71.0,122,99.6,70,24.0,5206,26.911504424778800
69.1,116,96.4,70,0.0,4909,-0.9000000000000060
69.1,116,96.4,70,5.0,4909,4.2327433628318500
69.1,116,96.4,70,14.0,4909,13.471681415929200
69.1,116,96.4,70,24.0,4909,23.737168141592900
67.4,111,93.6,70,0.0,4612,-2.5999999999999900
67.4,111,93.6,70,5.0,4612,2.311504424778760
67.4,111,93.6,70,14.0,4612,11.152212389380500
67.4,111,93.6,70,24.0,4612,20.97522123893810
70.0,124,93.0,70,0.0,6180,0.0
70.0,124,93.0,70,5.0,6180,5.486725663716810
70.0,124,93.0,70,14.0,6180,15.362831858407100
70.0,124,93.0,70,24.0,6180,26.3362831858407
68.1,116,89.7,70,0.0,5859,-1.9000000000000100
68.1,116,89.7,70,5.0,5859,3.2327433628318500
68.1,116,89.7,70,14.0,5859,12.471681415929200
68.1,116,89.7,70,24.0,5859,22.737168141592900
74.1,123,103.1,70,0.0,5859,4.099999999999990
74.1,123,103.1,70,5.0,5859,9.54247787610619
74.1,123,103.1,70,14.0,5859,19.338938053097300
74.1,123,103.1,70,24.0,5859,30.22389380530970
72.2,119,100.2,70,0.0,5537,2.200000000000000
72.2,119,100.2,70,5.0,5537,7.465486725663720
72.2,119,100.2,70,14.0,5537,16.94336283185840
72.2,119,100.2,70,24.0,5537,27.47433628318590
68.5,114,95.4,70,0.0,4904,-1.5
68.5,114,95.4,70,5.0,4904,3.5442477876106200
68.5,114,95.4,70,14.0,4904,12.623893805309700
68.5,114,95.4,70,24.0,4904,22.712389380531000
68.3,127,91.8,70,0.0,5790,-1.7000000000000000
68.3,127,91.8,70,5.0,5790,3.9194690265486700
68.3,127,91.8,70,14.0,5790,14.034513274336300
68.3,127,91.8,70,24.0,5790,25.273451327433600
66.0,117,87.7,70,0.0,5280,-4.0
66.0,117,87.7,70,5.0,5280,1.1769911504424800
66.0,117,87.7,70,14.0,5280,10.495575221238900
66.0,117,87.7,70,24.0,5280,20.849557522123900
63.4,106,83.1,70,0.0,4825,-6.600000000000000
63.4,106,83.1,70,5.0,4825,-1.9097345132743400
63.4,106,83.1,70,14.0,4825,6.532743362831850
63.4,106,83.1,70,24.0,4825,15.91327433628320
70.5,125,100.0,71,0.0,5280,-0.5
70.5,125,100.0,71,5.0,5280,5.030973451327440
70.5,125,100.0,71,14.0,5280,14.986725663716800
70.5,125,100.0,71,24.0,5280,26.04867256637170
67.9,123,96.8,71,0.0,4825,-3.0999999999999900
67.9,123,96.8,71,5.0,4825,2.3424778761062000
67.9,123,96.8,71,14.0,4825,12.138938053097300
67.9,123,96.8,71,24.0,4825,23.02389380530970
66.6,120,94.7,71,0.0,4585,-4.400000000000010
66.6,120,94.7,71,5.0,4585,0.90973451327433
66.6,120,94.7,71,14.0,4585,10.467256637168100
66.6,120,94.7,71,24.0,4585,21.086725663716800
67.3,119,89.3,69,0.0,5633,-1.7000000000000000
67.3,119,89.3,69,5.0,5633,3.5654867256637200
67.3,119,89.3,69,14.0,5633,13.043362831858400
67.3,119,89.3,69,24.0,5633,23.574336283185800
65.7,117,87.3,69,0.0,5312,-3.300000000000000
65.7,117,87.3,69,5.0,5312,1.8769911504424800
65.7,117,87.3,69,14.0,5312,11.19557522123890
65.7,117,87.3,69,24.0,5312,21.549557522123900
66.0,115,93.0,69,0.0,4424,-3.0
66.0,115,93.0,69,5.0,4424,2.088495575221250
66.0,115,93.0,69,14.0,4424,11.247787610619500
66.0,115,93.0,69,24.0,4424,21.424778761061900
69.8,130,94.0,70,0.0,5962,-0.20000000000000300
69.8,130,94.0,70,5.0,5962,5.552212389380530
69.8,130,94.0,70,14.0,5962,15.90619469026550
69.8,130,94.0,70,24.0,5962,27.410619469026500
69.2,128,93.0,70,0.0,5852,-0.7999999999999970
69.2,128,93.0,70,5.0,5852,4.8637168141592900
69.2,128,93.0,70,14.0,5852,15.058407079646000
69.2,128,93.0,70,24.0,5852,26.385840707964600
68.6,125,91.8,70,0.0,5742,-1.4000000000000100
68.6,125,91.8,70,5.0,5742,4.130973451327440
68.6,125,91.8,70,14.0,5742,14.086725663716800
68.6,125,91.8,70,24.0,5742,25.148672566371700
67.0,124,89.9,70,0.0,5389,-3.0
67.0,124,89.9,70,5.0,5389,2.486725663716810
67.0,124,89.9,70,14.0,5389,12.362831858407100
67.0,124,89.9,70,24.0,5389,23.3362831858407
71.5,124,100.6,70,0.0,5232,1.5
71.5,124,100.6,70,5.0,5232,6.986725663716810
71.5,124,100.6,70,14.0,5232,16.862831858407100
71.5,124,100.6,70,24.0,5232,27.8362831858407
71.1,124,100.3,70,0.0,5134,1.0999999999999900
71.1,124,100.3,70,5.0,5134,6.5867256637168100
71.1,124,100.3,70,14.0,5134,16.46283185840710
71.1,124,100.3,70,24.0,5134,27.436283185840700
70.8,124,100.0,70,0.0,5036,0.7999999999999970
70.8,124,100.0,70,5.0,5036,6.286725663716810
70.8,124,100.0,70,14.0,5036,16.162831858407100
70.8,124,100.0,70,24.0,5036,27.13628318584070
65.3,109,85.5,67,0.0,5424,-1.7000000000000000
65.3,109,85.5,67,5.0,5424,3.1230088495575200
65.3,109,85.5,67,14.0,5424,11.80442477876110
65.3,109,85.5,67,24.0,5424,21.450442477876100
63.7,105,83.2,67,0.0,5078,-3.300000000000000
63.7,105,83.2,67,5.0,5078,1.3460176991150500
63.7,105,83.2,67,14.0,5078,9.708849557522130
63.7,105,83.2,67,24.0,5078,19.000884955752200
70.5,116,97.9,69,0.0,5424,1.5
70.5,116,97.9,69,5.0,5424,6.63274336283186
70.5,116,97.9,69,14.0,5424,15.871681415929200
70.5,116,97.9,69,24.0,5424,26.137168141592900
68.1,111,94.3,69,0.0,4988,-0.9000000000000060
68.1,111,94.3,69,5.0,4988,4.0115044247787500
68.1,111,94.3,69,14.0,4988,12.852212389380500
68.1,111,94.3,69,24.0,4988,22.67522123893810
66.8,108,92.3,69,0.0,4745,-2.200000000000000
66.8,108,92.3,69,5.0,4745,2.5787610619469100
66.8,108,92.3,69,14.0,4745,11.180530973451300
66.8,108,92.3,69,24.0,4745,20.73805309734510
65.1,112,85.9,66,0.0,5107,-0.9000000000000060
65.1,112,85.9,66,5.0,5107,4.055752212389380
65.1,112,85.9,66,14.0,5107,12.97610619469030
65.1,112,85.9,66,24.0,5107,22.88761061946900
63.6,110,84.0,66,0.0,4829,-2.4000000000000000
63.6,110,84.0,66,5.0,4829,2.4672566371681500
63.6,110,84.0,66,14.0,4829,11.228318584070800
63.6,110,84.0,66,24.0,4829,20.96283185840710
65.6,102,89.5,66,0.0,4294,-0.4000000000000060
65.6,102,89.5,66,5.0,4294,4.113274336283180
65.6,102,89.5,66,14.0,4294,12.237168141592900
65.6,102,89.5,66,24.0,4294,21.26371681415930
64.6,97,87.3,66,0.0,4244,-1.4000000000000100
64.6,97,87.3,66,5.0,4244,2.892035398230080
64.6,97,87.3,66,14.0,4244,10.617699115044200
64.6,97,87.3,66,24.0,4244,19.201769911504400
67.8,125,91.0,71,0.0,5660,-3.200000000000000
67.8,125,91.0,71,5.0,5660,2.3309734513274200
67.8,125,91.0,71,14.0,5660,12.286725663716800
67.8,125,91.0,71,24.0,5660,23.348672566371700
67.2,123,90.2,71,0.0,5542,-3.800000000000000
67.2,123,90.2,71,5.0,5542,1.6424778761062000
67.2,123,90.2,71,14.0,5542,11.438938053097300
67.2,123,90.2,71,24.0,5542,22.323893805309700
66.1,121,88.7,71,0.0,5301,-4.900000000000010
66.1,121,88.7,71,5.0,5301,0.4539823008849450
66.1,121,88.7,71,14.0,5301,10.091150442477900
66.1,121,88.7,71,24.0,5301,20.799115044247800
70.8,127,100.9,71,0.0,5301,-0.20000000000000300
70.8,127,100.9,71,5.0,5301,5.4194690265486700
70.8,127,100.9,71,14.0,5301,15.534513274336300
70.8,127,100.9,71,24.0,5301,26.773451327433600
60.3,100,78.8,62,0.0,4255,-1.7000000000000000
60.3,100,78.8,62,5.0,4255,2.724778761061940
60.3,100,78.8,62,14.0,4255,10.689380530973500
60.3,100,78.8,62,24.0,4255,19.53893805309730
59.9,99,78.3,62,0.0,4111,-2.1000000000000000
59.9,99,78.3,62,5.0,4111,2.28053097345132
59.9,99,78.3,62,14.0,4111,10.165486725663700
59.9,99,78.3,62,24.0,4111,18.92654867256640
59.0,96,76.7,62,0.0,3790,-3.0
59.0,96,76.7,62,5.0,3790,1.2477876106194700
59.0,96,76.7,62,14.0,3790,8.893805309734520
59.0,96,76.7,62,24.0,3790,17.389380530973500
62.3,101,86.1,62,0.0,4109,0.29999999999999700
62.3,101,86.1,62,5.0,4109,4.769026548672570
62.3,101,86.1,62,14.0,4109,12.813274336283200
62.3,101,86.1,62,24.0,4109,21.75132743362830
60.4,97,83.1,62,0.0,3790,-1.6000000000000000
60.4,97,83.1,62,5.0,3790,2.6920353982300900
60.4,97,83.1,62,14.0,3790,10.417699115044200
60.4,97,83.1,62,24.0,3790,19.001769911504400
73.3,133,98.0,72,0.0,6997,1.3000000000000000
73.3,133,98.0,72,5.0,6997,7.184955752212390
73.3,133,98.0,72,14.0,6997,17.777876106194700
73.3,133,98.0,72,24.0,6997,29.547787610619500
72.3,131,96.6,72,0.0,6772,0.29999999999999700
72.3,131,96.6,72,5.0,6772,6.096460176991140
72.3,131,96.6,72,14.0,6772,16.530088495575200
72.3,131,96.6,72,24.0,6772,28.12300884955750
70.5,128,94.2,72,0.0,6381,-1.5
70.5,128,94.2,72,5.0,6381,4.163716814159290
70.5,128,94.2,72,14.0,6381,14.358407079646000
70.5,128,94.2,72,24.0,6381,25.6858407079646
69.0,125,92.2,72,0.0,6073,-3.0
69.0,125,92.2,72,5.0,6073,2.5309734513274400
69.0,125,92.2,72,14.0,6073,12.486725663716800
69.0,125,92.2,72,24.0,6073,23.54867256637170
67.0,121,89.4,72,0.0,5624,-5.0
67.0,121,89.4,72,5.0,5624,0.353982300884951
67.0,121,89.4,72,14.0,5624,9.991150442477870
67.0,121,89.4,72,24.0,5624,20.69911504424780
65.1,117,86.8,72,0.0,5194,-6.900000000000010
65.1,117,86.8,72,5.0,5194,-1.7230088495575300
65.1,117,86.8,72,14.0,5194,7.595575221238930
65.1,117,86.8,72,24.0,5194,17.949557522123900
74.6,127,104.5,72,0.0,6073,2.5999999999999900
74.6,127,104.5,72,5.0,6073,8.219469026548670
74.6,127,104.5,72,14.0,6073,18.334513274336300
74.6,127,104.5,72,24.0,6073,29.573451327433600
72.1,125,101.6,72,0.0,5624,0.09999999999999430
72.1,125,101.6,72,5.0,5624,5.630973451327440
72.1,125,101.6,72,14.0,5624,15.586725663716800
72.1,125,101.6,72,24.0,5624,26.648672566371700
69.8,120,98.1,72,0.0,5194,-2.200000000000000
69.8,120,98.1,72,5.0,5194,3.109734513274330
69.8,120,98.1,72,14.0,5194,12.667256637168100
69.8,120,98.1,72,24.0,5194,23.286725663716800
67.7,126,91.1,70,0.0,5545,-2.300000000000000
67.7,126,91.1,70,5.0,5545,3.275221238938060
67.7,126,91.1,70,14.0,5545,13.310619469026500
67.7,126,91.1,70,24.0,5545,24.46106194690270
66.7,121,89.1,70,0.0,5296,-3.300000000000000
66.7,121,89.1,70,5.0,5296,2.053982300884950
66.7,121,89.1,70,14.0,5296,11.691150442477900
66.7,121,89.1,70,24.0,5296,22.399115044247800
70.0,124,99.2,72,0.0,4978,-2.0
70.0,124,99.2,72,5.0,4978,3.486725663716810
70.0,124,99.2,72,14.0,4978,13.362831858407100
70.0,124,99.2,72,24.0,4978,24.3362831858407
71.7,122,94.3,71,0.0,6505,0.7000000000000030
71.7,122,94.3,71,5.0,6505,6.098230088495580
71.7,122,94.3,71,14.0,6505,15.815044247787600
71.7,122,94.3,71,24.0,6505,26.611504424778800
70.2,120,92.5,70,0.0,6165,0.20000000000000300
70.2,120,92.5,70,5.0,6165,5.5097345132743400
70.2,120,92.5,70,14.0,6165,15.067256637168100
70.2,120,92.5,70,24.0,6165,25.686725663716800
68.1,116,89.6,68,0.0,5758,0.09999999999999430
68.1,116,89.6,68,5.0,5758,5.2327433628318500
68.1,116,89.6,68,14.0,5758,14.471681415929200
68.1,116,89.6,68,24.0,5758,24.737168141592900
77.5,135,109.4,75,0.0,6505,2.5
77.5,135,109.4,75,5.0,6505,8.473451327433620
77.5,135,109.4,75,14.0,6505,19.225663716814200
77.5,135,109.4,75,24.0,6505,31.172566371681400
75.7,131,106.6,75,0.0,6165,0.7000000000000030
75.7,131,106.6,75,5.0,6165,6.49646017699115
75.7,131,106.6,75,14.0,6165,16.93008849557520
75.7,131,106.6,75,24.0,6165,28.523008849557500
73.5,127,103.3,74,0.0,5758,-0.5
73.5,127,103.3,74,5.0,5758,5.119469026548670
73.5,127,103.3,74,14.0,5758,15.23451327433630
73.5,127,103.3,74,24.0,5758,26.473451327433600
69.2,113,90.2,70,0.0,6010,-0.7999999999999970
69.2,113,90.2,70,5.0,6010,4.200000000000000
69.2,113,90.2,70,14.0,6010,13.200000000000000
69.2,113,90.2,70,24.0,6010,23.200000000000000
72.2,119,100.3,71,0.0,5523,1.2000000000000000
72.2,119,100.3,71,5.0,5523,6.465486725663720
72.2,119,100.3,71,14.0,5523,15.943362831858400
72.2,119,100.3,71,24.0,5523,26.47433628318590
69.7,123,92.5,70,0.0,6105,-0.29999999999999700
69.7,123,92.5,70,5.0,6105,5.142477876106200
69.7,123,92.5,70,14.0,6105,14.938938053097300
69.7,123,92.5,70,24.0,6105,25.823893805309700
68.5,117,90.2,70,0.0,5849,-1.5
68.5,117,90.2,70,5.0,5849,3.6769911504424800
68.5,117,90.2,70,14.0,5849,12.995575221238900
68.5,117,90.2,70,24.0,5849,23.349557522123900
70.7,128,100.8,71,0.0,5239,-0.29999999999999700
70.7,128,100.8,71,5.0,5239,5.3637168141592900
70.7,128,100.8,71,14.0,5239,15.558407079646000
70.7,128,100.8,71,24.0,5239,26.885840707964600
74.8,144,101.5,70,0.0,6913,4.800000000000000
74.8,144,101.5,70,5.0,6913,11.1716814159292
74.8,144,101.5,70,14.0,6913,22.640707964601800
74.8,144,101.5,70,24.0,6913,35.38407079646020
73.6,140,99.6,71,0.0,6608,2.5999999999999900
73.6,140,99.6,71,5.0,6608,8.794690265486720
73.6,140,99.6,71,14.0,6608,19.94513274336280
73.6,140,99.6,71,24.0,6608,32.334513274336300
73.1,136,98.4,71,0.0,6456,2.0999999999999900
73.1,136,98.4,71,5.0,6456,8.117699115044250
73.1,136,98.4,71,14.0,6456,18.949557522123900
73.1,136,98.4,71,24.0,6456,30.984955752212400
72.1,134,96.9,71,0.0,6265,1.0999999999999900
72.1,134,96.9,71,5.0,6265,7.029203539823000
72.1,134,96.9,71,14.0,6265,17.701769911504400
72.1,134,96.9,71,24.0,6265,29.560176991150400
71.2,132,95.6,71,0.0,6125,0.20000000000000300
71.2,132,95.6,71,5.0,6125,6.040707964601780
71.2,132,95.6,71,14.0,6125,16.553982300885000
71.2,132,95.6,71,24.0,6125,28.235398230088500
69.5,129,93.4,71,0.0,5771,-1.5
69.5,129,93.4,71,5.0,5771,4.207964601769920
69.5,129,93.4,71,14.0,5771,14.482300884955700
69.5,129,93.4,71,24.0,5771,25.89823008849560
67.7,125,90.9,71,0.0,5371,-3.300000000000000
67.7,125,90.9,71,5.0,5371,2.2309734513274300
67.7,125,90.9,71,14.0,5371,12.186725663716800
67.7,125,90.9,71,24.0,5371,23.24867256637170
65.0,120,87.2,71,0.0,4728,-6.0
65.0,120,87.2,71,5.0,4728,-0.6902654867256640
65.0,120,87.2,71,14.0,4728,8.86725663716814
65.0,120,87.2,71,24.0,4728,19.48672566371680
63.4,117,85.0,71,0.0,4219,-7.600000000000000
63.4,117,85.0,71,5.0,4219,-2.423008849557520
63.4,117,85.0,71,14.0,4219,6.895575221238940
63.4,117,85.0,71,24.0,4219,17.249557522123900
78.0,143,111.8,71,0.0,6265,7.0
78.0,143,111.8,71,5.0,6265,13.327433628318600
78.0,143,111.8,71,14.0,6265,24.716814159292000
78.0,143,111.8,71,24.0,6265,37.3716814159292
77.2,140,110.2,71,0.0,6125,6.200000000000000
77.2,140,110.2,71,5.0,6125,12.39469026548670
77.2,140,110.2,71,14.0,6125,23.545132743362800
77.2,140,110.2,71,24.0,6125,35.93451327433630
74.6,136,106.6,71,0.0,5771,3.5999999999999900
74.6,136,106.6,71,5.0,5771,9.617699115044250
74.6,136,106.6,71,14.0,5771,20.449557522123900
74.6,136,106.6,71,24.0,5771,32.484955752212400
71.8,129,102.2,71,0.0,5371,0.7999999999999970
71.8,129,102.2,71,5.0,5371,6.507964601769910
71.8,129,102.2,71,14.0,5371,16.782300884955700
71.8,129,102.2,71,24.0,5371,28.198230088495600
68.2,122,96.8,71,0.0,4728,-2.800000000000000
68.2,122,96.8,71,5.0,4728,2.5982300884955800
68.2,122,96.8,71,14.0,4728,12.315044247787600
68.2,122,96.8,71,24.0,4728,23.111504424778800
65.5,117,93.0,71,0.0,4219,-5.5
65.5,117,93.0,71,5.0,4219,-0.3230088495575250
65.5,117,93.0,71,14.0,4219,8.995575221238940
65.5,117,93.0,71,24.0,4219,19.349557522123900
70.9,121,93.3,72,0.0,6652,-1.0999999999999900
70.9,121,93.3,72,5.0,6652,4.253982300884960
70.9,121,93.3,72,14.0,6652,13.89115044247790
70.9,121,93.3,72,24.0,6652,24.599115044247800
68.6,115,89.9,72,0.0,6161,-3.4000000000000100
68.6,115,89.9,72,5.0,6161,1.6884955752212400
68.6,115,89.9,72,14.0,6161,10.847787610619500
68.6,115,89.9,72,24.0,6161,21.02477876106190
65.6,108,85.7,72,0.0,5588,-6.400000000000010
65.6,108,85.7,72,5.0,5588,-1.6212389380531000
65.6,108,85.7,72,14.0,5588,6.980530973451320
65.6,108,85.7,72,24.0,5588,16.538053097345100
61.7,99,80.1,72,0.0,4677,-10.300000000000000
61.7,99,80.1,72,5.0,4677,-5.9194690265486700
61.7,99,80.1,72,14.0,4677,1.9654867256637200
61.7,99,80.1,72,24.0,4677,10.726548672566400
60.6,98,78.7,72,0.0,4341,-11.400000000000000
60.6,98,78.7,72,5.0,4341,-7.063716814159290
60.6,98,78.7,72,14.0,4341,0.7415929203539800
60.6,98,78.7,72,24.0,4341,9.414159292035410
56.4,85,72.2,72,0.0,3015,-15.600000000000000
56.4,85,72.2,72,5.0,3015,-11.838938053097300
56.4,85,72.2,72,14.0,3015,-5.069026548672570
56.4,85,72.2,72,24.0,3015,2.4530973451327300
74.1,121,102.6,72,0.0,6161,2.0999999999999900
74.1,121,102.6,72,5.0,6161,7.453982300884950
74.1,121,102.6,72,14.0,6161,17.09115044247790
74.1,121,102.6,72,24.0,6161,27.799115044247800
69.6,111,95.8,72,0.0,5355,-2.4000000000000100
69.6,111,95.8,72,5.0,5355,2.5115044247787500
69.6,111,95.8,72,14.0,5355,11.352212389380500
69.6,111,95.8,72,24.0,5355,21.17522123893810
65.9,103,90.1,72,0.0,4677,-6.099999999999990
65.9,103,90.1,72,5.0,4677,-1.5424778761061900
65.9,103,90.1,72,14.0,4677,6.661061946902660
65.9,103,90.1,72,24.0,4677,15.776106194690300
64.1,98,87.1,72,0.0,4341,-7.900000000000010
64.1,98,87.1,72,5.0,4341,-3.5637168141592900
64.1,98,87.1,72,14.0,4341,4.24159292035398
64.1,98,87.1,72,24.0,4341,12.914159292035400
57.3,85,77.3,72,0.0,3015,-14.700000000000000
57.3,85,77.3,72,5.0,3015,-10.938938053097300
57.3,85,77.3,72,14.0,3015,-4.169026548672580
57.3,85,77.3,72,24.0,3015,3.3530973451327400
73.8,131,98.2,70,0.0,6803,3.800000000000000
73.8,131,98.2,70,5.0,6803,9.596460176991140
73.8,131,98.2,70,14.0,6803,20.030088495575200
73.8,131,98.2,70,24.0,6803,31.62300884955750
72.7,129,96.7,70,0.0,6602,2.700000000000000
72.7,129,96.7,70,5.0,6602,8.407964601769920
72.7,129,96.7,70,14.0,6602,18.68230088495580
72.7,129,96.7,70,24.0,6602,30.09823008849560
70.8,124,93.7,70,0.0,6257,0.7999999999999970
70.8,124,93.7,70,5.0,6257,6.286725663716810
70.8,124,93.7,70,14.0,6257,16.162831858407100
70.8,124,93.7,70,24.0,6257,27.13628318584070
65.2,115,86.5,70,0.0,6257,-4.800000000000000
65.2,115,86.5,70,5.0,6257,0.2884955752212480
65.2,115,86.5,70,14.0,6257,9.447787610619470
65.2,115,86.5,70,24.0,6257,19.624778761061900
68.0,122,90.6,70,0.0,5730,-2.0
68.0,122,90.6,70,5.0,5730,3.3982300884955800
68.0,122,90.6,70,14.0,5730,13.115044247787600
68.0,122,90.6,70,24.0,5730,23.911504424778800
60.1,103,79.2,66,0.0,3958,-5.900000000000000
60.1,103,79.2,66,5.0,3958,-1.3424778761061900
60.1,103,79.2,66,14.0,3958,6.861061946902650
60.1,103,79.2,66,24.0,3958,15.97610619469030
77.5,137,109.8,73,0.0,6273,4.5
77.5,137,109.8,73,5.0,6273,10.561946902654900
77.5,137,109.8,73,14.0,6273,21.473451327433600
77.5,137,109.8,73,24.0,6273,33.59734513274340
72.3,125,101.6,70,0.0,5422,2.300000000000000
72.3,125,101.6,70,5.0,5422,7.830973451327420
72.3,125,101.6,70,14.0,5422,17.78672566371680
72.3,125,101.6,70,24.0,5422,28.848672566371700
74.0,129,104.3,70,0.0,5422,4.0
74.0,129,104.3,70,5.0,5422,9.707964601769920
74.0,129,104.3,70,14.0,5422,19.982300884955700
74.0,129,104.3,70,24.0,5422,31.39823008849560
70.5,121,98.9,70,0.0,5083,0.5
70.5,121,98.9,70,5.0,5083,5.853982300884950
70.5,121,98.9,70,14.0,5083,15.491150442477900
70.5,121,98.9,70,24.0,5083,26.19911504424780
63.1,105,87.7,66,0.0,3958,-2.9000000000000000
63.1,105,87.7,66,5.0,3958,1.7460176991150400
63.1,105,87.7,66,14.0,3958,10.10884955752210
63.1,105,87.7,66,24.0,3958,19.40088495575220
69.5,120,91.8,70,0.0,6229,-0.5
69.5,120,91.8,70,5.0,6229,4.809734513274340
69.5,120,91.8,70,14.0,6229,14.36725663716810
69.5,120,91.8,70,24.0,6229,24.98672566371680
68.4,118,90.3,70,0.0,5969,-1.5999999999999900
68.4,118,90.3,70,5.0,5969,3.6212389380531000
68.4,118,90.3,70,14.0,5969,13.019469026548700
68.4,118,90.3,70,24.0,5969,23.461946902654900
64.9,112,85.6,70,0.0,5222,-5.099999999999990
64.9,112,85.6,70,5.0,5222,-0.14424778761061000
64.9,112,85.6,70,14.0,5222,8.776106194690270
64.9,112,85.6,70,24.0,5222,18.68761061946900
63.2,107,83.1,70,0.0,4775,-6.800000000000000
63.2,107,83.1,70,5.0,4775,-2.0654867256637200
63.2,107,83.1,70,14.0,4775,6.456637168141600
63.2,107,83.1,70,24.0,4775,15.92566371681420
75.4,129,105.8,70,0.0,6229,5.400000000000010
75.4,129,105.8,70,5.0,6229,11.107964601769900
75.4,129,105.8,70,14.0,6229,21.382300884955800
75.4,129,105.8,70,24.0,6229,32.798230088495600
73.9,127,103.7,70,0.0,5969,3.9000000000000100
73.9,127,103.7,70,5.0,5969,9.519469026548680
73.9,127,103.7,70,14.0,5969,19.634513274336300
73.9,127,103.7,70,24.0,5969,30.873451327433600
69.7,118,97.4,70,0.0,5222,-0.29999999999999700
69.7,118,97.4,70,5.0,5222,4.921238938053110
69.7,118,97.4,70,14.0,5222,14.319469026548700
69.7,118,97.4,70,24.0,5222,24.76194690265490
67.3,112,93.7,70,0.0,4775,-2.700000000000000
67.3,112,93.7,70,5.0,4775,2.255752212389380
67.3,112,93.7,70,14.0,4775,11.176106194690300
67.3,112,93.7,70,24.0,4775,21.087610619469000
72.2,124,95.3,71,0.0,7007,1.2000000000000000
72.2,124,95.3,71,5.0,7007,6.686725663716810
72.2,124,95.3,71,14.0,7007,16.56283185840710
72.2,124,95.3,71,24.0,7007,27.536283185840700
70.6,122,93.2,71,0.0,6672,-0.4000000000000060
70.6,122,93.2,71,5.0,6672,4.998230088495580
70.6,122,93.2,71,14.0,6672,14.715044247787600
70.6,122,93.2,71,24.0,6672,25.51150442477880
69.3,119,91.3,71,0.0,6366,-1.7000000000000000
69.3,119,91.3,71,5.0,6366,3.5654867256637200
69.3,119,91.3,71,14.0,6366,13.043362831858400
69.3,119,91.3,71,24.0,6366,23.574336283185800
68.0,117,89.6,71,0.0,6094,-3.0
68.0,117,89.6,71,5.0,6094,2.1769911504424800
68.0,117,89.6,71,14.0,6094,11.495575221238900
68.0,117,89.6,71,24.0,6094,21.849557522123900
66.5,112,87.3,71,0.0,5742,-4.5
66.5,112,87.3,71,5.0,5742,0.4557522123893850
66.5,112,87.3,71,14.0,5742,9.376106194690270
66.5,112,87.3,71,24.0,5742,19.287610619469000
65.7,111,86.2,71,0.0,5566,-5.300000000000000
65.7,111,86.2,71,5.0,5566,-0.388495575221242
65.7,111,86.2,71,14.0,5566,8.452212389380530
65.7,111,86.2,71,24.0,5566,18.27522123893810
64.9,107,84.7,71,0.0,5344,-6.099999999999990
64.9,107,84.7,71,5.0,5344,-1.3654867256637100
64.9,107,84.7,71,14.0,5344,7.1566371681416
64.9,107,84.7,71,24.0,5344,16.62566371681420
62.8,101,81.6,71,0.0,4956,-8.200000000000000
62.8,101,81.6,71,5.0,4956,-3.7309734513274300
62.8,101,81.6,71,14.0,4956,4.313274336283190
62.8,101,81.6,71,24.0,4956,13.251327433628300
76.7,134,108.3,75,0.0,6366,1.7000000000000000
76.7,134,108.3,75,5.0,6366,7.62920353982301
76.7,134,108.3,75,14.0,6366,18.301769911504400
76.7,134,108.3,75,24.0,6366,30.16017699115050
75.3,131,106.1,71,0.0,6094,4.300000000000000
75.3,131,106.1,71,5.0,6094,10.096460176991100
75.3,131,106.1,71,14.0,6094,20.530088495575200
75.3,131,106.1,71,24.0,6094,32.12300884955750
73.2,127,103.0,71,0.0,5742,2.200000000000000
73.2,127,103.0,71,5.0,5742,7.819469026548670
73.2,127,103.0,71,14.0,5742,17.934513274336300
73.2,127,103.0,71,24.0,5742,29.17345132743360
70.9,123,99.9,71,0.0,5344,-0.09999999999999430
70.9,123,99.9,71,5.0,5344,5.3424778761062000
70.9,123,99.9,71,14.0,5344,15.138938053097300
70.9,123,99.9,71,24.0,5344,26.02389380530970
68.7,118,96.4,71,0.0,4956,-2.300000000000000
68.7,118,96.4,71,5.0,4956,2.921238938053110
68.7,118,96.4,71,14.0,4956,12.319469026548700
68.7,118,96.4,71,24.0,4956,22.76194690265490
62.4,102,81.2,66,0.0,4922,-3.6000000000000000
62.4,102,81.2,66,5.0,4922,0.9132743362831800
62.4,102,81.2,66,14.0,4922,9.037168141592920
62.4,102,81.2,66,24.0,4922,18.063716814159300
60.6,99,79.0,66,0.0,4470,-5.400000000000000
60.6,99,79.0,66,5.0,4470,-1.019469026548680
60.6,99,79.0,66,14.0,4470,6.865486725663720
60.6,99,79.0,66,24.0,4470,15.626548672566400
64.6,98,87.8,66,0.0,4368,-1.4000000000000100
64.6,98,87.8,66,5.0,4368,2.9362831858407100
64.6,98,87.8,66,14.0,4368,10.74159292035400
64.6,98,87.8,66,24.0,4368,19.414159292035400
60.8,95,83.2,66,0.0,3744,-5.200000000000000
60.8,95,83.2,66,5.0,3744,-0.9964601769911500
60.8,95,83.2,66,14.0,3744,6.5699115044247800
60.8,95,83.2,66,24.0,3744,14.976991150442500